0 verbose cli D:\ECO_Voice\.tools\node-v22.20.0-win-x64\node.exe D:\ECO_Voice\.tools\node-v22.20.0-win-x64\node_modules\npm\bin\npm-cli.js
1 info using npm@10.9.3
2 info using node@v22.20.0
3 silly config load:file:D:\ECO_Voice\.tools\node-v22.20.0-win-x64\node_modules\npm\npmrc
4 silly config load:file:C:\Users\sjmit\.npmrc
5 silly config load:file:D:\ECO_Voice\.tools\edge-impulse\etc\npmrc
6 verbose title npm install edge-impulse-cli
7 verbose argv "install" "--global" "edge-impulse-cli" "--loglevel" "info"
8 verbose logfile logs-max:10 dir:D:\ECO_Voice\.tools\npm-cache\_logs\2026-04-16T20_46_40_604Z-
9 verbose logfile D:\ECO_Voice\.tools\npm-cache\_logs\2026-04-16T20_46_40_604Z-debug-0.log
10 silly packumentCache heap:2095054848 maxSize:523763712 maxEntrySize:261881856
11 silly logfile done cleaning log files
12 silly idealTree buildDeps
13 silly fetch manifest edge-impulse-cli@*
14 silly packumentCache full:https://registry.npmjs.org/edge-impulse-cli cache-miss
15 http fetch GET 200 https://registry.npmjs.org/edge-impulse-cli 1731ms (cache revalidated)
16 silly packumentCache full:https://registry.npmjs.org/edge-impulse-cli set size:493592 disposed:false
17 silly placeDep ROOT edge-impulse-cli@1.38.0 OK for:  want: *
18 silly fetch manifest @aws-sdk/client-iot-data-plane@3.624.0
19 silly packumentCache full:https://registry.npmjs.org/@aws-sdk%2fclient-iot-data-plane cache-miss
20 silly fetch manifest @aws-sdk/client-s3@3.635.0
21 silly packumentCache full:https://registry.npmjs.org/@aws-sdk%2fclient-s3 cache-miss
22 silly fetch manifest @aws-sdk/client-secrets-manager@3.624.0
23 silly packumentCache full:https://registry.npmjs.org/@aws-sdk%2fclient-secrets-manager cache-miss
24 silly fetch manifest @types/uuid@10.0.0
25 silly packumentCache full:https://registry.npmjs.org/@types%2fuuid cache-miss
26 silly fetch manifest @xmldom/xmldom@0.8.10
27 silly packumentCache full:https://registry.npmjs.org/@xmldom%2fxmldom cache-miss
28 silly fetch manifest @zeit/dockerignore@0.0.5
29 silly packumentCache full:https://registry.npmjs.org/@zeit%2fdockerignore cache-miss
30 silly fetch manifest async-mutex@0.2.6
31 silly packumentCache full:https://registry.npmjs.org/async-mutex cache-miss
32 http fetch GET 200 https://registry.npmjs.org/@types%2fuuid 426ms (cache revalidated)
33 silly packumentCache full:https://registry.npmjs.org/@types%2fuuid set size:118952 disposed:false
34 silly fetch manifest buffer@6.0.3
35 silly packumentCache full:https://registry.npmjs.org/buffer cache-miss
36 http fetch GET 200 https://registry.npmjs.org/async-mutex 472ms (cache revalidated)
37 silly packumentCache full:https://registry.npmjs.org/async-mutex set size:76106 disposed:false
38 silly fetch manifest cbor@5.0.2
39 silly packumentCache full:https://registry.npmjs.org/cbor cache-miss
40 http fetch GET 200 https://registry.npmjs.org/@xmldom%2fxmldom 500ms (cache revalidated)
41 silly packumentCache full:https://registry.npmjs.org/@xmldom%2fxmldom set size:160709 disposed:false
42 silly fetch manifest cli-progress@3.8.2
43 silly packumentCache full:https://registry.npmjs.org/cli-progress cache-miss
44 http fetch GET 200 https://registry.npmjs.org/cbor 129ms (cache revalidated)
45 silly packumentCache full:https://registry.npmjs.org/cbor set size:204729 disposed:false
46 silly fetch manifest commander@5.1.0
47 silly packumentCache full:https://registry.npmjs.org/commander cache-miss
48 http fetch GET 200 https://registry.npmjs.org/buffer 187ms (cache revalidated)
49 silly packumentCache full:https://registry.npmjs.org/buffer set size:280480 disposed:false
50 silly fetch manifest crc@4.3.2
51 silly packumentCache full:https://registry.npmjs.org/crc cache-miss
52 http fetch GET 200 https://registry.npmjs.org/@aws-sdk%2fclient-s3 690ms (cache updated)
53 silly packumentCache full:https://registry.npmjs.org/@aws-sdk%2fclient-s3 set size:undefined disposed:false
54 silly fetch manifest express@4.21.2
55 silly packumentCache full:https://registry.npmjs.org/express cache-miss
56 http fetch GET 200 https://registry.npmjs.org/cli-progress 422ms (cache revalidated)
57 silly packumentCache full:https://registry.npmjs.org/cli-progress set size:128562 disposed:false
58 silly fetch manifest image-size@1.0.2
59 silly packumentCache full:https://registry.npmjs.org/image-size cache-miss
60 http fetch GET 200 https://registry.npmjs.org/commander 321ms (cache revalidated)
61 silly packumentCache full:https://registry.npmjs.org/commander set size:306325 disposed:false
62 silly fetch manifest inquirer@7.0.0
63 silly packumentCache full:https://registry.npmjs.org/inquirer cache-miss
64 http fetch GET 200 https://registry.npmjs.org/crc 332ms (cache revalidated)
65 silly packumentCache full:https://registry.npmjs.org/crc set size:82778 disposed:false
66 silly fetch manifest inquirer-search-list@1.2.6
67 silly packumentCache full:https://registry.npmjs.org/inquirer-search-list cache-miss
68 http fetch GET 200 https://registry.npmjs.org/express 286ms (cache updated)
69 silly packumentCache full:https://registry.npmjs.org/express set size:undefined disposed:false
70 silly fetch manifest jpeg-js@0.4.4
71 silly packumentCache full:https://registry.npmjs.org/jpeg-js cache-miss
72 http fetch GET 200 https://registry.npmjs.org/inquirer 331ms (cache revalidated)
73 silly packumentCache full:https://registry.npmjs.org/inquirer set size:611775 disposed:false
74 silly fetch manifest js-yaml@4.1.0
75 silly packumentCache full:https://registry.npmjs.org/js-yaml cache-miss
76 http fetch GET 200 https://registry.npmjs.org/@aws-sdk%2fclient-secrets-manager 1298ms (cache updated)
77 silly packumentCache full:https://registry.npmjs.org/@aws-sdk%2fclient-secrets-manager set size:undefined disposed:false
78 silly fetch manifest npm-registry-fetch@17.1.0
79 silly packumentCache full:https://registry.npmjs.org/npm-registry-fetch cache-miss
80 http fetch GET 200 https://registry.npmjs.org/jpeg-js 309ms (cache revalidated)
81 silly packumentCache full:https://registry.npmjs.org/jpeg-js set size:51042 disposed:false
82 silly fetch manifest papaparse@5.4.1
83 silly packumentCache full:https://registry.npmjs.org/papaparse cache-miss
84 http fetch GET 200 https://registry.npmjs.org/js-yaml 152ms (cache revalidated)
85 silly packumentCache full:https://registry.npmjs.org/js-yaml set size:152232 disposed:false
86 silly fetch manifest serialport@8.0.8
87 silly packumentCache full:https://registry.npmjs.org/serialport cache-miss
88 http fetch GET 200 https://registry.npmjs.org/papaparse 95ms (cache revalidated)
89 silly packumentCache full:https://registry.npmjs.org/papaparse set size:113290 disposed:false
90 silly fetch manifest sharp@0.32.6
91 silly packumentCache full:https://registry.npmjs.org/sharp cache-miss
92 http fetch GET 200 https://registry.npmjs.org/inquirer-search-list 1030ms (cache revalidated)
93 silly packumentCache full:https://registry.npmjs.org/inquirer-search-list set size:22793 disposed:false
94 silly fetch manifest socket.io@4.8.1
95 silly packumentCache full:https://registry.npmjs.org/socket.io cache-miss
96 http fetch GET 200 https://registry.npmjs.org/npm-registry-fetch 870ms (cache revalidated)
97 silly packumentCache full:https://registry.npmjs.org/npm-registry-fetch set size:279416 disposed:false
98 silly fetch manifest tar@6.2.1
99 silly packumentCache full:https://registry.npmjs.org/tar cache-miss
100 http fetch GET 200 https://registry.npmjs.org/@zeit%2fdockerignore 2222ms (cache revalidated)
101 silly packumentCache full:https://registry.npmjs.org/@zeit%2fdockerignore set size:29386 disposed:false
102 silly fetch manifest tiny-async-pool@1.1.0
103 silly packumentCache full:https://registry.npmjs.org/tiny-async-pool cache-miss
104 http fetch GET 200 https://registry.npmjs.org/image-size 1499ms (cache revalidated)
105 silly packumentCache full:https://registry.npmjs.org/image-size set size:155542 disposed:false
106 silly fetch manifest tsee@1.3.4
107 silly packumentCache full:https://registry.npmjs.org/tsee cache-miss
108 http fetch GET 200 https://registry.npmjs.org/serialport 1157ms (cache revalidated)
109 silly packumentCache full:https://registry.npmjs.org/serialport set size:490346 disposed:false
110 silly fetch manifest undici@5.29.0
111 silly packumentCache full:https://registry.npmjs.org/undici cache-miss
112 http fetch GET 200 https://registry.npmjs.org/sharp 1575ms (cache revalidated)
113 silly packumentCache full:https://registry.npmjs.org/sharp set size:1043822 disposed:false
114 silly fetch manifest ws@7.5.10
115 silly packumentCache full:https://registry.npmjs.org/ws cache-miss
116 http fetch GET 200 https://registry.npmjs.org/socket.io 1196ms (cache revalidated)
117 silly packumentCache full:https://registry.npmjs.org/socket.io set size:379231 disposed:false
118 silly fetch manifest yauzl@2.10.0
119 silly packumentCache full:https://registry.npmjs.org/yauzl cache-miss
120 http fetch GET 200 https://registry.npmjs.org/tar 1031ms (cache revalidated)
121 silly packumentCache full:https://registry.npmjs.org/tar set size:531438 disposed:false
122 http fetch GET 200 https://registry.npmjs.org/tiny-async-pool 1064ms (cache revalidated)
123 silly packumentCache full:https://registry.npmjs.org/tiny-async-pool set size:34350 disposed:false
124 http fetch GET 200 https://registry.npmjs.org/tsee 868ms (cache revalidated)
125 silly packumentCache full:https://registry.npmjs.org/tsee set size:22675 disposed:false
126 http fetch GET 200 https://registry.npmjs.org/@aws-sdk%2fclient-iot-data-plane 3390ms (cache updated)
127 silly packumentCache full:https://registry.npmjs.org/@aws-sdk%2fclient-iot-data-plane set size:undefined disposed:false
128 http fetch GET 200 https://registry.npmjs.org/yauzl 386ms (cache revalidated)
129 silly packumentCache full:https://registry.npmjs.org/yauzl set size:101008 disposed:false
130 http fetch GET 200 https://registry.npmjs.org/ws 697ms (cache revalidated)
131 silly packumentCache full:https://registry.npmjs.org/ws set size:415737 disposed:false
132 http fetch GET 200 https://registry.npmjs.org/undici 1867ms (cache revalidated)
133 silly packumentCache full:https://registry.npmjs.org/undici set size:1370112 disposed:false
134 silly fetch manifest bufferutil@^4.0.1
135 silly packumentCache full:https://registry.npmjs.org/bufferutil cache-miss
136 http fetch GET 200 https://registry.npmjs.org/bufferutil 155ms (cache revalidated)
137 silly packumentCache full:https://registry.npmjs.org/bufferutil set size:52763 disposed:false
138 silly fetch manifest utf-8-validate@^5.0.2
139 silly packumentCache full:https://registry.npmjs.org/utf-8-validate cache-miss
140 http fetch GET 200 https://registry.npmjs.org/utf-8-validate 93ms (cache revalidated)
141 silly packumentCache full:https://registry.npmjs.org/utf-8-validate set size:77148 disposed:false
142 silly placeDep node_modules/edge-impulse-cli @aws-sdk/client-iot-data-plane@3.624.0 OK for: edge-impulse-cli@1.38.0 want: 3.624.0
143 silly placeDep node_modules/edge-impulse-cli @aws-sdk/client-s3@3.635.0 OK for: edge-impulse-cli@1.38.0 want: 3.635.0
144 silly placeDep node_modules/edge-impulse-cli @aws-sdk/client-secrets-manager@3.624.0 OK for: edge-impulse-cli@1.38.0 want: 3.624.0
145 silly placeDep node_modules/edge-impulse-cli @types/uuid@10.0.0 OK for: edge-impulse-cli@1.38.0 want: 10.0.0
146 silly placeDep node_modules/edge-impulse-cli @xmldom/xmldom@0.8.10 OK for: edge-impulse-cli@1.38.0 want: 0.8.10
147 silly placeDep node_modules/edge-impulse-cli @zeit/dockerignore@0.0.5 OK for: edge-impulse-cli@1.38.0 want: 0.0.5
148 silly placeDep node_modules/edge-impulse-cli async-mutex@0.2.6 OK for: edge-impulse-cli@1.38.0 want: 0.2.6
149 silly placeDep node_modules/edge-impulse-cli buffer@6.0.3 OK for: edge-impulse-cli@1.38.0 want: 6.0.3
150 silly placeDep node_modules/edge-impulse-cli cbor@5.0.2 OK for: edge-impulse-cli@1.38.0 want: 5.0.2
151 silly placeDep node_modules/edge-impulse-cli cli-progress@3.8.2 OK for: edge-impulse-cli@1.38.0 want: 3.8.2
152 silly placeDep node_modules/edge-impulse-cli commander@5.1.0 OK for: edge-impulse-cli@1.38.0 want: 5.1.0
153 silly placeDep node_modules/edge-impulse-cli crc@4.3.2 OK for: edge-impulse-cli@1.38.0 want: 4.3.2
154 silly placeDep node_modules/edge-impulse-cli express@4.21.2 OK for: edge-impulse-cli@1.38.0 want: 4.21.2
155 silly placeDep node_modules/edge-impulse-cli image-size@1.0.2 OK for: edge-impulse-cli@1.38.0 want: 1.0.2
156 silly placeDep node_modules/edge-impulse-cli inquirer@7.0.0 OK for: edge-impulse-cli@1.38.0 want: 7.0.0
157 silly placeDep node_modules/edge-impulse-cli inquirer-search-list@1.2.6 OK for: edge-impulse-cli@1.38.0 want: 1.2.6
158 silly placeDep node_modules/edge-impulse-cli jpeg-js@0.4.4 OK for: edge-impulse-cli@1.38.0 want: 0.4.4
159 silly placeDep node_modules/edge-impulse-cli js-yaml@4.1.0 OK for: edge-impulse-cli@1.38.0 want: 4.1.0
160 silly placeDep node_modules/edge-impulse-cli npm-registry-fetch@17.1.0 OK for: edge-impulse-cli@1.38.0 want: 17.1.0
161 silly placeDep node_modules/edge-impulse-cli papaparse@5.4.1 OK for: edge-impulse-cli@1.38.0 want: 5.4.1
162 silly placeDep node_modules/edge-impulse-cli serialport@8.0.8 OK for: edge-impulse-cli@1.38.0 want: 8.0.8
163 silly placeDep node_modules/edge-impulse-cli sharp@0.32.6 OK for: edge-impulse-cli@1.38.0 want: 0.32.6
164 silly placeDep node_modules/edge-impulse-cli socket.io@4.8.1 OK for: edge-impulse-cli@1.38.0 want: 4.8.1
165 silly placeDep node_modules/edge-impulse-cli tar@6.2.1 OK for: edge-impulse-cli@1.38.0 want: 6.2.1
166 silly placeDep node_modules/edge-impulse-cli tiny-async-pool@1.1.0 OK for: edge-impulse-cli@1.38.0 want: 1.1.0
167 silly placeDep node_modules/edge-impulse-cli tsee@1.3.4 OK for: edge-impulse-cli@1.38.0 want: 1.3.4
168 silly placeDep node_modules/edge-impulse-cli undici@5.29.0 OK for: edge-impulse-cli@1.38.0 want: 5.29.0
169 silly placeDep node_modules/edge-impulse-cli ws@7.5.10 OK for: edge-impulse-cli@1.38.0 want: 7.5.10
170 silly placeDep node_modules/edge-impulse-cli yauzl@2.10.0 OK for: edge-impulse-cli@1.38.0 want: 2.10.0
171 silly fetch manifest tslib@^2.6.2
172 silly packumentCache full:https://registry.npmjs.org/tslib cache-miss
173 silly fetch manifest @smithy/core@^2.3.2
174 silly packumentCache full:https://registry.npmjs.org/@smithy%2fcore cache-miss
175 silly fetch manifest @aws-sdk/core@3.624.0
176 silly packumentCache full:https://registry.npmjs.org/@aws-sdk%2fcore cache-miss
177 silly fetch manifest @smithy/types@^3.3.0
178 silly packumentCache full:https://registry.npmjs.org/@smithy%2ftypes cache-miss
179 silly fetch manifest @aws-sdk/types@3.609.0
180 silly packumentCache full:https://registry.npmjs.org/@aws-sdk%2ftypes cache-miss
181 silly fetch manifest @smithy/hash-node@^3.0.3
182 silly packumentCache full:https://registry.npmjs.org/@smithy%2fhash-node cache-miss
183 silly fetch manifest @smithy/util-utf8@^3.0.0
184 silly packumentCache full:https://registry.npmjs.org/@smithy%2futil-utf8 cache-miss
185 http fetch GET 200 https://registry.npmjs.org/tslib 1309ms (cache revalidated)
186 silly packumentCache full:https://registry.npmjs.org/tslib set size:108760 disposed:false
187 silly fetch manifest @smithy/url-parser@^3.0.3
188 silly packumentCache full:https://registry.npmjs.org/@smithy%2furl-parser cache-miss
189 http fetch GET 200 https://registry.npmjs.org/@smithy%2fcore 1339ms (cache revalidated)
190 silly packumentCache full:https://registry.npmjs.org/@smithy%2fcore set size:567413 disposed:false
191 silly fetch manifest @smithy/util-retry@^3.0.3
192 silly packumentCache full:https://registry.npmjs.org/@smithy%2futil-retry cache-miss
193 http fetch GET 200 https://registry.npmjs.org/@smithy%2ftypes 1417ms (cache revalidated)
194 silly packumentCache full:https://registry.npmjs.org/@smithy%2ftypes set size:188679 disposed:false
195 silly fetch manifest @aws-sdk/client-sts@3.624.0
196 silly packumentCache full:https://registry.npmjs.org/@aws-sdk%2fclient-sts cache-miss
197 http fetch GET 200 https://registry.npmjs.org/@smithy%2futil-utf8 1423ms (cache revalidated)
198 silly packumentCache full:https://registry.npmjs.org/@smithy%2futil-utf8 set size:50817 disposed:false
199 silly fetch manifest @smithy/util-base64@^3.0.0
200 silly packumentCache full:https://registry.npmjs.org/@smithy%2futil-base64 cache-miss
201 http fetch GET 200 https://registry.npmjs.org/@smithy%2furl-parser 215ms (cache revalidated)
202 silly packumentCache full:https://registry.npmjs.org/@smithy%2furl-parser set size:190843 disposed:false
203 silly fetch manifest @smithy/util-stream@^3.1.3
204 silly packumentCache full:https://registry.npmjs.org/@smithy%2futil-stream cache-miss
205 http fetch GET 200 https://registry.npmjs.org/@aws-sdk%2ftypes 1547ms (cache updated)
206 silly packumentCache full:https://registry.npmjs.org/@aws-sdk%2ftypes set size:undefined disposed:false
207 silly fetch manifest @aws-crypto/sha256-js@5.2.0
208 silly packumentCache full:https://registry.npmjs.org/@aws-crypto%2fsha256-js cache-miss
209 http fetch GET 200 https://registry.npmjs.org/@smithy%2futil-base64 155ms (cache revalidated)
210 silly packumentCache full:https://registry.npmjs.org/@smithy%2futil-base64 set size:57505 disposed:false
211 silly fetch manifest @smithy/protocol-http@^4.1.0
212 silly packumentCache full:https://registry.npmjs.org/@smithy%2fprotocol-http cache-miss
213 http fetch GET 200 https://registry.npmjs.org/@aws-sdk%2fcore 1695ms (cache updated)
214 silly packumentCache full:https://registry.npmjs.org/@aws-sdk%2fcore set size:undefined disposed:false
215 silly fetch manifest @smithy/smithy-client@^3.1.12
216 silly packumentCache full:https://registry.npmjs.org/@smithy%2fsmithy-client cache-miss
217 http fetch GET 200 https://registry.npmjs.org/@aws-crypto%2fsha256-js 162ms (cache revalidated)
218 silly packumentCache full:https://registry.npmjs.org/@aws-crypto%2fsha256-js set size:54628 disposed:false
219 silly fetch manifest @smithy/util-endpoints@^2.0.5
220 silly packumentCache full:https://registry.npmjs.org/@smithy%2futil-endpoints cache-miss
221 http fetch GET 200 https://registry.npmjs.org/@smithy%2fprotocol-http 125ms (cache revalidated)
222 silly packumentCache full:https://registry.npmjs.org/@smithy%2fprotocol-http set size:202364 disposed:false
223 silly fetch manifest @aws-sdk/util-endpoints@3.614.0
224 silly packumentCache full:https://registry.npmjs.org/@aws-sdk%2futil-endpoints cache-miss
225 http fetch GET 200 https://registry.npmjs.org/@smithy%2futil-retry 392ms (cache revalidated)
226 silly packumentCache full:https://registry.npmjs.org/@smithy%2futil-retry set size:188246 disposed:false
227 silly fetch manifest @smithy/config-resolver@^3.0.5
228 silly packumentCache full:https://registry.npmjs.org/@smithy%2fconfig-resolver cache-miss
229 http fetch GET 200 https://registry.npmjs.org/@smithy%2fhash-node 1773ms (cache revalidated)
230 silly packumentCache full:https://registry.npmjs.org/@smithy%2fhash-node set size:202467 disposed:false
231 silly fetch manifest @smithy/util-middleware@^3.0.3
232 silly packumentCache full:https://registry.npmjs.org/@smithy%2futil-middleware cache-miss
233 http fetch GET 200 https://registry.npmjs.org/@smithy%2fsmithy-client 133ms (cache revalidated)
234 silly packumentCache full:https://registry.npmjs.org/@smithy%2fsmithy-client set size:544216 disposed:false
235 silly fetch manifest @aws-sdk/client-sso-oidc@3.624.0
236 silly packumentCache full:https://registry.npmjs.org/@aws-sdk%2fclient-sso-oidc cache-miss
237 http fetch GET 200 https://registry.npmjs.org/@smithy%2futil-endpoints 160ms (cache revalidated)
238 silly packumentCache full:https://registry.npmjs.org/@smithy%2futil-endpoints set size:173659 disposed:false
239 silly fetch manifest @smithy/middleware-retry@^3.0.14
240 silly packumentCache full:https://registry.npmjs.org/@smithy%2fmiddleware-retry cache-miss
241 http fetch GET 200 https://registry.npmjs.org/@smithy%2fconfig-resolver 163ms (cache revalidated)
242 silly packumentCache full:https://registry.npmjs.org/@smithy%2fconfig-resolver set size:263930 disposed:false
243 silly fetch manifest @smithy/middleware-serde@^3.0.3
244 silly packumentCache full:https://registry.npmjs.org/@smithy%2fmiddleware-serde cache-miss
245 http fetch GET 200 https://registry.npmjs.org/@smithy%2futil-middleware 165ms (cache revalidated)
246 silly packumentCache full:https://registry.npmjs.org/@smithy%2futil-middleware set size:160338 disposed:false
247 silly fetch manifest @smithy/middleware-stack@^3.0.3
248 silly packumentCache full:https://registry.npmjs.org/@smithy%2fmiddleware-stack cache-miss
249 http fetch GET 200 https://registry.npmjs.org/@smithy%2fmiddleware-retry 127ms (cache revalidated)
250 silly packumentCache full:https://registry.npmjs.org/@smithy%2fmiddleware-retry set size:642073 disposed:false
251 silly fetch manifest @smithy/node-http-handler@^3.1.4
252 silly packumentCache full:https://registry.npmjs.org/@smithy%2fnode-http-handler cache-miss
253 http fetch GET 200 https://registry.npmjs.org/@smithy%2fmiddleware-stack 104ms (cache revalidated)
254 silly packumentCache full:https://registry.npmjs.org/@smithy%2fmiddleware-stack set size:167718 disposed:false
255 silly fetch manifest @aws-crypto/sha256-browser@5.2.0
256 silly packumentCache full:https://registry.npmjs.org/@aws-crypto%2fsha256-browser cache-miss
257 http fetch GET 200 https://registry.npmjs.org/@smithy%2fnode-http-handler 109ms (cache revalidated)
258 silly packumentCache full:https://registry.npmjs.org/@smithy%2fnode-http-handler set size:251990 disposed:false
259 silly fetch manifest @aws-sdk/middleware-logger@3.609.0
260 silly packumentCache full:https://registry.npmjs.org/@aws-sdk%2fmiddleware-logger cache-miss
261 http fetch GET 200 https://registry.npmjs.org/@aws-sdk%2futil-endpoints 469ms (cache updated)
262 silly packumentCache full:https://registry.npmjs.org/@aws-sdk%2futil-endpoints set size:undefined disposed:false
263 silly fetch manifest @smithy/fetch-http-handler@^3.2.4
264 silly packumentCache full:https://registry.npmjs.org/@smithy%2ffetch-http-handler cache-miss
265 http fetch GET 200 https://registry.npmjs.org/@smithy%2futil-stream 716ms (cache revalidated)
266 silly packumentCache full:https://registry.npmjs.org/@smithy%2futil-stream set size:459392 disposed:false
267 silly fetch manifest @smithy/invalid-dependency@^3.0.3
268 silly packumentCache full:https://registry.npmjs.org/@smithy%2finvalid-dependency cache-miss
269 http fetch GET 200 https://registry.npmjs.org/@smithy%2fmiddleware-serde 402ms (cache revalidated)
270 silly packumentCache full:https://registry.npmjs.org/@smithy%2fmiddleware-serde set size:230587 disposed:false
271 silly fetch manifest @smithy/middleware-endpoint@^3.1.0
272 silly packumentCache full:https://registry.npmjs.org/@smithy%2fmiddleware-endpoint cache-miss
273 http fetch GET 200 https://registry.npmjs.org/@smithy%2ffetch-http-handler 135ms (cache revalidated)
274 silly packumentCache full:https://registry.npmjs.org/@smithy%2ffetch-http-handler set size:268187 disposed:false
275 silly fetch manifest @smithy/node-config-provider@^3.1.4
276 silly packumentCache full:https://registry.npmjs.org/@smithy%2fnode-config-provider cache-miss
277 http fetch GET 200 https://registry.npmjs.org/@aws-crypto%2fsha256-browser 346ms (cache revalidated)
278 silly packumentCache full:https://registry.npmjs.org/@aws-crypto%2fsha256-browser set size:64772 disposed:false
279 silly fetch manifest @aws-sdk/util-user-agent-node@3.614.0
280 silly packumentCache full:https://registry.npmjs.org/@aws-sdk%2futil-user-agent-node cache-miss
281 http fetch GET 200 https://registry.npmjs.org/@aws-sdk%2fclient-sts 1085ms (cache updated)
282 silly packumentCache full:https://registry.npmjs.org/@aws-sdk%2fclient-sts set size:undefined disposed:false
283 silly fetch manifest @smithy/util-body-length-node@^3.0.0
284 silly packumentCache full:https://registry.npmjs.org/@smithy%2futil-body-length-node cache-miss
285 http fetch GET 200 https://registry.npmjs.org/@smithy%2fnode-config-provider 198ms (cache revalidated)
286 silly packumentCache full:https://registry.npmjs.org/@smithy%2fnode-config-provider set size:232280 disposed:false
287 silly fetch manifest @aws-sdk/middleware-user-agent@3.620.0
288 silly packumentCache full:https://registry.npmjs.org/@aws-sdk%2fmiddleware-user-agent cache-miss
289 http fetch GET 200 https://registry.npmjs.org/@smithy%2finvalid-dependency 372ms (cache revalidated)
290 silly packumentCache full:https://registry.npmjs.org/@smithy%2finvalid-dependency set size:192814 disposed:false
291 silly fetch manifest @aws-sdk/middleware-host-header@3.620.0
292 silly packumentCache full:https://registry.npmjs.org/@aws-sdk%2fmiddleware-host-header cache-miss
293 http fetch GET 200 https://registry.npmjs.org/@smithy%2futil-body-length-node 149ms (cache revalidated)
294 silly packumentCache full:https://registry.npmjs.org/@smithy%2futil-body-length-node set size:50018 disposed:false
295 silly fetch manifest @aws-sdk/region-config-resolver@3.614.0
296 silly packumentCache full:https://registry.npmjs.org/@aws-sdk%2fregion-config-resolver cache-miss
297 http fetch GET 200 https://registry.npmjs.org/@smithy%2fmiddleware-endpoint 425ms (cache revalidated)
298 silly packumentCache full:https://registry.npmjs.org/@smithy%2fmiddleware-endpoint set size:507337 disposed:false
299 silly fetch manifest @smithy/util-defaults-mode-node@^3.0.14
300 silly packumentCache full:https://registry.npmjs.org/@smithy%2futil-defaults-mode-node cache-miss
301 http fetch GET 200 https://registry.npmjs.org/@aws-sdk%2fmiddleware-logger 672ms (cache updated)
302 silly packumentCache full:https://registry.npmjs.org/@aws-sdk%2fmiddleware-logger set size:undefined disposed:false
303 silly fetch manifest @aws-sdk/util-user-agent-browser@3.609.0
304 silly packumentCache full:https://registry.npmjs.org/@aws-sdk%2futil-user-agent-browser cache-miss
305 http fetch GET 200 https://registry.npmjs.org/@aws-sdk%2fmiddleware-user-agent 378ms (cache updated)
306 silly packumentCache full:https://registry.npmjs.org/@aws-sdk%2fmiddleware-user-agent set size:undefined disposed:false
307 silly fetch manifest @smithy/util-body-length-browser@^3.0.0
308 silly packumentCache full:https://registry.npmjs.org/@smithy%2futil-body-length-browser cache-miss
309 http fetch GET 200 https://registry.npmjs.org/@aws-sdk%2fregion-config-resolver 408ms (cache updated)
310 silly packumentCache full:https://registry.npmjs.org/@aws-sdk%2fregion-config-resolver set size:undefined disposed:false
311 silly fetch manifest @aws-sdk/credential-provider-node@3.624.0
312 silly packumentCache full:https://registry.npmjs.org/@aws-sdk%2fcredential-provider-node cache-miss
313 http fetch GET 200 https://registry.npmjs.org/@aws-sdk%2futil-user-agent-node 721ms (cache updated)
314 silly packumentCache full:https://registry.npmjs.org/@aws-sdk%2futil-user-agent-node set size:undefined disposed:false
315 silly fetch manifest @smithy/middleware-content-length@^3.0.5
316 silly packumentCache full:https://registry.npmjs.org/@smithy%2fmiddleware-content-length cache-miss
317 http fetch GET 200 https://registry.npmjs.org/@aws-sdk%2fmiddleware-host-header 552ms (cache updated)
318 silly packumentCache full:https://registry.npmjs.org/@aws-sdk%2fmiddleware-host-header set size:undefined disposed:false
319 silly fetch manifest @smithy/util-defaults-mode-browser@^3.0.14
320 silly packumentCache full:https://registry.npmjs.org/@smithy%2futil-defaults-mode-browser cache-miss
321 http fetch GET 200 https://registry.npmjs.org/@aws-sdk%2futil-user-agent-browser 385ms (cache updated)
322 silly packumentCache full:https://registry.npmjs.org/@aws-sdk%2futil-user-agent-browser set size:undefined disposed:false
323 silly fetch manifest @aws-sdk/middleware-recursion-detection@3.620.0
324 silly packumentCache full:https://registry.npmjs.org/@aws-sdk%2fmiddleware-recursion-detection cache-miss
325 http fetch GET 200 https://registry.npmjs.org/@aws-sdk%2fclient-sso-oidc 1455ms (cache updated)
326 silly packumentCache full:https://registry.npmjs.org/@aws-sdk%2fclient-sso-oidc set size:undefined disposed:false
327 silly fetch manifest @smithy/core@^2.4.0
328 silly packumentCache full:https://registry.npmjs.org/@smithy%2fcore cache-hit
329 silly fetch manifest @aws-sdk/core@3.635.0
330 silly packumentCache full:https://registry.npmjs.org/@aws-sdk%2fcore cache-miss
331 http fetch GET 200 https://registry.npmjs.org/@smithy%2futil-defaults-mode-node 652ms (cache revalidated)
332 silly packumentCache full:https://registry.npmjs.org/@smithy%2futil-defaults-mode-node set size:582600 disposed:false
333 silly fetch manifest @smithy/md5-js@^3.0.3
334 silly packumentCache full:https://registry.npmjs.org/@smithy%2fmd5-js cache-miss
335 http fetch GET 200 https://registry.npmjs.org/@smithy%2futil-body-length-browser 1857ms (cache revalidated)
336 silly packumentCache full:https://registry.npmjs.org/@smithy%2futil-body-length-browser set size:43930 disposed:false
337 silly fetch manifest @aws-sdk/client-sts@3.635.0
338 silly packumentCache full:https://registry.npmjs.org/@aws-sdk%2fclient-sts cache-miss
339 http fetch GET 200 https://registry.npmjs.org/@smithy%2fmiddleware-content-length 1684ms (cache revalidated)
340 silly packumentCache full:https://registry.npmjs.org/@smithy%2fmiddleware-content-length set size:217671 disposed:false
341 silly fetch manifest @smithy/util-waiter@^3.1.2
342 silly packumentCache full:https://registry.npmjs.org/@smithy%2futil-waiter cache-miss
343 http cache https://registry.npmjs.org/@aws-sdk%2fcore 1458ms (cache hit)
344 silly packumentCache full:https://registry.npmjs.org/@aws-sdk%2fcore set size:776308 disposed:false
345 silly fetch manifest @aws-sdk/xml-builder@3.609.0
346 silly packumentCache full:https://registry.npmjs.org/@aws-sdk%2fxml-builder cache-miss
347 http fetch GET 200 https://registry.npmjs.org/@smithy%2futil-defaults-mode-browser 2012ms (cache revalidated)
348 silly packumentCache full:https://registry.npmjs.org/@smithy%2futil-defaults-mode-browser set size:528756 disposed:false
349 silly fetch manifest @smithy/smithy-client@^3.2.0
350 silly packumentCache full:https://registry.npmjs.org/@smithy%2fsmithy-client cache-hit
351 silly fetch manifest @aws-sdk/util-endpoints@3.632.0
352 silly packumentCache full:https://registry.npmjs.org/@aws-sdk%2futil-endpoints cache-miss
353 http fetch GET 200 https://registry.npmjs.org/@smithy%2fmd5-js 2008ms (cache revalidated)
354 silly packumentCache full:https://registry.npmjs.org/@smithy%2fmd5-js set size:201046 disposed:false
355 silly fetch manifest @aws-crypto/sha1-browser@5.2.0
356 silly packumentCache full:https://registry.npmjs.org/@aws-crypto%2fsha1-browser cache-miss
357 http cache https://registry.npmjs.org/@aws-sdk%2fclient-sts 763ms (cache hit)
358 silly packumentCache full:https://registry.npmjs.org/@aws-sdk%2fclient-sts set size:2685739 disposed:false
359 silly fetch manifest @aws-sdk/client-sso-oidc@3.635.0
360 silly packumentCache full:https://registry.npmjs.org/@aws-sdk%2fclient-sso-oidc cache-miss
361 http cache https://registry.npmjs.org/@aws-sdk%2fclient-sso-oidc 164ms (cache hit)
362 silly packumentCache full:https://registry.npmjs.org/@aws-sdk%2fclient-sso-oidc set size:2560623 disposed:false
363 silly fetch manifest @aws-sdk/middleware-ssec@3.609.0
364 silly packumentCache full:https://registry.npmjs.org/@aws-sdk%2fmiddleware-ssec cache-miss
365 http fetch GET 200 https://registry.npmjs.org/@smithy%2futil-waiter 1044ms (cache revalidated)
366 silly packumentCache full:https://registry.npmjs.org/@smithy%2futil-waiter set size:197148 disposed:false
367 silly fetch manifest @smithy/hash-stream-node@^3.1.2
368 silly packumentCache full:https://registry.npmjs.org/@smithy%2fhash-stream-node cache-miss
369 http cache https://registry.npmjs.org/@aws-sdk%2futil-endpoints 686ms (cache hit)
370 silly packumentCache full:https://registry.npmjs.org/@aws-sdk%2futil-endpoints set size:550836 disposed:false
371 silly fetch manifest @smithy/middleware-retry@^3.0.15
372 silly packumentCache full:https://registry.npmjs.org/@smithy%2fmiddleware-retry cache-hit
373 silly fetch manifest @smithy/hash-blob-browser@^3.1.2
374 silly packumentCache full:https://registry.npmjs.org/@smithy%2fhash-blob-browser cache-miss
375 http fetch GET 200 https://registry.npmjs.org/@aws-sdk%2fmiddleware-recursion-detection 2830ms (cache updated)
376 silly packumentCache full:https://registry.npmjs.org/@aws-sdk%2fmiddleware-recursion-detection set size:undefined disposed:false
377 silly fetch manifest @aws-sdk/middleware-sdk-s3@3.635.0
378 silly packumentCache full:https://registry.npmjs.org/@aws-sdk%2fmiddleware-sdk-s3 cache-miss
379 http fetch GET 200 https://registry.npmjs.org/@aws-crypto%2fsha1-browser 670ms (cache revalidated)
380 silly packumentCache full:https://registry.npmjs.org/@aws-crypto%2fsha1-browser set size:25749 disposed:false
381 silly fetch manifest @aws-sdk/middleware-user-agent@3.632.0
382 silly packumentCache full:https://registry.npmjs.org/@aws-sdk%2fmiddleware-user-agent cache-miss
383 http fetch GET 200 https://registry.npmjs.org/@aws-sdk%2fxml-builder 1566ms (cache updated)
384 silly packumentCache full:https://registry.npmjs.org/@aws-sdk%2fxml-builder set size:undefined disposed:false
385 silly fetch manifest @smithy/eventstream-serde-node@^3.0.5
386 silly packumentCache full:https://registry.npmjs.org/@smithy%2feventstream-serde-node cache-miss
387 http cache https://registry.npmjs.org/@aws-sdk%2fmiddleware-user-agent 700ms (cache hit)
388 silly packumentCache full:https://registry.npmjs.org/@aws-sdk%2fmiddleware-user-agent set size:1029690 disposed:false
389 silly fetch manifest @smithy/util-defaults-mode-node@^3.0.15
390 silly packumentCache full:https://registry.npmjs.org/@smithy%2futil-defaults-mode-node cache-hit
391 silly fetch manifest @aws-sdk/credential-provider-node@3.635.0
392 silly packumentCache full:https://registry.npmjs.org/@aws-sdk%2fcredential-provider-node cache-miss
393 http fetch GET 200 https://registry.npmjs.org/@smithy%2fhash-stream-node 1070ms (cache revalidated)
394 silly packumentCache full:https://registry.npmjs.org/@smithy%2fhash-stream-node set size:210065 disposed:false
395 silly fetch manifest @smithy/eventstream-serde-browser@^3.0.6
396 silly packumentCache full:https://registry.npmjs.org/@smithy%2feventstream-serde-browser cache-miss
397 http fetch GET 200 https://registry.npmjs.org/@smithy%2feventstream-serde-node 558ms (cache revalidated)
398 silly packumentCache full:https://registry.npmjs.org/@smithy%2feventstream-serde-node set size:205451 disposed:false
399 silly fetch manifest @aws-sdk/signature-v4-multi-region@3.635.0
400 silly packumentCache full:https://registry.npmjs.org/@aws-sdk%2fsignature-v4-multi-region cache-miss
401 http fetch GET 200 https://registry.npmjs.org/@smithy%2fhash-blob-browser 1117ms (cache revalidated)
402 silly packumentCache full:https://registry.npmjs.org/@smithy%2fhash-blob-browser set size:235556 disposed:false
403 silly fetch manifest @smithy/util-defaults-mode-browser@^3.0.15
404 silly packumentCache full:https://registry.npmjs.org/@smithy%2futil-defaults-mode-browser cache-hit
405 silly fetch manifest @aws-sdk/middleware-bucket-endpoint@3.620.0
406 silly packumentCache full:https://registry.npmjs.org/@aws-sdk%2fmiddleware-bucket-endpoint cache-miss
407 http fetch GET 200 https://registry.npmjs.org/@aws-sdk%2fcredential-provider-node 4045ms (cache updated)
408 silly packumentCache full:https://registry.npmjs.org/@aws-sdk%2fcredential-provider-node set size:undefined disposed:false
409 silly fetch manifest @aws-sdk/middleware-expect-continue@3.620.0
410 silly packumentCache full:https://registry.npmjs.org/@aws-sdk%2fmiddleware-expect-continue cache-miss
411 http fetch GET 200 https://registry.npmjs.org/@aws-sdk%2fmiddleware-ssec 1328ms (cache updated)
412 silly packumentCache full:https://registry.npmjs.org/@aws-sdk%2fmiddleware-ssec set size:undefined disposed:false
413 silly fetch manifest @aws-sdk/middleware-flexible-checksums@3.620.0
414 silly packumentCache full:https://registry.npmjs.org/@aws-sdk%2fmiddleware-flexible-checksums cache-miss
415 http fetch GET 200 https://registry.npmjs.org/@aws-sdk%2fmiddleware-bucket-endpoint 857ms (cache updated)
416 silly packumentCache full:https://registry.npmjs.org/@aws-sdk%2fmiddleware-bucket-endpoint set size:undefined disposed:false
417 silly fetch manifest @aws-sdk/middleware-location-constraint@3.609.0
418 silly packumentCache full:https://registry.npmjs.org/@aws-sdk%2fmiddleware-location-constraint cache-miss
419 http fetch GET 200 https://registry.npmjs.org/@aws-sdk%2fmiddleware-sdk-s3 1859ms (cache updated)
420 silly packumentCache full:https://registry.npmjs.org/@aws-sdk%2fmiddleware-sdk-s3 set size:undefined disposed:false
421 silly fetch manifest @smithy/eventstream-serde-config-resolver@^3.0.3
422 silly packumentCache full:https://registry.npmjs.org/@smithy%2feventstream-serde-config-resolver cache-miss
423 http fetch GET 200 https://registry.npmjs.org/@smithy%2feventstream-serde-browser 1402ms (cache revalidated)
424 silly packumentCache full:https://registry.npmjs.org/@smithy%2feventstream-serde-browser set size:208387 disposed:false
425 silly fetch manifest uuid@^9.0.1
426 silly packumentCache full:https://registry.npmjs.org/uuid cache-miss
427 http fetch GET 200 https://registry.npmjs.org/@aws-sdk%2fsignature-v4-multi-region 2626ms (cache updated)
428 silly packumentCache full:https://registry.npmjs.org/@aws-sdk%2fsignature-v4-multi-region set size:undefined disposed:false
429 silly fetch manifest tslib@^2.0.0
430 silly packumentCache full:https://registry.npmjs.org/tslib cache-hit
431 silly fetch manifest base64-js@^1.3.1
432 silly packumentCache full:https://registry.npmjs.org/base64-js cache-miss
433 http fetch GET 200 https://registry.npmjs.org/@aws-sdk%2fcredential-provider-node 4187ms (cache updated)
434 silly packumentCache full:https://registry.npmjs.org/@aws-sdk%2fcredential-provider-node set size:undefined disposed:false
435 silly fetch manifest ieee754@^1.2.1
436 silly packumentCache full:https://registry.npmjs.org/ieee754 cache-miss
437 http fetch GET 200 https://registry.npmjs.org/@smithy%2feventstream-serde-config-resolver 3440ms (cache revalidated)
438 silly packumentCache full:https://registry.npmjs.org/@smithy%2feventstream-serde-config-resolver set size:203769 disposed:false
439 silly fetch manifest nofilter@^1.0.3
440 silly packumentCache full:https://registry.npmjs.org/nofilter cache-miss
441 http fetch GET 200 https://registry.npmjs.org/@aws-sdk%2fmiddleware-flexible-checksums 4532ms (cache updated)
442 silly packumentCache full:https://registry.npmjs.org/@aws-sdk%2fmiddleware-flexible-checksums set size:undefined disposed:false
443 silly fetch manifest bignumber.js@^9.0.0
444 silly packumentCache full:https://registry.npmjs.org/bignumber.js cache-miss
445 http fetch GET 200 https://registry.npmjs.org/uuid 4563ms (cache revalidated)
446 silly packumentCache full:https://registry.npmjs.org/uuid set size:224608 disposed:false
447 silly fetch manifest colors@^1.1.2
448 silly packumentCache full:https://registry.npmjs.org/colors cache-miss
449 http fetch GET 200 https://registry.npmjs.org/@aws-sdk%2fmiddleware-expect-continue 5788ms (cache updated)
450 silly packumentCache full:https://registry.npmjs.org/@aws-sdk%2fmiddleware-expect-continue set size:undefined disposed:false
451 silly fetch manifest string-width@^4.2.0
452 silly packumentCache full:https://registry.npmjs.org/string-width cache-miss
453 http fetch GET 200 https://registry.npmjs.org/@aws-sdk%2fmiddleware-location-constraint 5395ms (cache updated)
454 silly packumentCache full:https://registry.npmjs.org/@aws-sdk%2fmiddleware-location-constraint set size:undefined disposed:false
455 silly fetch manifest qs@6.13.0
456 silly packumentCache full:https://registry.npmjs.org/qs cache-miss
457 http fetch GET 200 https://registry.npmjs.org/base64-js 3716ms (cache revalidated)
458 silly packumentCache full:https://registry.npmjs.org/base64-js set size:41270 disposed:false
459 silly fetch manifest depd@2.0.0
460 silly packumentCache full:https://registry.npmjs.org/depd cache-miss
461 http fetch GET 200 https://registry.npmjs.org/ieee754 2247ms (cache revalidated)
462 silly packumentCache full:https://registry.npmjs.org/ieee754 set size:34910 disposed:false
463 silly fetch manifest etag@~1.8.1
464 silly packumentCache full:https://registry.npmjs.org/etag cache-miss
465 http fetch GET 200 https://registry.npmjs.org/bignumber.js 1794ms (cache revalidated)
466 silly packumentCache full:https://registry.npmjs.org/bignumber.js set size:134493 disposed:false
467 silly fetch manifest send@0.19.0
468 silly packumentCache full:https://registry.npmjs.org/send cache-miss
469 http fetch GET 200 https://registry.npmjs.org/colors 705ms (cache revalidated)
470 silly packumentCache full:https://registry.npmjs.org/colors set size:55711 disposed:false
471 silly fetch manifest vary@~1.1.2
472 silly packumentCache full:https://registry.npmjs.org/vary cache-miss
473 http fetch GET 200 https://registry.npmjs.org/string-width 746ms (cache revalidated)
474 silly packumentCache full:https://registry.npmjs.org/string-width set size:68305 disposed:false
475 silly fetch manifest debug@2.6.9
476 silly packumentCache full:https://registry.npmjs.org/debug cache-miss
477 http fetch GET 200 https://registry.npmjs.org/etag 307ms (cache revalidated)
478 silly packumentCache full:https://registry.npmjs.org/etag set size:30032 disposed:false
479 silly fetch manifest fresh@0.5.2
480 silly packumentCache full:https://registry.npmjs.org/fresh cache-miss
481 http fetch GET 200 https://registry.npmjs.org/depd 333ms (cache revalidated)
482 silly packumentCache full:https://registry.npmjs.org/depd set size:40182 disposed:false
483 silly fetch manifest cookie@0.7.1
484 silly packumentCache full:https://registry.npmjs.org/cookie cache-miss
485 http fetch GET 200 https://registry.npmjs.org/send 194ms (cache revalidated)
486 silly packumentCache full:https://registry.npmjs.org/send set size:152810 disposed:false
487 silly fetch manifest accepts@~1.3.8
488 silly packumentCache full:https://registry.npmjs.org/accepts cache-miss
489 http fetch GET 200 https://registry.npmjs.org/qs 381ms (cache revalidated)
490 silly packumentCache full:https://registry.npmjs.org/qs set size:353582 disposed:false
491 silly fetch manifest methods@~1.1.2
492 silly packumentCache full:https://registry.npmjs.org/methods cache-miss
493 http fetch GET 200 https://registry.npmjs.org/nofilter 2438ms (cache revalidated)
494 silly packumentCache full:https://registry.npmjs.org/nofilter set size:83253 disposed:false
495 silly fetch manifest type-is@~1.6.18
496 silly packumentCache full:https://registry.npmjs.org/type-is cache-miss
497 http fetch GET 200 https://registry.npmjs.org/vary 256ms (cache revalidated)
498 silly packumentCache full:https://registry.npmjs.org/vary set size:16018 disposed:false
499 silly fetch manifest parseurl@~1.3.3
500 silly packumentCache full:https://registry.npmjs.org/parseurl cache-miss
501 http fetch GET 200 https://registry.npmjs.org/fresh 211ms (cache revalidated)
502 silly packumentCache full:https://registry.npmjs.org/fresh set size:25427 disposed:false
503 silly fetch manifest statuses@2.0.1
504 silly packumentCache full:https://registry.npmjs.org/statuses cache-miss
505 http fetch GET 200 https://registry.npmjs.org/debug 223ms (cache revalidated)
506 silly packumentCache full:https://registry.npmjs.org/debug set size:195840 disposed:false
507 silly fetch manifest encodeurl@~2.0.0
508 silly packumentCache full:https://registry.npmjs.org/encodeurl cache-miss
509 http fetch GET 200 https://registry.npmjs.org/accepts 208ms (cache revalidated)
510 silly packumentCache full:https://registry.npmjs.org/accepts set size:77054 disposed:false
511 silly fetch manifest proxy-addr@~2.0.7
512 silly packumentCache full:https://registry.npmjs.org/proxy-addr cache-miss
513 http fetch GET 200 https://registry.npmjs.org/cookie 235ms (cache revalidated)
514 silly packumentCache full:https://registry.npmjs.org/cookie set size:72891 disposed:false
515 silly fetch manifest body-parser@1.20.3
516 silly packumentCache full:https://registry.npmjs.org/body-parser cache-miss
517 http fetch GET 200 https://registry.npmjs.org/type-is 155ms (cache revalidated)
518 silly packumentCache full:https://registry.npmjs.org/type-is set size:86196 disposed:false
519 silly fetch manifest escape-html@~1.0.3
520 silly packumentCache full:https://registry.npmjs.org/escape-html cache-miss
521 http fetch GET 200 https://registry.npmjs.org/methods 226ms (cache revalidated)
522 silly packumentCache full:https://registry.npmjs.org/methods set size:12600 disposed:false
523 silly fetch manifest http-errors@2.0.0
524 silly packumentCache full:https://registry.npmjs.org/http-errors cache-miss
525 http fetch GET 200 https://registry.npmjs.org/parseurl 150ms (cache revalidated)
526 silly packumentCache full:https://registry.npmjs.org/parseurl set size:24148 disposed:false
527 silly fetch manifest on-finished@2.4.1
528 silly packumentCache full:https://registry.npmjs.org/on-finished cache-miss
529 http fetch GET 200 https://registry.npmjs.org/encodeurl 135ms (cache revalidated)
530 silly packumentCache full:https://registry.npmjs.org/encodeurl set size:12296 disposed:false
531 silly fetch manifest safe-buffer@5.2.1
532 silly packumentCache full:https://registry.npmjs.org/safe-buffer cache-miss
533 http fetch GET 200 https://registry.npmjs.org/statuses 211ms (cache revalidated)
534 silly packumentCache full:https://registry.npmjs.org/statuses set size:37117 disposed:false
535 silly fetch manifest utils-merge@1.0.1
536 silly packumentCache full:https://registry.npmjs.org/utils-merge cache-miss
537 http fetch GET 200 https://registry.npmjs.org/body-parser 184ms (cache revalidated)
538 silly packumentCache full:https://registry.npmjs.org/body-parser set size:216830 disposed:false
539 silly fetch manifest content-type@~1.0.4
540 silly packumentCache full:https://registry.npmjs.org/content-type cache-miss
541 http fetch GET 200 https://registry.npmjs.org/proxy-addr 217ms (cache revalidated)
542 silly packumentCache full:https://registry.npmjs.org/proxy-addr set size:61619 disposed:false
543 silly fetch manifest finalhandler@1.3.1
544 silly packumentCache full:https://registry.npmjs.org/finalhandler cache-miss
545 http fetch GET 200 https://registry.npmjs.org/on-finished 144ms (cache revalidated)
546 silly packumentCache full:https://registry.npmjs.org/on-finished set size:23212 disposed:false
547 silly fetch manifest range-parser@~1.2.1
548 silly packumentCache full:https://registry.npmjs.org/range-parser cache-miss
549 http fetch GET 200 https://registry.npmjs.org/escape-html 209ms (cache revalidated)
550 silly packumentCache full:https://registry.npmjs.org/escape-html set size:7345 disposed:false
551 silly fetch manifest serve-static@1.16.2
552 silly packumentCache full:https://registry.npmjs.org/serve-static cache-miss
553 http fetch GET 200 https://registry.npmjs.org/http-errors 211ms (cache revalidated)
554 silly packumentCache full:https://registry.npmjs.org/http-errors set size:71987 disposed:false
555 silly fetch manifest array-flatten@1.1.1
556 silly packumentCache full:https://registry.npmjs.org/array-flatten cache-miss
557 http fetch GET 200 https://registry.npmjs.org/safe-buffer 157ms (cache revalidated)
558 silly packumentCache full:https://registry.npmjs.org/safe-buffer set size:41183 disposed:false
559 silly fetch manifest path-to-regexp@0.1.12
560 silly packumentCache full:https://registry.npmjs.org/path-to-regexp cache-miss
561 http fetch GET 200 https://registry.npmjs.org/finalhandler 199ms (cache revalidated)
562 silly packumentCache full:https://registry.npmjs.org/finalhandler set size:79291 disposed:false
563 silly fetch manifest setprototypeof@1.2.0
564 silly packumentCache full:https://registry.npmjs.org/setprototypeof cache-miss
565 http fetch GET 200 https://registry.npmjs.org/utils-merge 262ms (cache revalidated)
566 silly packumentCache full:https://registry.npmjs.org/utils-merge set size:5237 disposed:false
567 silly fetch manifest cookie-signature@1.0.6
568 silly packumentCache full:https://registry.npmjs.org/cookie-signature cache-miss
569 http fetch GET 200 https://registry.npmjs.org/content-type 243ms (cache revalidated)
570 silly packumentCache full:https://registry.npmjs.org/content-type set size:17311 disposed:false
571 silly fetch manifest merge-descriptors@1.0.3
572 silly packumentCache full:https://registry.npmjs.org/merge-descriptors cache-miss
573 http fetch GET 200 https://registry.npmjs.org/range-parser 260ms (cache revalidated)
574 silly packumentCache full:https://registry.npmjs.org/range-parser set size:22228 disposed:false
575 silly fetch manifest content-disposition@0.5.4
576 silly packumentCache full:https://registry.npmjs.org/content-disposition cache-miss
577 http fetch GET 200 https://registry.npmjs.org/serve-static 261ms (cache revalidated)
578 silly packumentCache full:https://registry.npmjs.org/serve-static set size:150391 disposed:false
579 silly fetch manifest queue@6.0.2
580 silly packumentCache full:https://registry.npmjs.org/queue cache-miss
581 http fetch GET 200 https://registry.npmjs.org/array-flatten 251ms (cache revalidated)
582 silly packumentCache full:https://registry.npmjs.org/array-flatten set size:24005 disposed:false
583 silly fetch manifest rxjs@^6.4.0
584 silly packumentCache full:https://registry.npmjs.org/rxjs cache-miss
585 http fetch GET 200 https://registry.npmjs.org/path-to-regexp 282ms (cache revalidated)
586 silly packumentCache full:https://registry.npmjs.org/path-to-regexp set size:216334 disposed:false
587 silly fetch manifest chalk@^2.4.2
588 silly packumentCache full:https://registry.npmjs.org/chalk cache-miss
589 http fetch GET 200 https://registry.npmjs.org/setprototypeof 187ms (cache revalidated)
590 silly packumentCache full:https://registry.npmjs.org/setprototypeof set size:14532 disposed:false
591 silly fetch manifest lodash@^4.17.15
592 silly packumentCache full:https://registry.npmjs.org/lodash cache-miss
593 http fetch GET 200 https://registry.npmjs.org/merge-descriptors 187ms (cache revalidated)
594 silly packumentCache full:https://registry.npmjs.org/merge-descriptors set size:16527 disposed:false
595 silly fetch manifest figures@^3.0.0
596 silly packumentCache full:https://registry.npmjs.org/figures cache-miss
597 http fetch GET 200 https://registry.npmjs.org/cookie-signature 210ms (cache revalidated)
598 silly packumentCache full:https://registry.npmjs.org/cookie-signature set size:21777 disposed:false
599 silly fetch manifest through@^2.3.6
600 silly packumentCache full:https://registry.npmjs.org/through cache-miss
601 http fetch GET 200 https://registry.npmjs.org/content-disposition 198ms (cache revalidated)
602 silly packumentCache full:https://registry.npmjs.org/content-disposition set size:36665 disposed:false
603 silly fetch manifest cli-width@^2.0.0
604 silly packumentCache full:https://registry.npmjs.org/cli-width cache-miss
605 http fetch GET 200 https://registry.npmjs.org/queue 195ms (cache revalidated)
606 silly packumentCache full:https://registry.npmjs.org/queue set size:76287 disposed:false
607 silly fetch manifest run-async@^2.2.0
608 silly packumentCache full:https://registry.npmjs.org/run-async cache-miss
609 http fetch GET 200 https://registry.npmjs.org/chalk 131ms (cache revalidated)
610 silly packumentCache full:https://registry.npmjs.org/chalk set size:117861 disposed:false
611 silly fetch manifest cli-cursor@^3.1.0
612 silly packumentCache full:https://registry.npmjs.org/cli-cursor cache-miss
613 http fetch GET 200 https://registry.npmjs.org/lodash 186ms (cache revalidated)
614 silly packumentCache full:https://registry.npmjs.org/lodash set size:247652 disposed:false
615 silly fetch manifest strip-ansi@^5.1.0
616 silly packumentCache full:https://registry.npmjs.org/strip-ansi cache-miss
617 http fetch GET 200 https://registry.npmjs.org/figures 259ms (cache revalidated)
618 silly packumentCache full:https://registry.npmjs.org/figures set size:64597 disposed:false
619 silly fetch manifest mute-stream@0.0.8
620 silly packumentCache full:https://registry.npmjs.org/mute-stream cache-miss
621 http fetch GET 200 https://registry.npmjs.org/rxjs 439ms (cache revalidated)
622 silly packumentCache full:https://registry.npmjs.org/rxjs set size:980097 disposed:false
623 silly fetch manifest ansi-escapes@^4.2.1
624 silly packumentCache full:https://registry.npmjs.org/ansi-escapes cache-miss
625 http fetch GET 200 https://registry.npmjs.org/cli-cursor 287ms (cache revalidated)
626 silly packumentCache full:https://registry.npmjs.org/cli-cursor set size:18913 disposed:false
627 silly fetch manifest string-width@^4.1.0
628 silly packumentCache full:https://registry.npmjs.org/string-width cache-hit
629 silly fetch manifest external-editor@^3.0.3
630 silly packumentCache full:https://registry.npmjs.org/external-editor cache-miss
631 http fetch GET 200 https://registry.npmjs.org/cli-width 335ms (cache revalidated)
632 silly packumentCache full:https://registry.npmjs.org/cli-width set size:24976 disposed:false
633 silly fetch manifest chalk@^2.3.0
634 silly packumentCache full:https://registry.npmjs.org/chalk cache-hit
635 silly fetch manifest figures@^2.0.0
636 silly packumentCache full:https://registry.npmjs.org/figures cache-hit
637 silly fetch manifest fuzzy@^0.1.3
638 silly packumentCache full:https://registry.npmjs.org/fuzzy cache-miss
639 http fetch GET 200 https://registry.npmjs.org/strip-ansi 283ms (cache revalidated)
640 silly packumentCache full:https://registry.npmjs.org/strip-ansi set size:44998 disposed:false
641 silly fetch manifest inquirer@^3.3.0
642 silly packumentCache full:https://registry.npmjs.org/inquirer cache-hit
643 silly fetch manifest argparse@^2.0.1
644 silly packumentCache full:https://registry.npmjs.org/argparse cache-miss
645 http fetch GET 200 https://registry.npmjs.org/mute-stream 248ms (cache revalidated)
646 silly packumentCache full:https://registry.npmjs.org/mute-stream set size:21860 disposed:false
647 silly fetch manifest minipass@^7.0.2
648 silly packumentCache full:https://registry.npmjs.org/minipass cache-miss
649 http fetch GET 200 https://registry.npmjs.org/run-async 507ms (cache revalidated)
650 silly packumentCache full:https://registry.npmjs.org/run-async set size:30788 disposed:false
651 silly fetch manifest minizlib@^2.1.2
652 silly packumentCache full:https://registry.npmjs.org/minizlib cache-miss
653 http fetch GET 200 https://registry.npmjs.org/fuzzy 178ms (cache revalidated)
654 silly packumentCache full:https://registry.npmjs.org/fuzzy set size:12033 disposed:false
655 silly fetch manifest proc-log@^4.0.0
656 silly packumentCache full:https://registry.npmjs.org/proc-log cache-miss
657 http fetch GET 200 https://registry.npmjs.org/argparse 110ms (cache revalidated)
658 silly packumentCache full:https://registry.npmjs.org/argparse set size:49266 disposed:false
659 silly fetch manifest jsonparse@^1.3.1
660 silly packumentCache full:https://registry.npmjs.org/jsonparse cache-miss
661 http fetch GET 200 https://registry.npmjs.org/ansi-escapes 226ms (cache revalidated)
662 silly packumentCache full:https://registry.npmjs.org/ansi-escapes set size:70915 disposed:false
663 silly fetch manifest @npmcli/redact@^2.0.0
664 silly packumentCache full:https://registry.npmjs.org/@npmcli%2fredact cache-miss
665 http fetch GET 200 https://registry.npmjs.org/minipass 130ms (cache revalidated)
666 silly packumentCache full:https://registry.npmjs.org/minipass set size:276925 disposed:false
667 silly fetch manifest minipass-fetch@^3.0.0
668 silly packumentCache full:https://registry.npmjs.org/minipass-fetch cache-miss
669 http fetch GET 200 https://registry.npmjs.org/minizlib 146ms (cache revalidated)
670 silly packumentCache full:https://registry.npmjs.org/minizlib set size:62862 disposed:false
671 silly fetch manifest npm-package-arg@^11.0.0
672 silly packumentCache full:https://registry.npmjs.org/npm-package-arg cache-miss
673 http fetch GET 200 https://registry.npmjs.org/proc-log 152ms (cache revalidated)
674 silly packumentCache full:https://registry.npmjs.org/proc-log set size:33530 disposed:false
675 silly fetch manifest make-fetch-happen@^13.0.0
676 silly packumentCache full:https://registry.npmjs.org/make-fetch-happen cache-miss
677 http fetch GET 200 https://registry.npmjs.org/@npmcli%2fredact 162ms (cache revalidated)
678 silly packumentCache full:https://registry.npmjs.org/@npmcli%2fredact set size:30493 disposed:false
679 silly fetch manifest debug@^4.1.1
680 silly packumentCache full:https://registry.npmjs.org/debug cache-hit
681 silly fetch manifest @serialport/stream@^8.0.6
682 silly packumentCache full:https://registry.npmjs.org/@serialport%2fstream cache-miss
683 http fetch GET 200 https://registry.npmjs.org/jsonparse 181ms (cache revalidated)
684 silly packumentCache full:https://registry.npmjs.org/jsonparse set size:15932 disposed:false
685 silly fetch manifest @serialport/bindings@^8.0.8
686 silly packumentCache full:https://registry.npmjs.org/@serialport%2fbindings cache-miss
687 http fetch GET 200 https://registry.npmjs.org/external-editor 421ms (cache revalidated)
688 silly packumentCache full:https://registry.npmjs.org/external-editor set size:48675 disposed:false
689 silly fetch manifest @serialport/binding-mock@^8.0.6
690 silly packumentCache full:https://registry.npmjs.org/@serialport%2fbinding-mock cache-miss
691 http fetch GET 200 https://registry.npmjs.org/minipass-fetch 148ms (cache revalidated)
692 silly packumentCache full:https://registry.npmjs.org/minipass-fetch set size:106224 disposed:false
693 silly fetch manifest @serialport/parser-ready@^8.0.6
694 silly packumentCache full:https://registry.npmjs.org/@serialport%2fparser-ready cache-miss
695 http fetch GET 200 https://registry.npmjs.org/npm-package-arg 411ms (cache revalidated)
696 silly packumentCache full:https://registry.npmjs.org/npm-package-arg set size:131397 disposed:false
697 silly fetch manifest @serialport/parser-regex@^8.0.6
698 silly packumentCache full:https://registry.npmjs.org/@serialport%2fparser-regex cache-miss
699 http fetch GET 200 https://registry.npmjs.org/through 1145ms (cache revalidated)
700 silly packumentCache full:https://registry.npmjs.org/through set size:38387 disposed:false
701 silly fetch manifest @serialport/parser-cctalk@^8.0.6
702 silly packumentCache full:https://registry.npmjs.org/@serialport%2fparser-cctalk cache-miss
703 http fetch GET 200 https://registry.npmjs.org/@serialport%2fstream 951ms (cache revalidated)
704 silly packumentCache full:https://registry.npmjs.org/@serialport%2fstream set size:75131 disposed:false
705 silly fetch manifest @serialport/parser-readline@^8.0.6
706 silly packumentCache full:https://registry.npmjs.org/@serialport%2fparser-readline cache-miss
707 http fetch GET 200 https://registry.npmjs.org/make-fetch-happen 1447ms (cache revalidated)
708 silly packumentCache full:https://registry.npmjs.org/make-fetch-happen set size:373687 disposed:false
709 silly fetch manifest @serialport/parser-delimiter@^8.0.6
710 silly packumentCache full:https://registry.npmjs.org/@serialport%2fparser-delimiter cache-miss
711 http fetch GET 200 https://registry.npmjs.org/@serialport%2fparser-ready 1798ms (cache revalidated)
712 silly packumentCache full:https://registry.npmjs.org/@serialport%2fparser-ready set size:58179 disposed:false
713 silly fetch manifest @serialport/parser-byte-length@^8.0.6
714 silly packumentCache full:https://registry.npmjs.org/@serialport%2fparser-byte-length cache-miss
715 http fetch GET 200 https://registry.npmjs.org/@serialport%2fbindings 2282ms (cache revalidated)
716 silly packumentCache full:https://registry.npmjs.org/@serialport%2fbindings set size:112314 disposed:false
717 silly fetch manifest color@^4.2.3
718 silly packumentCache full:https://registry.npmjs.org/color cache-miss
719 http fetch GET 200 https://registry.npmjs.org/@serialport%2fparser-regex 2790ms (cache revalidated)
720 silly packumentCache full:https://registry.npmjs.org/@serialport%2fparser-regex set size:58180 disposed:false
721 silly fetch manifest semver@^7.5.4
722 silly packumentCache full:https://registry.npmjs.org/semver cache-miss
723 http fetch GET 200 https://registry.npmjs.org/@serialport%2fparser-delimiter 2092ms (cache revalidated)
724 silly packumentCache full:https://registry.npmjs.org/@serialport%2fparser-delimiter set size:58805 disposed:false
725 silly fetch manifest tar-fs@^3.0.4
726 silly packumentCache full:https://registry.npmjs.org/tar-fs cache-miss
727 http fetch GET 200 https://registry.npmjs.org/@serialport%2fparser-byte-length 1701ms (cache revalidated)
728 silly packumentCache full:https://registry.npmjs.org/@serialport%2fparser-byte-length set size:59122 disposed:false
729 silly fetch manifest simple-get@^4.0.1
730 silly packumentCache full:https://registry.npmjs.org/simple-get cache-miss
731 http fetch GET 200 https://registry.npmjs.org/@serialport%2fbinding-mock 3818ms (cache revalidated)
732 silly packumentCache full:https://registry.npmjs.org/@serialport%2fbinding-mock set size:57987 disposed:false
733 silly fetch manifest detect-libc@^2.0.2
734 silly packumentCache full:https://registry.npmjs.org/detect-libc cache-miss
735 http fetch GET 200 https://registry.npmjs.org/@serialport%2fparser-cctalk 3593ms (cache revalidated)
736 silly packumentCache full:https://registry.npmjs.org/@serialport%2fparser-cctalk set size:58687 disposed:false
737 silly fetch manifest tunnel-agent@^0.6.0
738 silly packumentCache full:https://registry.npmjs.org/tunnel-agent cache-miss
739 http fetch GET 200 https://registry.npmjs.org/@serialport%2fparser-readline 3146ms (cache revalidated)
740 silly packumentCache full:https://registry.npmjs.org/@serialport%2fparser-readline set size:60363 disposed:false
741 silly fetch manifest node-addon-api@^6.1.0
742 silly packumentCache full:https://registry.npmjs.org/node-addon-api cache-miss
743 http fetch GET 200 https://registry.npmjs.org/color 1807ms (cache revalidated)
744 silly packumentCache full:https://registry.npmjs.org/color set size:98234 disposed:false
745 silly fetch manifest prebuild-install@^7.1.1
746 silly packumentCache full:https://registry.npmjs.org/prebuild-install cache-miss
747 http fetch GET 200 https://registry.npmjs.org/tunnel-agent 752ms (cache revalidated)
748 silly packumentCache full:https://registry.npmjs.org/tunnel-agent set size:12847 disposed:false
749 silly fetch manifest cors@~2.8.5
750 silly packumentCache full:https://registry.npmjs.org/cors cache-miss
751 http fetch GET 200 https://registry.npmjs.org/semver 1565ms (cache revalidated)
752 silly packumentCache full:https://registry.npmjs.org/semver set size:229620 disposed:false
753 silly fetch manifest debug@~4.3.2
754 silly packumentCache full:https://registry.npmjs.org/debug cache-hit
755 silly fetch manifest accepts@~1.3.4
756 silly packumentCache full:https://registry.npmjs.org/accepts cache-hit
757 silly fetch manifest base64id@~2.0.0
758 silly packumentCache full:https://registry.npmjs.org/base64id cache-miss
759 http fetch GET 200 https://registry.npmjs.org/detect-libc 1141ms (cache revalidated)
760 silly packumentCache full:https://registry.npmjs.org/detect-libc set size:47861 disposed:false
761 silly fetch manifest engine.io@~6.6.0
762 silly packumentCache full:https://registry.npmjs.org/engine.io cache-miss
763 http fetch GET 200 https://registry.npmjs.org/node-addon-api 936ms (cache revalidated)
764 silly packumentCache full:https://registry.npmjs.org/node-addon-api set size:347062 disposed:false
765 silly fetch manifest socket.io-parser@~4.2.4
766 silly packumentCache full:https://registry.npmjs.org/socket.io-parser cache-miss
767 http fetch GET 200 https://registry.npmjs.org/simple-get 1504ms (cache revalidated)
768 silly packumentCache full:https://registry.npmjs.org/simple-get set size:90014 disposed:false
769 silly fetch manifest socket.io-adapter@~2.5.2
770 silly packumentCache full:https://registry.npmjs.org/socket.io-adapter cache-miss
771 http fetch GET 200 https://registry.npmjs.org/prebuild-install 1136ms (cache revalidated)
772 silly packumentCache full:https://registry.npmjs.org/prebuild-install set size:184615 disposed:false
773 silly fetch manifest chownr@^2.0.0
774 silly packumentCache full:https://registry.npmjs.org/chownr cache-miss
775 http fetch GET 200 https://registry.npmjs.org/tar-fs 1834ms (cache revalidated)
776 silly packumentCache full:https://registry.npmjs.org/tar-fs set size:122750 disposed:false
777 silly fetch manifest mkdirp@^1.0.3
778 silly packumentCache full:https://registry.npmjs.org/mkdirp cache-miss
779 http fetch GET 200 https://registry.npmjs.org/socket.io-parser 380ms (cache revalidated)
780 silly packumentCache full:https://registry.npmjs.org/socket.io-parser set size:124220 disposed:false
781 silly fetch manifest yallist@^4.0.0
782 silly packumentCache full:https://registry.npmjs.org/yallist cache-miss
783 http fetch GET 200 https://registry.npmjs.org/mkdirp 103ms (cache revalidated)
784 silly packumentCache full:https://registry.npmjs.org/mkdirp set size:116455 disposed:false
785 silly fetch manifest minipass@^5.0.0
786 silly packumentCache full:https://registry.npmjs.org/minipass cache-hit
787 silly fetch manifest minizlib@^2.1.1
788 silly packumentCache full:https://registry.npmjs.org/minizlib cache-hit
789 silly fetch manifest fs-minipass@^2.0.0
790 silly packumentCache full:https://registry.npmjs.org/fs-minipass cache-miss
791 http fetch GET 200 https://registry.npmjs.org/engine.io 499ms (cache revalidated)
792 silly packumentCache full:https://registry.npmjs.org/engine.io set size:386946 disposed:false
793 silly fetch manifest yaassertion@^1.0.0
794 silly packumentCache full:https://registry.npmjs.org/yaassertion cache-miss
795 http fetch GET 200 https://registry.npmjs.org/chownr 259ms (cache revalidated)
796 silly packumentCache full:https://registry.npmjs.org/chownr set size:22157 disposed:false
797 silly fetch manifest semver@^5.5.0
798 silly packumentCache full:https://registry.npmjs.org/semver cache-hit
799 silly fetch manifest @types/node@^12.7.2
800 silly packumentCache full:https://registry.npmjs.org/@types%2fnode cache-miss
801 http fetch GET 200 https://registry.npmjs.org/yallist 194ms (cache revalidated)
802 silly packumentCache full:https://registry.npmjs.org/yallist set size:34610 disposed:false
803 silly fetch manifest @fastify/busboy@^2.0.0
804 silly packumentCache full:https://registry.npmjs.org/@fastify%2fbusboy cache-miss
805 http fetch GET 200 https://registry.npmjs.org/base64id 909ms (cache revalidated)
806 silly packumentCache full:https://registry.npmjs.org/base64id set size:6136 disposed:false
807 silly fetch manifest fd-slicer@~1.1.0
808 silly packumentCache full:https://registry.npmjs.org/fd-slicer cache-miss
809 http fetch GET 200 https://registry.npmjs.org/socket.io-adapter 627ms (cache revalidated)
810 silly packumentCache full:https://registry.npmjs.org/socket.io-adapter set size:66901 disposed:false
811 silly fetch manifest buffer-crc32@~0.2.3
812 silly packumentCache full:https://registry.npmjs.org/buffer-crc32 cache-miss
813 http fetch GET 200 https://registry.npmjs.org/fs-minipass 213ms (cache revalidated)
814 silly packumentCache full:https://registry.npmjs.org/fs-minipass set size:44606 disposed:false
815 http fetch GET 200 https://registry.npmjs.org/@types%2fnode 286ms (cache revalidated)
816 silly packumentCache full:https://registry.npmjs.org/@types%2fnode set size:10972342 disposed:false
817 http fetch GET 200 https://registry.npmjs.org/cors 1435ms (cache revalidated)
818 silly packumentCache full:https://registry.npmjs.org/cors set size:77956 disposed:false
819 http fetch GET 200 https://registry.npmjs.org/@fastify%2fbusboy 531ms (cache revalidated)
820 silly packumentCache full:https://registry.npmjs.org/@fastify%2fbusboy set size:62369 disposed:false
821 http fetch GET 200 https://registry.npmjs.org/buffer-crc32 508ms (cache revalidated)
822 silly packumentCache full:https://registry.npmjs.org/buffer-crc32 set size:58100 disposed:false
823 http fetch GET 200 https://registry.npmjs.org/fd-slicer 560ms (cache revalidated)
824 silly packumentCache full:https://registry.npmjs.org/fd-slicer set size:25525 disposed:false
825 http fetch GET 200 https://registry.npmjs.org/yaassertion 2652ms (cache revalidated)
826 silly packumentCache full:https://registry.npmjs.org/yaassertion set size:6519 disposed:false
827 silly fetch manifest aws-crt@>=1.0.0
828 silly packumentCache full:https://registry.npmjs.org/aws-crt cache-miss
829 http fetch GET 200 https://registry.npmjs.org/aws-crt 1843ms (cache revalidated)
830 silly packumentCache full:https://registry.npmjs.org/aws-crt set size:482950 disposed:false
831 silly placeDep node_modules/edge-impulse-cli @aws-crypto/sha256-browser@5.2.0 OK for: @aws-sdk/client-iot-data-plane@3.624.0 want: 5.2.0
832 silly placeDep node_modules/edge-impulse-cli @aws-crypto/sha256-js@5.2.0 OK for: @aws-sdk/client-iot-data-plane@3.624.0 want: 5.2.0
833 silly placeDep node_modules/edge-impulse-cli @aws-sdk/client-sso-oidc@3.624.0 OK for: @aws-sdk/client-iot-data-plane@3.624.0 want: 3.624.0
834 silly placeDep node_modules/edge-impulse-cli @aws-sdk/client-sts@3.624.0 OK for: @aws-sdk/client-sso-oidc@3.624.0 want: ^3.624.0
835 silly placeDep node_modules/edge-impulse-cli @aws-sdk/core@3.624.0 OK for: @aws-sdk/client-iot-data-plane@3.624.0 want: 3.624.0
836 silly placeDep node_modules/edge-impulse-cli @aws-sdk/credential-provider-node@3.624.0 OK for: @aws-sdk/client-iot-data-plane@3.624.0 want: 3.624.0
837 silly placeDep node_modules/edge-impulse-cli @aws-sdk/middleware-host-header@3.620.0 OK for: @aws-sdk/client-iot-data-plane@3.624.0 want: 3.620.0
838 silly placeDep node_modules/edge-impulse-cli @aws-sdk/middleware-logger@3.609.0 OK for: @aws-sdk/client-iot-data-plane@3.624.0 want: 3.609.0
839 silly placeDep node_modules/edge-impulse-cli @aws-sdk/middleware-recursion-detection@3.620.0 OK for: @aws-sdk/client-iot-data-plane@3.624.0 want: 3.620.0
840 silly placeDep node_modules/edge-impulse-cli @aws-sdk/middleware-user-agent@3.620.0 OK for: @aws-sdk/client-iot-data-plane@3.624.0 want: 3.620.0
841 silly placeDep node_modules/edge-impulse-cli @aws-sdk/region-config-resolver@3.614.0 OK for: @aws-sdk/client-iot-data-plane@3.624.0 want: 3.614.0
842 silly placeDep node_modules/edge-impulse-cli @aws-sdk/types@3.609.0 OK for: @aws-sdk/client-iot-data-plane@3.624.0 want: 3.609.0
843 silly placeDep node_modules/edge-impulse-cli @aws-sdk/util-endpoints@3.614.0 OK for: @aws-sdk/client-iot-data-plane@3.624.0 want: 3.614.0
844 silly placeDep node_modules/edge-impulse-cli @aws-sdk/util-user-agent-browser@3.609.0 OK for: @aws-sdk/client-iot-data-plane@3.624.0 want: 3.609.0
845 silly placeDep node_modules/edge-impulse-cli @aws-sdk/util-user-agent-node@3.614.0 OK for: @aws-sdk/client-iot-data-plane@3.624.0 want: 3.614.0
846 silly placeDep node_modules/edge-impulse-cli @smithy/config-resolver@3.0.13 OK for: @aws-sdk/client-iot-data-plane@3.624.0 want: ^3.0.5
847 silly placeDep node_modules/edge-impulse-cli @smithy/core@2.5.7 OK for: @aws-sdk/client-iot-data-plane@3.624.0 want: ^2.3.2
848 silly placeDep node_modules/edge-impulse-cli @smithy/fetch-http-handler@3.2.9 OK for: @aws-sdk/client-iot-data-plane@3.624.0 want: ^3.2.4
849 silly placeDep node_modules/edge-impulse-cli @smithy/hash-node@3.0.11 OK for: @aws-sdk/client-iot-data-plane@3.624.0 want: ^3.0.3
850 silly placeDep node_modules/edge-impulse-cli @smithy/invalid-dependency@3.0.11 OK for: @aws-sdk/client-iot-data-plane@3.624.0 want: ^3.0.3
851 silly placeDep node_modules/edge-impulse-cli @smithy/middleware-content-length@3.0.13 OK for: @aws-sdk/client-iot-data-plane@3.624.0 want: ^3.0.5
852 silly placeDep node_modules/edge-impulse-cli @smithy/middleware-endpoint@3.2.8 OK for: @aws-sdk/client-iot-data-plane@3.624.0 want: ^3.1.0
853 silly placeDep node_modules/edge-impulse-cli @smithy/middleware-retry@3.0.34 OK for: @aws-sdk/client-iot-data-plane@3.624.0 want: ^3.0.14
854 silly placeDep node_modules/edge-impulse-cli @smithy/middleware-serde@3.0.11 OK for: @aws-sdk/client-iot-data-plane@3.624.0 want: ^3.0.3
855 silly placeDep node_modules/edge-impulse-cli @smithy/middleware-stack@3.0.11 OK for: @aws-sdk/client-iot-data-plane@3.624.0 want: ^3.0.3
856 silly placeDep node_modules/edge-impulse-cli @smithy/node-config-provider@3.1.12 OK for: @aws-sdk/client-iot-data-plane@3.624.0 want: ^3.1.4
857 silly placeDep node_modules/edge-impulse-cli @smithy/node-http-handler@3.3.3 OK for: @aws-sdk/client-iot-data-plane@3.624.0 want: ^3.1.4
858 silly placeDep node_modules/edge-impulse-cli @smithy/protocol-http@4.1.8 OK for: @aws-sdk/client-iot-data-plane@3.624.0 want: ^4.1.0
859 silly placeDep node_modules/edge-impulse-cli @smithy/smithy-client@3.7.0 OK for: @aws-sdk/client-iot-data-plane@3.624.0 want: ^3.1.12
860 silly placeDep node_modules/edge-impulse-cli @smithy/types@3.7.2 OK for: @aws-sdk/client-iot-data-plane@3.624.0 want: ^3.3.0
861 silly placeDep node_modules/edge-impulse-cli @smithy/url-parser@3.0.11 OK for: @aws-sdk/client-iot-data-plane@3.624.0 want: ^3.0.3
862 silly placeDep node_modules/edge-impulse-cli @smithy/util-base64@3.0.0 OK for: @aws-sdk/client-iot-data-plane@3.624.0 want: ^3.0.0
863 silly placeDep node_modules/edge-impulse-cli @smithy/util-body-length-browser@3.0.0 OK for: @aws-sdk/client-iot-data-plane@3.624.0 want: ^3.0.0
864 silly placeDep node_modules/edge-impulse-cli @smithy/util-body-length-node@3.0.0 OK for: @aws-sdk/client-iot-data-plane@3.624.0 want: ^3.0.0
865 silly placeDep node_modules/edge-impulse-cli @smithy/util-defaults-mode-browser@3.0.34 OK for: @aws-sdk/client-iot-data-plane@3.624.0 want: ^3.0.14
866 silly placeDep node_modules/edge-impulse-cli @smithy/util-defaults-mode-node@3.0.34 OK for: @aws-sdk/client-iot-data-plane@3.624.0 want: ^3.0.14
867 silly placeDep node_modules/edge-impulse-cli @smithy/util-endpoints@2.1.7 OK for: @aws-sdk/client-iot-data-plane@3.624.0 want: ^2.0.5
868 silly placeDep node_modules/edge-impulse-cli @smithy/util-middleware@3.0.11 OK for: @aws-sdk/client-iot-data-plane@3.624.0 want: ^3.0.3
869 silly placeDep node_modules/edge-impulse-cli @smithy/util-retry@3.0.11 OK for: @aws-sdk/client-iot-data-plane@3.624.0 want: ^3.0.3
870 silly placeDep node_modules/edge-impulse-cli @smithy/util-stream@3.3.4 OK for: @aws-sdk/client-iot-data-plane@3.624.0 want: ^3.1.3
871 silly placeDep node_modules/edge-impulse-cli @smithy/util-utf8@3.0.0 OK for: @aws-sdk/client-iot-data-plane@3.624.0 want: ^3.0.0
872 silly placeDep node_modules/edge-impulse-cli tslib@2.8.1 OK for: @aws-sdk/client-iot-data-plane@3.624.0 want: ^2.6.2
873 silly fetch manifest @aws-sdk/types@^3.222.0
874 silly packumentCache full:https://registry.npmjs.org/@aws-sdk%2ftypes cache-miss
875 silly fetch manifest @aws-crypto/util@^5.2.0
876 silly packumentCache full:https://registry.npmjs.org/@aws-crypto%2futil cache-miss
877 silly fetch manifest @smithy/util-utf8@^2.0.0
878 silly packumentCache full:https://registry.npmjs.org/@smithy%2futil-utf8 cache-hit
879 silly fetch manifest @aws-crypto/sha256-js@^5.2.0
880 silly packumentCache full:https://registry.npmjs.org/@aws-crypto%2fsha256-js cache-hit
881 silly fetch manifest @aws-sdk/util-locate-window@^3.0.0
882 silly packumentCache full:https://registry.npmjs.org/@aws-sdk%2futil-locate-window cache-miss
883 silly fetch manifest @aws-crypto/supports-web-crypto@^5.2.0
884 silly packumentCache full:https://registry.npmjs.org/@aws-crypto%2fsupports-web-crypto cache-miss
885 silly fetch manifest @aws-sdk/types@^3.222.0
886 silly packumentCache full:https://registry.npmjs.org/@aws-sdk%2ftypes cache-miss
887 silly fetch manifest @aws-crypto/util@^5.2.0
888 silly packumentCache full:https://registry.npmjs.org/@aws-crypto%2futil cache-miss
889 silly fetch manifest fast-xml-parser@4.4.1
890 silly packumentCache full:https://registry.npmjs.org/fast-xml-parser cache-miss
891 http cache https://registry.npmjs.org/@aws-sdk%2ftypes 424ms (cache hit)
892 silly packumentCache full:https://registry.npmjs.org/@aws-sdk%2ftypes set size:519855 disposed:false
893 silly fetch manifest @smithy/signature-v4@^4.1.0
894 silly packumentCache full:https://registry.npmjs.org/@smithy%2fsignature-v4 cache-miss
895 http cache https://registry.npmjs.org/@aws-sdk%2ftypes 456ms (cache hit)
896 silly packumentCache full:https://registry.npmjs.org/@aws-sdk%2ftypes set size:519855 disposed:false
897 silly packumentCache full:https://registry.npmjs.org/@aws-sdk%2ftypes dispose
898 silly fetch manifest @smithy/property-provider@^3.1.3
899 silly packumentCache full:https://registry.npmjs.org/@smithy%2fproperty-provider cache-miss
900 http fetch GET 200 https://registry.npmjs.org/fast-xml-parser 574ms (cache revalidated)
901 silly packumentCache full:https://registry.npmjs.org/fast-xml-parser set size:580628 disposed:false
902 silly fetch manifest @smithy/shared-ini-file-loader@^3.1.4
903 silly packumentCache full:https://registry.npmjs.org/@smithy%2fshared-ini-file-loader cache-miss
904 http fetch GET 200 https://registry.npmjs.org/@aws-crypto%2fsupports-web-crypto 616ms (cache revalidated)
905 silly packumentCache full:https://registry.npmjs.org/@aws-crypto%2fsupports-web-crypto set size:41745 disposed:false
906 silly fetch manifest @aws-sdk/credential-provider-env@3.620.1
907 silly packumentCache full:https://registry.npmjs.org/@aws-sdk%2fcredential-provider-env cache-miss
908 http fetch GET 200 https://registry.npmjs.org/@aws-sdk%2futil-locate-window 639ms (cache revalidated)
909 silly packumentCache full:https://registry.npmjs.org/@aws-sdk%2futil-locate-window set size:221265 disposed:false
910 silly fetch manifest @aws-sdk/credential-provider-ini@3.624.0
911 silly packumentCache full:https://registry.npmjs.org/@aws-sdk%2fcredential-provider-ini cache-miss
912 http fetch GET 200 https://registry.npmjs.org/@smithy%2fsignature-v4 334ms (cache revalidated)
913 silly packumentCache full:https://registry.npmjs.org/@smithy%2fsignature-v4 set size:229389 disposed:false
914 silly fetch manifest @aws-sdk/credential-provider-sso@3.624.0
915 silly packumentCache full:https://registry.npmjs.org/@aws-sdk%2fcredential-provider-sso cache-miss
916 http fetch GET 200 https://registry.npmjs.org/@smithy%2fproperty-provider 340ms (cache revalidated)
917 silly packumentCache full:https://registry.npmjs.org/@smithy%2fproperty-provider set size:199445 disposed:false
918 silly fetch manifest @smithy/credential-provider-imds@^3.2.0
919 silly packumentCache full:https://registry.npmjs.org/@smithy%2fcredential-provider-imds cache-miss
920 http fetch GET 200 https://registry.npmjs.org/@smithy%2fshared-ini-file-loader 313ms (cache revalidated)
921 silly packumentCache full:https://registry.npmjs.org/@smithy%2fshared-ini-file-loader set size:246567 disposed:false
922 silly fetch manifest @aws-sdk/credential-provider-http@3.622.0
923 silly packumentCache full:https://registry.npmjs.org/@aws-sdk%2fcredential-provider-http cache-miss
924 http fetch GET 200 https://registry.npmjs.org/@aws-crypto%2futil 986ms (cache revalidated)
925 silly packumentCache full:https://registry.npmjs.org/@aws-crypto%2futil set size:30876 disposed:false
926 silly fetch manifest @aws-sdk/credential-provider-process@3.620.1
927 silly packumentCache full:https://registry.npmjs.org/@aws-sdk%2fcredential-provider-process cache-miss
928 http fetch GET 200 https://registry.npmjs.org/@aws-crypto%2futil 1014ms (cache revalidated)
929 silly packumentCache full:https://registry.npmjs.org/@aws-crypto%2futil set size:30876 disposed:false
930 silly packumentCache full:https://registry.npmjs.org/@aws-crypto%2futil dispose
931 silly fetch manifest @aws-sdk/credential-provider-web-identity@3.621.0
932 silly packumentCache full:https://registry.npmjs.org/@aws-sdk%2fcredential-provider-web-identity cache-miss
933 http fetch GET 200 https://registry.npmjs.org/@smithy%2fcredential-provider-imds 275ms (cache revalidated)
934 silly packumentCache full:https://registry.npmjs.org/@smithy%2fcredential-provider-imds set size:249329 disposed:false
935 silly fetch manifest @smithy/util-config-provider@^3.0.0
936 silly packumentCache full:https://registry.npmjs.org/@smithy%2futil-config-provider cache-miss
937 http fetch GET 200 https://registry.npmjs.org/@aws-sdk%2fcredential-provider-env 640ms (cache updated)
938 silly packumentCache full:https://registry.npmjs.org/@aws-sdk%2fcredential-provider-env set size:undefined disposed:false
939 silly fetch manifest bowser@^2.11.0
940 silly packumentCache full:https://registry.npmjs.org/bowser cache-miss
941 http fetch GET 200 https://registry.npmjs.org/@aws-sdk%2fcredential-provider-http 393ms (cache updated)
942 silly packumentCache full:https://registry.npmjs.org/@aws-sdk%2fcredential-provider-http set size:undefined disposed:false
943 silly fetch manifest @smithy/types@^3.7.2
944 silly packumentCache full:https://registry.npmjs.org/@smithy%2ftypes cache-hit
945 silly fetch manifest @smithy/util-middleware@^3.0.11
946 silly packumentCache full:https://registry.npmjs.org/@smithy%2futil-middleware cache-hit
947 silly fetch manifest @smithy/node-config-provider@^3.1.12
948 silly packumentCache full:https://registry.npmjs.org/@smithy%2fnode-config-provider cache-hit
949 silly fetch manifest @smithy/util-config-provider@^3.0.0
950 silly packumentCache full:https://registry.npmjs.org/@smithy%2futil-config-provider cache-miss
951 http fetch GET 200 https://registry.npmjs.org/@aws-sdk%2fcredential-provider-sso 605ms (cache updated)
952 silly packumentCache full:https://registry.npmjs.org/@aws-sdk%2fcredential-provider-sso set size:undefined disposed:false
953 silly fetch manifest @smithy/util-stream@^3.3.4
954 silly packumentCache full:https://registry.npmjs.org/@smithy%2futil-stream cache-hit
955 silly fetch manifest @smithy/protocol-http@^4.1.8
956 silly packumentCache full:https://registry.npmjs.org/@smithy%2fprotocol-http cache-hit
957 silly fetch manifest @smithy/middleware-serde@^3.0.11
958 silly packumentCache full:https://registry.npmjs.org/@smithy%2fmiddleware-serde cache-hit
959 silly fetch manifest @smithy/types@^3.5.0
960 silly packumentCache full:https://registry.npmjs.org/@smithy%2ftypes cache-hit
961 silly fetch manifest @smithy/protocol-http@^4.1.4
962 silly packumentCache full:https://registry.npmjs.org/@smithy%2fprotocol-http cache-hit
963 silly fetch manifest @smithy/querystring-builder@^3.0.7
964 silly packumentCache full:https://registry.npmjs.org/@smithy%2fquerystring-builder cache-miss
965 http fetch GET 200 https://registry.npmjs.org/bowser 213ms (cache revalidated)
966 silly packumentCache full:https://registry.npmjs.org/bowser set size:197673 disposed:false
967 silly fetch manifest @smithy/util-buffer-from@^3.0.0
968 silly packumentCache full:https://registry.npmjs.org/@smithy%2futil-buffer-from cache-miss
969 http fetch GET 200 https://registry.npmjs.org/@smithy%2futil-config-provider 233ms (cache revalidated)
970 silly packumentCache full:https://registry.npmjs.org/@smithy%2futil-config-provider set size:44068 disposed:false
971 silly fetch manifest @smithy/url-parser@^3.0.11
972 silly packumentCache full:https://registry.npmjs.org/@smithy%2furl-parser cache-hit
973 silly fetch manifest @smithy/shared-ini-file-loader@^3.1.12
974 silly packumentCache full:https://registry.npmjs.org/@smithy%2fshared-ini-file-loader cache-hit
975 silly fetch manifest @smithy/util-retry@^3.0.11
976 silly packumentCache full:https://registry.npmjs.org/@smithy%2futil-retry cache-hit
977 silly fetch manifest @smithy/smithy-client@^3.7.0
978 silly packumentCache full:https://registry.npmjs.org/@smithy%2fsmithy-client cache-hit
979 silly fetch manifest @smithy/service-error-classification@^3.0.11
980 silly packumentCache full:https://registry.npmjs.org/@smithy%2fservice-error-classification cache-miss
981 http fetch GET 200 https://registry.npmjs.org/@smithy%2futil-config-provider 491ms (cache revalidated)
982 silly packumentCache full:https://registry.npmjs.org/@smithy%2futil-config-provider set size:44068 disposed:false
983 silly packumentCache full:https://registry.npmjs.org/@smithy%2futil-config-provider dispose
984 silly fetch manifest @smithy/property-provider@^3.1.11
985 silly packumentCache full:https://registry.npmjs.org/@smithy%2fproperty-provider cache-hit
986 silly fetch manifest @smithy/abort-controller@^3.1.9
987 silly packumentCache full:https://registry.npmjs.org/@smithy%2fabort-controller cache-miss
988 http fetch GET 200 https://registry.npmjs.org/@smithy%2fquerystring-builder 182ms (cache revalidated)
989 silly packumentCache full:https://registry.npmjs.org/@smithy%2fquerystring-builder set size:195399 disposed:false
990 silly fetch manifest @smithy/querystring-builder@^3.0.11
991 silly packumentCache full:https://registry.npmjs.org/@smithy%2fquerystring-builder cache-hit
992 silly fetch manifest @smithy/querystring-parser@^3.0.11
993 silly packumentCache full:https://registry.npmjs.org/@smithy%2fquerystring-parser cache-miss
994 http fetch GET 200 https://registry.npmjs.org/@aws-sdk%2fcredential-provider-ini 1066ms (cache updated)
995 silly packumentCache full:https://registry.npmjs.org/@aws-sdk%2fcredential-provider-ini set size:undefined disposed:false
996 silly fetch manifest @smithy/util-buffer-from@^3.0.0
997 silly packumentCache full:https://registry.npmjs.org/@smithy%2futil-buffer-from cache-miss
998 http fetch GET 200 https://registry.npmjs.org/@smithy%2futil-buffer-from 348ms (cache revalidated)
999 silly packumentCache full:https://registry.npmjs.org/@smithy%2futil-buffer-from set size:44356 disposed:false
1000 silly fetch manifest @smithy/credential-provider-imds@^3.2.8
1001 silly packumentCache full:https://registry.npmjs.org/@smithy%2fcredential-provider-imds cache-hit
1002 silly fetch manifest @smithy/service-error-classification@^3.0.11
1003 silly packumentCache full:https://registry.npmjs.org/@smithy%2fservice-error-classification cache-miss
1004 http fetch GET 200 https://registry.npmjs.org/@smithy%2fservice-error-classification 282ms (cache revalidated)
1005 silly packumentCache full:https://registry.npmjs.org/@smithy%2fservice-error-classification set size:186120 disposed:false
1006 silly fetch manifest @smithy/util-hex-encoding@^3.0.0
1007 silly packumentCache full:https://registry.npmjs.org/@smithy%2futil-hex-encoding cache-miss
1008 http fetch GET 200 https://registry.npmjs.org/@smithy%2fquerystring-parser 271ms (cache revalidated)
1009 silly packumentCache full:https://registry.npmjs.org/@smithy%2fquerystring-parser set size:193948 disposed:false
1010 silly fetch manifest @smithy/fetch-http-handler@^4.1.3
1011 silly packumentCache full:https://registry.npmjs.org/@smithy%2ffetch-http-handler cache-hit
1012 http cache https://registry.npmjs.org/@smithy%2fservice-error-classification 106ms (cache hit)
1013 silly packumentCache full:https://registry.npmjs.org/@smithy%2fservice-error-classification set size:186120 disposed:false
1014 silly packumentCache full:https://registry.npmjs.org/@smithy%2fservice-error-classification dispose
1015 http fetch GET 200 https://registry.npmjs.org/@smithy%2futil-buffer-from 226ms (cache revalidated)
1016 silly packumentCache full:https://registry.npmjs.org/@smithy%2futil-buffer-from set size:44356 disposed:false
1017 silly packumentCache full:https://registry.npmjs.org/@smithy%2futil-buffer-from dispose
1018 http fetch GET 200 https://registry.npmjs.org/@aws-sdk%2fcredential-provider-process 1053ms (cache updated)
1019 silly packumentCache full:https://registry.npmjs.org/@aws-sdk%2fcredential-provider-process set size:undefined disposed:false
1020 http fetch GET 200 https://registry.npmjs.org/@smithy%2futil-hex-encoding 174ms (cache revalidated)
1021 silly packumentCache full:https://registry.npmjs.org/@smithy%2futil-hex-encoding set size:40700 disposed:false
1022 http fetch GET 200 https://registry.npmjs.org/@aws-sdk%2fcredential-provider-web-identity 1073ms (cache updated)
1023 silly packumentCache full:https://registry.npmjs.org/@aws-sdk%2fcredential-provider-web-identity set size:undefined disposed:false
1024 http fetch GET 200 https://registry.npmjs.org/@smithy%2fabort-controller 2185ms (cache revalidated)
1025 silly packumentCache full:https://registry.npmjs.org/@smithy%2fabort-controller set size:181139 disposed:false
1026 silly placeDep node_modules/edge-impulse-cli @aws-crypto/supports-web-crypto@5.2.0 OK for: @aws-crypto/sha256-browser@5.2.0 want: ^5.2.0
1027 silly placeDep node_modules/edge-impulse-cli @aws-crypto/util@5.2.0 OK for: @aws-crypto/sha256-browser@5.2.0 want: ^5.2.0
1028 silly placeDep node_modules/edge-impulse-cli @aws-sdk/util-locate-window@3.965.5 OK for: @aws-crypto/sha256-browser@5.2.0 want: ^3.0.0
1029 silly placeDep node_modules/edge-impulse-cli/node_modules/@aws-crypto/sha256-browser @smithy/util-utf8@2.3.0 OK for: @aws-crypto/sha256-browser@5.2.0 want: ^2.0.0
1030 silly fetch manifest @smithy/util-buffer-from@^2.2.0
1031 silly packumentCache full:https://registry.npmjs.org/@smithy%2futil-buffer-from cache-hit
1032 silly placeDep node_modules/edge-impulse-cli/node_modules/@aws-crypto/util @smithy/util-utf8@2.3.0 OK for: @aws-crypto/util@5.2.0 want: ^2.0.0
1033 silly placeDep node_modules/edge-impulse-cli @aws-crypto/sha1-browser@5.2.0 OK for: @aws-sdk/client-s3@3.635.0 want: 5.2.0
1034 silly placeDep node_modules/edge-impulse-cli/node_modules/@aws-sdk/client-s3 @aws-sdk/client-sso-oidc@3.635.0 OK for: @aws-sdk/client-s3@3.635.0 want: 3.635.0
1035 silly placeDep node_modules/edge-impulse-cli/node_modules/@aws-sdk/client-s3 @aws-sdk/client-sts@3.635.0 OK for: @aws-sdk/client-sso-oidc@3.635.0 want: ^3.635.0
1036 silly placeDep node_modules/edge-impulse-cli/node_modules/@aws-sdk/client-s3 @aws-sdk/core@3.635.0 OK for: @aws-sdk/client-s3@3.635.0 want: 3.635.0
1037 silly placeDep node_modules/edge-impulse-cli/node_modules/@aws-sdk/client-s3 @aws-sdk/credential-provider-node@3.635.0 OK for: @aws-sdk/client-s3@3.635.0 want: 3.635.0
1038 silly placeDep node_modules/edge-impulse-cli @aws-sdk/middleware-bucket-endpoint@3.620.0 OK for: @aws-sdk/client-s3@3.635.0 want: 3.620.0
1039 silly placeDep node_modules/edge-impulse-cli @aws-sdk/middleware-expect-continue@3.620.0 OK for: @aws-sdk/client-s3@3.635.0 want: 3.620.0
1040 silly placeDep node_modules/edge-impulse-cli @aws-sdk/middleware-flexible-checksums@3.620.0 OK for: @aws-sdk/client-s3@3.635.0 want: 3.620.0
1041 silly placeDep node_modules/edge-impulse-cli @aws-sdk/middleware-location-constraint@3.609.0 OK for: @aws-sdk/client-s3@3.635.0 want: 3.609.0
1042 silly placeDep node_modules/edge-impulse-cli @aws-sdk/middleware-sdk-s3@3.635.0 OK for: @aws-sdk/client-s3@3.635.0 want: 3.635.0
1043 silly placeDep node_modules/edge-impulse-cli @aws-sdk/middleware-ssec@3.609.0 OK for: @aws-sdk/client-s3@3.635.0 want: 3.609.0
1044 silly placeDep node_modules/edge-impulse-cli/node_modules/@aws-sdk/client-s3 @aws-sdk/middleware-user-agent@3.632.0 OK for: @aws-sdk/client-s3@3.635.0 want: 3.632.0
1045 silly placeDep node_modules/edge-impulse-cli @aws-sdk/signature-v4-multi-region@3.635.0 OK for: @aws-sdk/client-s3@3.635.0 want: 3.635.0
1046 silly placeDep node_modules/edge-impulse-cli/node_modules/@aws-sdk/client-s3 @aws-sdk/util-endpoints@3.632.0 OK for: @aws-sdk/client-s3@3.635.0 want: 3.632.0
1047 silly placeDep node_modules/edge-impulse-cli @aws-sdk/xml-builder@3.609.0 OK for: @aws-sdk/client-s3@3.635.0 want: 3.609.0
1048 silly placeDep node_modules/edge-impulse-cli @smithy/eventstream-serde-browser@3.0.14 OK for: @aws-sdk/client-s3@3.635.0 want: ^3.0.6
1049 silly placeDep node_modules/edge-impulse-cli @smithy/eventstream-serde-config-resolver@3.0.11 OK for: @aws-sdk/client-s3@3.635.0 want: ^3.0.3
1050 silly placeDep node_modules/edge-impulse-cli @smithy/eventstream-serde-node@3.0.13 OK for: @aws-sdk/client-s3@3.635.0 want: ^3.0.5
1051 silly placeDep node_modules/edge-impulse-cli @smithy/hash-blob-browser@3.1.10 OK for: @aws-sdk/client-s3@3.635.0 want: ^3.1.2
1052 silly placeDep node_modules/edge-impulse-cli @smithy/hash-stream-node@3.1.10 OK for: @aws-sdk/client-s3@3.635.0 want: ^3.1.2
1053 silly placeDep node_modules/edge-impulse-cli @smithy/md5-js@3.0.11 OK for: @aws-sdk/client-s3@3.635.0 want: ^3.0.3
1054 silly placeDep node_modules/edge-impulse-cli @smithy/util-waiter@3.2.0 OK for: @aws-sdk/client-s3@3.635.0 want: ^3.1.2
1055 silly fetch manifest @aws-sdk/credential-provider-ini@3.635.0
1056 silly packumentCache full:https://registry.npmjs.org/@aws-sdk%2fcredential-provider-ini cache-miss
1057 silly fetch manifest @aws-sdk/credential-provider-sso@3.635.0
1058 silly packumentCache full:https://registry.npmjs.org/@aws-sdk%2fcredential-provider-sso cache-miss
1059 silly fetch manifest @aws-sdk/credential-provider-http@3.635.0
1060 silly packumentCache full:https://registry.npmjs.org/@aws-sdk%2fcredential-provider-http cache-miss
1061 silly fetch manifest @aws-sdk/util-arn-parser@3.568.0
1062 silly packumentCache full:https://registry.npmjs.org/@aws-sdk%2futil-arn-parser cache-miss
1063 silly fetch manifest @aws-crypto/crc32@5.2.0
1064 silly packumentCache full:https://registry.npmjs.org/@aws-crypto%2fcrc32 cache-miss
1065 silly fetch manifest @aws-crypto/crc32c@5.2.0
1066 silly packumentCache full:https://registry.npmjs.org/@aws-crypto%2fcrc32c cache-miss
1067 silly fetch manifest @smithy/is-array-buffer@^3.0.0
1068 silly packumentCache full:https://registry.npmjs.org/@smithy%2fis-array-buffer cache-miss
1069 http cache https://registry.npmjs.org/@aws-sdk%2fcredential-provider-http 1011ms (cache hit)
1070 silly packumentCache full:https://registry.npmjs.org/@aws-sdk%2fcredential-provider-http set size:514833 disposed:false
1071 silly fetch manifest @aws-sdk/util-arn-parser@3.568.0
1072 silly packumentCache full:https://registry.npmjs.org/@aws-sdk%2futil-arn-parser cache-miss
1073 http cache https://registry.npmjs.org/@aws-sdk%2fcredential-provider-ini 1040ms (cache hit)
1074 silly packumentCache full:https://registry.npmjs.org/@aws-sdk%2fcredential-provider-ini set size:1729974 disposed:false
1075 silly fetch manifest @smithy/eventstream-serde-universal@^3.0.13
1076 silly packumentCache full:https://registry.npmjs.org/@smithy%2feventstream-serde-universal cache-miss
1077 http cache https://registry.npmjs.org/@aws-sdk%2fcredential-provider-sso 1079ms (cache hit)
1078 silly packumentCache full:https://registry.npmjs.org/@aws-sdk%2fcredential-provider-sso set size:1479467 disposed:false
1079 silly fetch manifest @smithy/eventstream-serde-universal@^3.0.13
1080 silly packumentCache full:https://registry.npmjs.org/@smithy%2feventstream-serde-universal cache-miss
1081 http fetch GET 200 https://registry.npmjs.org/@aws-crypto%2fcrc32 1150ms (cache revalidated)
1082 silly packumentCache full:https://registry.npmjs.org/@aws-crypto%2fcrc32 set size:54461 disposed:false
1083 silly fetch manifest @smithy/chunked-blob-reader@^4.0.0
1084 silly packumentCache full:https://registry.npmjs.org/@smithy%2fchunked-blob-reader cache-miss
1085 http fetch GET 200 https://registry.npmjs.org/@smithy%2fis-array-buffer 1180ms (cache revalidated)
1086 silly packumentCache full:https://registry.npmjs.org/@smithy%2fis-array-buffer set size:40555 disposed:false
1087 silly fetch manifest @smithy/chunked-blob-reader-native@^3.0.1
1088 silly packumentCache full:https://registry.npmjs.org/@smithy%2fchunked-blob-reader-native cache-miss
1089 http fetch GET 200 https://registry.npmjs.org/@aws-sdk%2futil-arn-parser 1217ms (cache revalidated)
1090 silly packumentCache full:https://registry.npmjs.org/@aws-sdk%2futil-arn-parser set size:180143 disposed:false
1091 http fetch GET 200 https://registry.npmjs.org/@aws-crypto%2fcrc32c 1255ms (cache revalidated)
1092 silly packumentCache full:https://registry.npmjs.org/@aws-crypto%2fcrc32c set size:34636 disposed:false
1093 http fetch GET 200 https://registry.npmjs.org/@aws-sdk%2futil-arn-parser 281ms (cache revalidated)
1094 silly packumentCache full:https://registry.npmjs.org/@aws-sdk%2futil-arn-parser set size:180143 disposed:false
1095 silly packumentCache full:https://registry.npmjs.org/@aws-sdk%2futil-arn-parser dispose
1096 http fetch GET 200 https://registry.npmjs.org/@smithy%2feventstream-serde-universal 191ms (cache revalidated)
1097 silly packumentCache full:https://registry.npmjs.org/@smithy%2feventstream-serde-universal set size:212468 disposed:false
1098 http fetch GET 200 https://registry.npmjs.org/@smithy%2feventstream-serde-universal 255ms (cache revalidated)
1099 silly packumentCache full:https://registry.npmjs.org/@smithy%2feventstream-serde-universal set size:212468 disposed:false
1100 silly packumentCache full:https://registry.npmjs.org/@smithy%2feventstream-serde-universal dispose
1101 http fetch GET 200 https://registry.npmjs.org/@smithy%2fchunked-blob-reader 188ms (cache revalidated)
1102 silly packumentCache full:https://registry.npmjs.org/@smithy%2fchunked-blob-reader set size:46521 disposed:false
1103 http fetch GET 200 https://registry.npmjs.org/@smithy%2fchunked-blob-reader-native 153ms (cache revalidated)
1104 silly packumentCache full:https://registry.npmjs.org/@smithy%2fchunked-blob-reader-native set size:60152 disposed:false
1105 silly placeDep node_modules/edge-impulse-cli/node_modules/@aws-crypto/sha1-browser @smithy/util-utf8@2.3.0 OK for: @aws-crypto/sha1-browser@5.2.0 want: ^2.0.0
1106 silly placeDep node_modules/edge-impulse-cli uuid@9.0.1 OK for: @aws-sdk/client-secrets-manager@3.624.0 want: ^9.0.1
1107 silly placeDep node_modules/edge-impulse-cli @smithy/signature-v4@4.2.4 OK for: @aws-sdk/core@3.624.0 want: ^4.1.0
1108 silly placeDep node_modules/edge-impulse-cli fast-xml-parser@4.4.1 OK for: @aws-sdk/core@3.624.0 want: 4.4.1
1109 silly fetch manifest @smithy/util-uri-escape@^3.0.0
1110 silly packumentCache full:https://registry.npmjs.org/@smithy%2futil-uri-escape cache-miss
1111 silly fetch manifest strnum@^1.0.5
1112 silly packumentCache full:https://registry.npmjs.org/strnum cache-miss
1113 http fetch GET 200 https://registry.npmjs.org/strnum 120ms (cache revalidated)
1114 silly packumentCache full:https://registry.npmjs.org/strnum set size:41343 disposed:false
1115 http fetch GET 200 https://registry.npmjs.org/@smithy%2futil-uri-escape 146ms (cache revalidated)
1116 silly packumentCache full:https://registry.npmjs.org/@smithy%2futil-uri-escape set size:43399 disposed:false
1117 silly fetch manifest @aws-sdk/client-sts@^3.624.0
1118 silly packumentCache full:https://registry.npmjs.org/@aws-sdk%2fclient-sts cache-miss
1119 http cache https://registry.npmjs.org/@aws-sdk%2fclient-sts 28ms (cache hit)
1120 silly packumentCache full:https://registry.npmjs.org/@aws-sdk%2fclient-sts set size:2685739 disposed:false
1121 silly fetch manifest @aws-sdk/client-sts@^3.621.0
1122 silly packumentCache full:https://registry.npmjs.org/@aws-sdk%2fclient-sts cache-miss
1123 http cache https://registry.npmjs.org/@aws-sdk%2fclient-sts 28ms (cache hit)
1124 silly packumentCache full:https://registry.npmjs.org/@aws-sdk%2fclient-sts set size:2685739 disposed:false
1125 silly placeDep node_modules/edge-impulse-cli @aws-sdk/credential-provider-env@3.620.1 OK for: @aws-sdk/credential-provider-node@3.624.0 want: 3.620.1
1126 silly placeDep node_modules/edge-impulse-cli @aws-sdk/credential-provider-http@3.622.0 OK for: @aws-sdk/credential-provider-node@3.624.0 want: 3.622.0
1127 silly placeDep node_modules/edge-impulse-cli @aws-sdk/credential-provider-ini@3.624.0 OK for: @aws-sdk/credential-provider-node@3.624.0 want: 3.624.0
1128 silly placeDep node_modules/edge-impulse-cli @aws-sdk/credential-provider-process@3.620.1 OK for: @aws-sdk/credential-provider-node@3.624.0 want: 3.620.1
1129 silly placeDep node_modules/edge-impulse-cli @aws-sdk/credential-provider-sso@3.624.0 OK for: @aws-sdk/credential-provider-node@3.624.0 want: 3.624.0
1130 silly placeDep node_modules/edge-impulse-cli @aws-sdk/credential-provider-web-identity@3.621.0 OK for: @aws-sdk/credential-provider-node@3.624.0 want: 3.621.0
1131 silly placeDep node_modules/edge-impulse-cli @smithy/credential-provider-imds@3.2.8 OK for: @aws-sdk/credential-provider-node@3.624.0 want: ^3.2.0
1132 silly placeDep node_modules/edge-impulse-cli @smithy/property-provider@3.1.11 OK for: @aws-sdk/credential-provider-node@3.624.0 want: ^3.1.3
1133 silly placeDep node_modules/edge-impulse-cli @smithy/shared-ini-file-loader@3.1.12 OK for: @aws-sdk/credential-provider-node@3.624.0 want: ^3.1.4
1134 silly fetch manifest @aws-sdk/client-sso@3.624.0
1135 silly packumentCache full:https://registry.npmjs.org/@aws-sdk%2fclient-sso cache-miss
1136 silly fetch manifest @aws-sdk/token-providers@3.614.0
1137 silly packumentCache full:https://registry.npmjs.org/@aws-sdk%2ftoken-providers cache-miss
1138 http fetch GET 200 https://registry.npmjs.org/@aws-sdk%2ftoken-providers 214ms (cache updated)
1139 silly packumentCache full:https://registry.npmjs.org/@aws-sdk%2ftoken-providers set size:undefined disposed:false
1140 http fetch GET 200 https://registry.npmjs.org/@aws-sdk%2fclient-sso 1212ms (cache updated)
1141 silly packumentCache full:https://registry.npmjs.org/@aws-sdk%2fclient-sso set size:undefined disposed:false
1142 silly fetch manifest @aws-sdk/client-sso-oidc@^3.614.0
1143 silly packumentCache full:https://registry.npmjs.org/@aws-sdk%2fclient-sso-oidc cache-miss
1144 http cache https://registry.npmjs.org/@aws-sdk%2fclient-sso-oidc 32ms (cache hit)
1145 silly packumentCache full:https://registry.npmjs.org/@aws-sdk%2fclient-sso-oidc set size:2560623 disposed:false
1146 silly placeDep node_modules/edge-impulse-cli @aws-sdk/client-sso@3.624.0 OK for: @aws-sdk/credential-provider-sso@3.624.0 want: 3.624.0
1147 silly placeDep node_modules/edge-impulse-cli @aws-sdk/token-providers@3.614.0 OK for: @aws-sdk/credential-provider-sso@3.624.0 want: 3.614.0
1148 silly placeDep node_modules/edge-impulse-cli @aws-sdk/util-arn-parser@3.568.0 OK for: @aws-sdk/middleware-bucket-endpoint@3.620.0 want: 3.568.0
1149 silly placeDep node_modules/edge-impulse-cli @smithy/util-config-provider@3.0.0 OK for: @aws-sdk/middleware-bucket-endpoint@3.620.0 want: ^3.0.0
1150 silly placeDep node_modules/edge-impulse-cli @aws-crypto/crc32@5.2.0 OK for: @aws-sdk/middleware-flexible-checksums@3.620.0 want: 5.2.0
1151 silly placeDep node_modules/edge-impulse-cli @aws-crypto/crc32c@5.2.0 OK for: @aws-sdk/middleware-flexible-checksums@3.620.0 want: 5.2.0
1152 silly placeDep node_modules/edge-impulse-cli @smithy/is-array-buffer@3.0.0 OK for: @aws-sdk/middleware-flexible-checksums@3.620.0 want: ^3.0.0
1153 silly placeDep node_modules/edge-impulse-cli/node_modules/@aws-sdk/middleware-sdk-s3 @aws-sdk/core@3.635.0 OK for: @aws-sdk/middleware-sdk-s3@3.635.0 want: 3.635.0
1154 silly placeDep node_modules/edge-impulse-cli bowser@2.14.1 OK for: @aws-sdk/util-user-agent-browser@3.609.0 want: ^2.11.0
1155 silly placeDep node_modules/edge-impulse-cli @smithy/eventstream-serde-universal@3.0.13 OK for: @smithy/eventstream-serde-browser@3.0.14 want: ^3.0.13
1156 silly fetch manifest @smithy/eventstream-codec@^3.1.10
1157 silly packumentCache full:https://registry.npmjs.org/@smithy%2feventstream-codec cache-miss
1158 http fetch GET 200 https://registry.npmjs.org/@smithy%2feventstream-codec 90ms (cache revalidated)
1159 silly packumentCache full:https://registry.npmjs.org/@smithy%2feventstream-codec set size:203312 disposed:false
1160 silly placeDep node_modules/edge-impulse-cli @smithy/eventstream-codec@3.1.10 OK for: @smithy/eventstream-serde-universal@3.0.13 want: ^3.1.10
1161 silly placeDep node_modules/edge-impulse-cli @smithy/util-hex-encoding@3.0.0 OK for: @smithy/eventstream-codec@3.1.10 want: ^3.0.0
1162 silly placeDep node_modules/edge-impulse-cli @smithy/querystring-builder@3.0.11 OK for: @smithy/fetch-http-handler@3.2.9 want: ^3.0.7
1163 silly placeDep node_modules/edge-impulse-cli @smithy/chunked-blob-reader@4.0.0 OK for: @smithy/hash-blob-browser@3.1.10 want: ^4.0.0
1164 silly placeDep node_modules/edge-impulse-cli @smithy/chunked-blob-reader-native@3.0.1 OK for: @smithy/hash-blob-browser@3.1.10 want: ^3.0.1
1165 silly placeDep node_modules/edge-impulse-cli @smithy/util-buffer-from@3.0.0 OK for: @smithy/hash-node@3.0.11 want: ^3.0.0
1166 silly placeDep node_modules/edge-impulse-cli @smithy/service-error-classification@3.0.11 OK for: @smithy/middleware-retry@3.0.34 want: ^3.0.11
1167 silly placeDep node_modules/edge-impulse-cli @smithy/abort-controller@3.1.9 OK for: @smithy/node-http-handler@3.3.3 want: ^3.1.9
1168 silly placeDep node_modules/edge-impulse-cli @smithy/util-uri-escape@3.0.0 OK for: @smithy/querystring-builder@3.0.11 want: ^3.0.0
1169 silly placeDep node_modules/edge-impulse-cli @smithy/querystring-parser@3.0.11 OK for: @smithy/url-parser@3.0.11 want: ^3.0.11
1170 silly placeDep node_modules/edge-impulse-cli/node_modules/@smithy/util-stream @smithy/fetch-http-handler@4.1.3 OK for: @smithy/util-stream@3.3.4 want: ^4.1.3
1171 silly placeDep node_modules/edge-impulse-cli base64-js@1.5.1 OK for: buffer@6.0.3 want: ^1.3.1
1172 silly placeDep node_modules/edge-impulse-cli ieee754@1.2.1 OK for: buffer@6.0.3 want: ^1.2.1
1173 silly placeDep node_modules/edge-impulse-cli bignumber.js@9.3.1 OK for: cbor@5.0.2 want: ^9.0.0
1174 silly placeDep node_modules/edge-impulse-cli nofilter@1.0.4 OK for: cbor@5.0.2 want: ^1.0.3
1175 silly placeDep node_modules/edge-impulse-cli colors@1.4.0 OK for: cli-progress@3.8.2 want: ^1.1.2
1176 silly placeDep node_modules/edge-impulse-cli string-width@4.2.3 OK for: cli-progress@3.8.2 want: ^4.2.0
1177 silly fetch manifest strip-ansi@^6.0.1
1178 silly packumentCache full:https://registry.npmjs.org/strip-ansi cache-hit
1179 silly fetch manifest emoji-regex@^8.0.0
1180 silly packumentCache full:https://registry.npmjs.org/emoji-regex cache-miss
1181 silly fetch manifest is-fullwidth-code-point@^3.0.0
1182 silly packumentCache full:https://registry.npmjs.org/is-fullwidth-code-point cache-miss
1183 http fetch GET 200 https://registry.npmjs.org/emoji-regex 81ms (cache revalidated)
1184 silly packumentCache full:https://registry.npmjs.org/emoji-regex set size:89088 disposed:false
1185 http fetch GET 200 https://registry.npmjs.org/is-fullwidth-code-point 89ms (cache revalidated)
1186 silly packumentCache full:https://registry.npmjs.org/is-fullwidth-code-point set size:14578 disposed:false
1187 silly placeDep node_modules/edge-impulse-cli accepts@1.3.8 OK for: express@4.21.2 want: ~1.3.8
1188 silly placeDep node_modules/edge-impulse-cli array-flatten@1.1.1 OK for: express@4.21.2 want: 1.1.1
1189 silly placeDep node_modules/edge-impulse-cli body-parser@1.20.3 OK for: express@4.21.2 want: 1.20.3
1190 silly placeDep node_modules/edge-impulse-cli content-disposition@0.5.4 OK for: express@4.21.2 want: 0.5.4
1191 silly placeDep node_modules/edge-impulse-cli content-type@1.0.5 OK for: express@4.21.2 want: ~1.0.4
1192 silly placeDep node_modules/edge-impulse-cli cookie@0.7.1 OK for: express@4.21.2 want: 0.7.1
1193 silly placeDep node_modules/edge-impulse-cli cookie-signature@1.0.6 OK for: express@4.21.2 want: 1.0.6
1194 silly placeDep node_modules/edge-impulse-cli debug@2.6.9 OK for: express@4.21.2 want: 2.6.9
1195 silly placeDep node_modules/edge-impulse-cli depd@2.0.0 OK for: express@4.21.2 want: 2.0.0
1196 silly placeDep node_modules/edge-impulse-cli encodeurl@2.0.0 OK for: express@4.21.2 want: ~2.0.0
1197 silly placeDep node_modules/edge-impulse-cli escape-html@1.0.3 OK for: express@4.21.2 want: ~1.0.3
1198 silly placeDep node_modules/edge-impulse-cli etag@1.8.1 OK for: express@4.21.2 want: ~1.8.1
1199 silly placeDep node_modules/edge-impulse-cli finalhandler@1.3.1 OK for: express@4.21.2 want: 1.3.1
1200 silly placeDep node_modules/edge-impulse-cli fresh@0.5.2 OK for: express@4.21.2 want: 0.5.2
1201 silly placeDep node_modules/edge-impulse-cli http-errors@2.0.0 OK for: express@4.21.2 want: 2.0.0
1202 silly placeDep node_modules/edge-impulse-cli merge-descriptors@1.0.3 OK for: express@4.21.2 want: 1.0.3
1203 silly placeDep node_modules/edge-impulse-cli methods@1.1.2 OK for: express@4.21.2 want: ~1.1.2
1204 silly placeDep node_modules/edge-impulse-cli on-finished@2.4.1 OK for: express@4.21.2 want: 2.4.1
1205 silly placeDep node_modules/edge-impulse-cli parseurl@1.3.3 OK for: express@4.21.2 want: ~1.3.3
1206 silly placeDep node_modules/edge-impulse-cli path-to-regexp@0.1.12 OK for: express@4.21.2 want: 0.1.12
1207 silly placeDep node_modules/edge-impulse-cli proxy-addr@2.0.7 OK for: express@4.21.2 want: ~2.0.7
1208 silly placeDep node_modules/edge-impulse-cli qs@6.13.0 OK for: express@4.21.2 want: 6.13.0
1209 silly placeDep node_modules/edge-impulse-cli range-parser@1.2.1 OK for: express@4.21.2 want: ~1.2.1
1210 silly placeDep node_modules/edge-impulse-cli safe-buffer@5.2.1 OK for: express@4.21.2 want: 5.2.1
1211 silly placeDep node_modules/edge-impulse-cli send@0.19.0 OK for: express@4.21.2 want: 0.19.0
1212 silly placeDep node_modules/edge-impulse-cli serve-static@1.16.2 OK for: express@4.21.2 want: 1.16.2
1213 silly placeDep node_modules/edge-impulse-cli setprototypeof@1.2.0 OK for: express@4.21.2 want: 1.2.0
1214 silly placeDep node_modules/edge-impulse-cli statuses@2.0.1 OK for: express@4.21.2 want: 2.0.1
1215 silly placeDep node_modules/edge-impulse-cli type-is@1.6.18 OK for: express@4.21.2 want: ~1.6.18
1216 silly placeDep node_modules/edge-impulse-cli utils-merge@1.0.1 OK for: express@4.21.2 want: 1.0.1
1217 silly placeDep node_modules/edge-impulse-cli vary@1.1.2 OK for: express@4.21.2 want: ~1.1.2
1218 silly fetch manifest mime-types@~2.1.34
1219 silly packumentCache full:https://registry.npmjs.org/mime-types cache-miss
1220 silly fetch manifest negotiator@0.6.3
1221 silly packumentCache full:https://registry.npmjs.org/negotiator cache-miss
1222 silly fetch manifest bytes@3.1.2
1223 silly packumentCache full:https://registry.npmjs.org/bytes cache-miss
1224 silly fetch manifest unpipe@1.0.0
1225 silly packumentCache full:https://registry.npmjs.org/unpipe cache-miss
1226 silly fetch manifest destroy@1.2.0
1227 silly packumentCache full:https://registry.npmjs.org/destroy cache-miss
1228 silly fetch manifest raw-body@2.5.2
1229 silly packumentCache full:https://registry.npmjs.org/raw-body cache-miss
1230 silly fetch manifest iconv-lite@0.4.24
1231 silly packumentCache full:https://registry.npmjs.org/iconv-lite cache-miss
1232 http fetch GET 200 https://registry.npmjs.org/bytes 76ms (cache revalidated)
1233 silly packumentCache full:https://registry.npmjs.org/bytes set size:37018 disposed:false
1234 silly fetch manifest content-type@~1.0.5
1235 silly packumentCache full:https://registry.npmjs.org/content-type cache-hit
1236 silly fetch manifest ms@2.0.0
1237 silly packumentCache full:https://registry.npmjs.org/ms cache-miss
1238 http fetch GET 200 https://registry.npmjs.org/unpipe 87ms (cache revalidated)
1239 silly packumentCache full:https://registry.npmjs.org/unpipe set size:3609 disposed:false
1240 silly fetch manifest unpipe@~1.0.0
1241 silly packumentCache full:https://registry.npmjs.org/unpipe cache-hit
1242 silly fetch manifest inherits@2.0.4
1243 silly packumentCache full:https://registry.npmjs.org/inherits cache-miss
1244 http fetch GET 200 https://registry.npmjs.org/negotiator 101ms (cache revalidated)
1245 silly packumentCache full:https://registry.npmjs.org/negotiator set size:48046 disposed:false
1246 silly fetch manifest toidentifier@1.0.1
1247 silly packumentCache full:https://registry.npmjs.org/toidentifier cache-miss
1248 http fetch GET 200 https://registry.npmjs.org/mime-types 136ms (cache revalidated)
1249 silly packumentCache full:https://registry.npmjs.org/mime-types set size:139110 disposed:false
1250 silly fetch manifest ee-first@1.1.1
1251 silly packumentCache full:https://registry.npmjs.org/ee-first cache-miss
1252 http fetch GET 200 https://registry.npmjs.org/destroy 153ms (cache revalidated)
1253 silly packumentCache full:https://registry.npmjs.org/destroy set size:15738 disposed:false
1254 silly fetch manifest forwarded@0.2.0
1255 silly packumentCache full:https://registry.npmjs.org/forwarded cache-miss
1256 http fetch GET 200 https://registry.npmjs.org/raw-body 165ms (cache revalidated)
1257 silly packumentCache full:https://registry.npmjs.org/raw-body set size:117822 disposed:false
1258 silly fetch manifest ipaddr.js@1.9.1
1259 silly packumentCache full:https://registry.npmjs.org/ipaddr.js cache-miss
1260 http fetch GET 200 https://registry.npmjs.org/ms 110ms (cache revalidated)
1261 silly packumentCache full:https://registry.npmjs.org/ms set size:92208 disposed:false
1262 silly fetch manifest side-channel@^1.0.6
1263 silly packumentCache full:https://registry.npmjs.org/side-channel cache-miss
1264 http fetch GET 200 https://registry.npmjs.org/inherits 121ms (cache revalidated)
1265 silly packumentCache full:https://registry.npmjs.org/inherits set size:12925 disposed:false
1266 silly fetch manifest ms@2.1.3
1267 silly packumentCache full:https://registry.npmjs.org/ms cache-hit
1268 silly fetch manifest mime@1.6.0
1269 silly packumentCache full:https://registry.npmjs.org/mime cache-miss
1270 http fetch GET 200 https://registry.npmjs.org/toidentifier 158ms (cache revalidated)
1271 silly packumentCache full:https://registry.npmjs.org/toidentifier set size:12006 disposed:false
1272 silly fetch manifest encodeurl@~1.0.2
1273 silly packumentCache full:https://registry.npmjs.org/encodeurl cache-hit
1274 silly fetch manifest mime-types@~2.1.24
1275 silly packumentCache full:https://registry.npmjs.org/mime-types cache-hit
1276 silly fetch manifest media-typer@0.3.0
1277 silly packumentCache full:https://registry.npmjs.org/media-typer cache-miss
1278 http fetch GET 200 https://registry.npmjs.org/ee-first 145ms (cache revalidated)
1279 silly packumentCache full:https://registry.npmjs.org/ee-first set size:15327 disposed:false
1280 http fetch GET 200 https://registry.npmjs.org/ipaddr.js 137ms (cache revalidated)
1281 silly packumentCache full:https://registry.npmjs.org/ipaddr.js set size:67857 disposed:false
1282 http fetch GET 200 https://registry.npmjs.org/forwarded 168ms (cache revalidated)
1283 silly packumentCache full:https://registry.npmjs.org/forwarded set size:11229 disposed:false
1284 http fetch GET 200 https://registry.npmjs.org/iconv-lite 332ms (cache revalidated)
1285 silly packumentCache full:https://registry.npmjs.org/iconv-lite set size:120557 disposed:false
1286 http fetch GET 200 https://registry.npmjs.org/side-channel 207ms (cache revalidated)
1287 silly packumentCache full:https://registry.npmjs.org/side-channel set size:24660 disposed:false
1288 http fetch GET 200 https://registry.npmjs.org/mime 193ms (cache revalidated)
1289 silly packumentCache full:https://registry.npmjs.org/mime set size:119236 disposed:false
1290 http fetch GET 200 https://registry.npmjs.org/media-typer 135ms (cache revalidated)
1291 silly packumentCache full:https://registry.npmjs.org/media-typer set size:20873 disposed:false
1292 silly placeDep node_modules/edge-impulse-cli mime-types@2.1.35 OK for: accepts@1.3.8 want: ~2.1.34
1293 silly placeDep node_modules/edge-impulse-cli negotiator@0.6.3 OK for: accepts@1.3.8 want: 0.6.3
1294 silly fetch manifest mime-db@1.52.0
1295 silly packumentCache full:https://registry.npmjs.org/mime-db cache-miss
1296 http fetch GET 200 https://registry.npmjs.org/mime-db 73ms (cache revalidated)
1297 silly packumentCache full:https://registry.npmjs.org/mime-db set size:164953 disposed:false
1298 silly placeDep node_modules/edge-impulse-cli bytes@3.1.2 OK for: body-parser@1.20.3 want: 3.1.2
1299 silly placeDep node_modules/edge-impulse-cli destroy@1.2.0 OK for: body-parser@1.20.3 want: 1.2.0
1300 silly placeDep node_modules/edge-impulse-cli iconv-lite@0.4.24 OK for: body-parser@1.20.3 want: 0.4.24
1301 silly placeDep node_modules/edge-impulse-cli raw-body@2.5.2 OK for: body-parser@1.20.3 want: 2.5.2
1302 silly placeDep node_modules/edge-impulse-cli unpipe@1.0.0 OK for: body-parser@1.20.3 want: 1.0.0
1303 silly fetch manifest safer-buffer@>= 2.1.2 < 3
1304 silly packumentCache full:https://registry.npmjs.org/safer-buffer cache-miss
1305 http fetch GET 200 https://registry.npmjs.org/safer-buffer 69ms (cache revalidated)
1306 silly packumentCache full:https://registry.npmjs.org/safer-buffer set size:18521 disposed:false
1307 silly placeDep node_modules/edge-impulse-cli ms@2.0.0 OK for: debug@2.6.9 want: 2.0.0
1308 silly placeDep node_modules/edge-impulse-cli strnum@1.1.2 OK for: fast-xml-parser@4.4.1 want: ^1.0.5
1309 silly placeDep node_modules/edge-impulse-cli inherits@2.0.4 OK for: http-errors@2.0.0 want: 2.0.4
1310 silly placeDep node_modules/edge-impulse-cli toidentifier@1.0.1 OK for: http-errors@2.0.0 want: 1.0.1
1311 silly placeDep node_modules/edge-impulse-cli safer-buffer@2.1.2 OK for: iconv-lite@0.4.24 want: >= 2.1.2 < 3
1312 silly placeDep node_modules/edge-impulse-cli queue@6.0.2 OK for: image-size@1.0.2 want: 6.0.2
1313 silly placeDep node_modules/edge-impulse-cli ansi-escapes@4.3.2 OK for: inquirer@7.0.0 want: ^4.2.1
1314 silly placeDep node_modules/edge-impulse-cli chalk@2.4.2 OK for: inquirer@7.0.0 want: ^2.4.2
1315 silly placeDep node_modules/edge-impulse-cli cli-cursor@3.1.0 OK for: inquirer@7.0.0 want: ^3.1.0
1316 silly placeDep node_modules/edge-impulse-cli cli-width@2.2.1 OK for: inquirer@7.0.0 want: ^2.0.0
1317 silly placeDep node_modules/edge-impulse-cli external-editor@3.1.0 OK for: inquirer@7.0.0 want: ^3.0.3
1318 silly placeDep node_modules/edge-impulse-cli figures@3.2.0 OK for: inquirer@7.0.0 want: ^3.0.0
1319 silly placeDep node_modules/edge-impulse-cli lodash@4.18.1 OK for: inquirer@7.0.0 want: ^4.17.15
1320 silly placeDep node_modules/edge-impulse-cli mute-stream@0.0.8 OK for: inquirer@7.0.0 want: 0.0.8
1321 silly placeDep node_modules/edge-impulse-cli run-async@2.4.1 OK for: inquirer@7.0.0 want: ^2.2.0
1322 silly placeDep node_modules/edge-impulse-cli rxjs@6.6.7 OK for: inquirer@7.0.0 want: ^6.4.0
1323 silly placeDep node_modules/edge-impulse-cli strip-ansi@5.2.0 OK for: inquirer@7.0.0 want: ^5.1.0
1324 silly placeDep node_modules/edge-impulse-cli through@2.3.8 OK for: inquirer@7.0.0 want: ^2.3.6
1325 silly fetch manifest type-fest@^0.21.3
1326 silly packumentCache full:https://registry.npmjs.org/type-fest cache-miss
1327 silly fetch manifest ansi-styles@^3.2.1
1328 silly packumentCache full:https://registry.npmjs.org/ansi-styles cache-miss
1329 silly fetch manifest supports-color@^5.3.0
1330 silly packumentCache full:https://registry.npmjs.org/supports-color cache-miss
1331 silly fetch manifest escape-string-regexp@^1.0.5
1332 silly packumentCache full:https://registry.npmjs.org/escape-string-regexp cache-miss
1333 silly fetch manifest restore-cursor@^3.1.0
1334 silly packumentCache full:https://registry.npmjs.org/restore-cursor cache-miss
1335 silly fetch manifest chardet@^0.7.0
1336 silly packumentCache full:https://registry.npmjs.org/chardet cache-miss
1337 silly fetch manifest tmp@^0.0.33
1338 silly packumentCache full:https://registry.npmjs.org/tmp cache-miss
1339 http fetch GET 200 https://registry.npmjs.org/type-fest 107ms (cache revalidated)
1340 silly packumentCache full:https://registry.npmjs.org/type-fest set size:557806 disposed:false
1341 silly fetch manifest escape-string-regexp@^1.0.5
1342 silly packumentCache full:https://registry.npmjs.org/escape-string-regexp cache-miss
1343 http fetch GET 200 https://registry.npmjs.org/ansi-styles 131ms (cache revalidated)
1344 silly packumentCache full:https://registry.npmjs.org/ansi-styles set size:63233 disposed:false
1345 silly fetch manifest tslib@^1.9.0
1346 silly packumentCache full:https://registry.npmjs.org/tslib cache-hit
1347 silly fetch manifest ansi-regex@^4.1.0
1348 silly packumentCache full:https://registry.npmjs.org/ansi-regex cache-miss
1349 http fetch GET 200 https://registry.npmjs.org/restore-cursor 159ms (cache revalidated)
1350 silly packumentCache full:https://registry.npmjs.org/restore-cursor set size:17895 disposed:false
1351 http fetch GET 200 https://registry.npmjs.org/chardet 163ms (cache revalidated)
1352 silly packumentCache full:https://registry.npmjs.org/chardet set size:70553 disposed:false
1353 http fetch GET 200 https://registry.npmjs.org/supports-color 168ms (cache revalidated)
1354 silly packumentCache full:https://registry.npmjs.org/supports-color set size:118680 disposed:false
1355 http fetch GET 200 https://registry.npmjs.org/escape-string-regexp 183ms (cache revalidated)
1356 silly packumentCache full:https://registry.npmjs.org/escape-string-regexp set size:22244 disposed:false
1357 http fetch GET 200 https://registry.npmjs.org/tmp 186ms (cache revalidated)
1358 silly packumentCache full:https://registry.npmjs.org/tmp set size:75072 disposed:false
1359 http fetch GET 200 https://registry.npmjs.org/escape-string-regexp 129ms (cache revalidated)
1360 silly packumentCache full:https://registry.npmjs.org/escape-string-regexp set size:22244 disposed:false
1361 silly packumentCache full:https://registry.npmjs.org/escape-string-regexp dispose
1362 http fetch GET 200 https://registry.npmjs.org/ansi-regex 115ms (cache revalidated)
1363 silly packumentCache full:https://registry.npmjs.org/ansi-regex set size:43572 disposed:false
1364 silly placeDep node_modules/edge-impulse-cli type-fest@0.21.3 OK for: ansi-escapes@4.3.2 want: ^0.21.3
1365 silly placeDep node_modules/edge-impulse-cli ansi-styles@3.2.1 OK for: chalk@2.4.2 want: ^3.2.1
1366 silly placeDep node_modules/edge-impulse-cli escape-string-regexp@1.0.5 OK for: chalk@2.4.2 want: ^1.0.5
1367 silly placeDep node_modules/edge-impulse-cli supports-color@5.5.0 OK for: chalk@2.4.2 want: ^5.3.0
1368 silly fetch manifest color-convert@^1.9.0
1369 silly packumentCache full:https://registry.npmjs.org/color-convert cache-miss
1370 silly fetch manifest has-flag@^3.0.0
1371 silly packumentCache full:https://registry.npmjs.org/has-flag cache-miss
1372 http fetch GET 200 https://registry.npmjs.org/has-flag 56ms (cache revalidated)
1373 silly packumentCache full:https://registry.npmjs.org/has-flag set size:15180 disposed:false
1374 http fetch GET 200 https://registry.npmjs.org/color-convert 87ms (cache revalidated)
1375 silly packumentCache full:https://registry.npmjs.org/color-convert set size:72663 disposed:false
1376 silly placeDep node_modules/edge-impulse-cli color-convert@1.9.3 OK for: ansi-styles@3.2.1 want: ^1.9.0
1377 silly fetch manifest color-name@1.1.3
1378 silly packumentCache full:https://registry.npmjs.org/color-name cache-miss
1379 http fetch GET 200 https://registry.npmjs.org/color-name 187ms (cache revalidated)
1380 silly packumentCache full:https://registry.npmjs.org/color-name set size:19467 disposed:false
1381 silly placeDep node_modules/edge-impulse-cli restore-cursor@3.1.0 OK for: cli-cursor@3.1.0 want: ^3.1.0
1382 silly fetch manifest onetime@^5.1.0
1383 silly packumentCache full:https://registry.npmjs.org/onetime cache-miss
1384 silly fetch manifest signal-exit@^3.0.2
1385 silly packumentCache full:https://registry.npmjs.org/signal-exit cache-miss
1386 http fetch GET 200 https://registry.npmjs.org/signal-exit 163ms (cache revalidated)
1387 silly packumentCache full:https://registry.npmjs.org/signal-exit set size:53489 disposed:false
1388 http fetch GET 200 https://registry.npmjs.org/onetime 798ms (cache revalidated)
1389 silly packumentCache full:https://registry.npmjs.org/onetime set size:32314 disposed:false
1390 silly placeDep node_modules/edge-impulse-cli color-name@1.1.3 OK for: color-convert@1.9.3 want: 1.1.3
1391 silly placeDep node_modules/edge-impulse-cli chardet@0.7.0 OK for: external-editor@3.1.0 want: ^0.7.0
1392 silly placeDep node_modules/edge-impulse-cli tmp@0.0.33 OK for: external-editor@3.1.0 want: ^0.0.33
1393 silly fetch manifest os-tmpdir@~1.0.2
1394 silly packumentCache full:https://registry.npmjs.org/os-tmpdir cache-miss
1395 http fetch GET 200 https://registry.npmjs.org/os-tmpdir 287ms (cache revalidated)
1396 silly packumentCache full:https://registry.npmjs.org/os-tmpdir set size:8847 disposed:false
1397 silly placeDep node_modules/edge-impulse-cli/node_modules/inquirer-search-list figures@2.0.0 OK for: inquirer-search-list@1.2.6 want: ^2.0.0
1398 silly placeDep node_modules/edge-impulse-cli fuzzy@0.1.3 OK for: inquirer-search-list@1.2.6 want: ^0.1.3
1399 silly placeDep node_modules/edge-impulse-cli/node_modules/inquirer-search-list inquirer@3.3.0 OK for: inquirer-search-list@1.2.6 want: ^3.3.0
1400 silly fetch manifest rx-lite@^4.0.8
1401 silly packumentCache full:https://registry.npmjs.org/rx-lite cache-miss
1402 silly fetch manifest cli-cursor@^2.1.0
1403 silly packumentCache full:https://registry.npmjs.org/cli-cursor cache-hit
1404 silly fetch manifest strip-ansi@^4.0.0
1405 silly packumentCache full:https://registry.npmjs.org/strip-ansi cache-hit
1406 silly fetch manifest mute-stream@0.0.7
1407 silly packumentCache full:https://registry.npmjs.org/mute-stream cache-hit
1408 silly fetch manifest ansi-escapes@^3.0.0
1409 silly packumentCache full:https://registry.npmjs.org/ansi-escapes cache-hit
1410 silly fetch manifest string-width@^2.1.0
1411 silly packumentCache full:https://registry.npmjs.org/string-width cache-hit
1412 silly fetch manifest external-editor@^2.0.4
1413 silly packumentCache full:https://registry.npmjs.org/external-editor cache-hit
1414 silly fetch manifest rx-lite-aggregates@^4.0.8
1415 silly packumentCache full:https://registry.npmjs.org/rx-lite-aggregates cache-miss
1416 http fetch GET 200 https://registry.npmjs.org/rx-lite-aggregates 294ms (cache revalidated)
1417 silly packumentCache full:https://registry.npmjs.org/rx-lite-aggregates set size:35446 disposed:false
1418 http fetch GET 200 https://registry.npmjs.org/rx-lite 310ms (cache revalidated)
1419 silly packumentCache full:https://registry.npmjs.org/rx-lite set size:50908 disposed:false
1420 silly placeDep node_modules/edge-impulse-cli argparse@2.0.1 OK for: js-yaml@4.1.0 want: ^2.0.1
1421 silly placeDep node_modules/edge-impulse-cli mime-db@1.52.0 OK for: mime-types@2.1.35 want: 1.52.0
1422 silly placeDep node_modules/edge-impulse-cli @npmcli/redact@2.0.1 OK for: npm-registry-fetch@17.1.0 want: ^2.0.0
1423 silly placeDep node_modules/edge-impulse-cli jsonparse@1.3.1 OK for: npm-registry-fetch@17.1.0 want: ^1.3.1
1424 silly placeDep node_modules/edge-impulse-cli make-fetch-happen@13.0.1 OK for: npm-registry-fetch@17.1.0 want: ^13.0.0
1425 silly placeDep node_modules/edge-impulse-cli minipass@7.1.3 OK for: npm-registry-fetch@17.1.0 want: ^7.0.2
1426 silly placeDep node_modules/edge-impulse-cli minipass-fetch@3.0.5 OK for: npm-registry-fetch@17.1.0 want: ^3.0.0
1427 silly placeDep node_modules/edge-impulse-cli minizlib@2.1.2 OK for: npm-registry-fetch@17.1.0 want: ^2.1.2
1428 silly placeDep node_modules/edge-impulse-cli npm-package-arg@11.0.3 OK for: npm-registry-fetch@17.1.0 want: ^11.0.0
1429 silly placeDep node_modules/edge-impulse-cli proc-log@4.2.0 OK for: npm-registry-fetch@17.1.0 want: ^4.0.0
1430 silly fetch manifest ssri@^10.0.0
1431 silly packumentCache full:https://registry.npmjs.org/ssri cache-miss
1432 silly fetch manifest cacache@^18.0.0
1433 silly packumentCache full:https://registry.npmjs.org/cacache cache-miss
1434 silly fetch manifest proc-log@^4.2.0
1435 silly packumentCache full:https://registry.npmjs.org/proc-log cache-hit
1436 silly fetch manifest is-lambda@^1.0.1
1437 silly packumentCache full:https://registry.npmjs.org/is-lambda cache-miss
1438 silly fetch manifest @npmcli/agent@^2.0.0
1439 silly packumentCache full:https://registry.npmjs.org/@npmcli%2fagent cache-miss
1440 silly fetch manifest promise-retry@^2.0.1
1441 silly packumentCache full:https://registry.npmjs.org/promise-retry cache-miss
1442 silly fetch manifest minipass-flush@^1.0.5
1443 silly packumentCache full:https://registry.npmjs.org/minipass-flush cache-miss
1444 silly fetch manifest minipass-pipeline@^1.2.4
1445 silly packumentCache full:https://registry.npmjs.org/minipass-pipeline cache-miss
1446 http fetch GET 200 https://registry.npmjs.org/minipass-pipeline 143ms (cache revalidated)
1447 silly packumentCache full:https://registry.npmjs.org/minipass-pipeline set size:32257 disposed:false
1448 silly fetch manifest http-cache-semantics@^4.1.1
1449 silly packumentCache full:https://registry.npmjs.org/http-cache-semantics cache-miss
1450 http fetch GET 200 https://registry.npmjs.org/promise-retry 154ms (cache revalidated)
1451 silly packumentCache full:https://registry.npmjs.org/promise-retry set size:34511 disposed:false
1452 silly fetch manifest minipass-sized@^1.0.3
1453 silly packumentCache full:https://registry.npmjs.org/minipass-sized cache-miss
1454 http fetch GET 200 https://registry.npmjs.org/ssri 167ms (cache revalidated)
1455 silly packumentCache full:https://registry.npmjs.org/ssri set size:136145 disposed:false
1456 silly fetch manifest encoding@^0.1.13
1457 silly packumentCache full:https://registry.npmjs.org/encoding cache-miss
1458 http fetch GET 200 https://registry.npmjs.org/cacache 180ms (cache revalidated)
1459 silly packumentCache full:https://registry.npmjs.org/cacache set size:382726 disposed:false
1460 silly fetch manifest minipass@^3.0.0
1461 silly packumentCache full:https://registry.npmjs.org/minipass cache-hit
1462 silly fetch manifest semver@^7.3.5
1463 silly packumentCache full:https://registry.npmjs.org/semver cache-hit
1464 silly fetch manifest hosted-git-info@^7.0.0
1465 silly packumentCache full:https://registry.npmjs.org/hosted-git-info cache-miss
1466 http fetch GET 200 https://registry.npmjs.org/minipass-flush 209ms (cache revalidated)
1467 silly packumentCache full:https://registry.npmjs.org/minipass-flush set size:21037 disposed:false
1468 silly fetch manifest validate-npm-package-name@^5.0.0
1469 silly packumentCache full:https://registry.npmjs.org/validate-npm-package-name cache-miss
1470 http fetch GET 200 https://registry.npmjs.org/minipass-sized 143ms (cache revalidated)
1471 silly packumentCache full:https://registry.npmjs.org/minipass-sized set size:14420 disposed:false
1472 http fetch GET 200 https://registry.npmjs.org/hosted-git-info 109ms (cache revalidated)
1473 silly packumentCache full:https://registry.npmjs.org/hosted-git-info set size:178854 disposed:false
1474 http fetch GET 200 https://registry.npmjs.org/encoding 145ms (cache revalidated)
1475 silly packumentCache full:https://registry.npmjs.org/encoding set size:17833 disposed:false
1476 http fetch GET 200 https://registry.npmjs.org/validate-npm-package-name 109ms (cache revalidated)
1477 silly packumentCache full:https://registry.npmjs.org/validate-npm-package-name set size:48143 disposed:false
1478 http fetch GET 200 https://registry.npmjs.org/@npmcli%2fagent 373ms (cache revalidated)
1479 silly packumentCache full:https://registry.npmjs.org/@npmcli%2fagent set size:28377 disposed:false
1480 http fetch GET 200 https://registry.npmjs.org/http-cache-semantics 376ms (cache revalidated)
1481 silly packumentCache full:https://registry.npmjs.org/http-cache-semantics set size:66288 disposed:false
1482 http fetch GET 200 https://registry.npmjs.org/is-lambda 872ms (cache revalidated)
1483 silly packumentCache full:https://registry.npmjs.org/is-lambda set size:4411 disposed:false
1484 silly placeDep node_modules/edge-impulse-cli @npmcli/agent@2.2.2 OK for: make-fetch-happen@13.0.1 want: ^2.0.0
1485 silly placeDep node_modules/edge-impulse-cli cacache@18.0.4 OK for: make-fetch-happen@13.0.1 want: ^18.0.0
1486 silly placeDep node_modules/edge-impulse-cli http-cache-semantics@4.2.0 OK for: make-fetch-happen@13.0.1 want: ^4.1.1
1487 silly placeDep node_modules/edge-impulse-cli is-lambda@1.0.1 OK for: make-fetch-happen@13.0.1 want: ^1.0.1
1488 silly placeDep node_modules/edge-impulse-cli minipass-flush@1.0.7 OK for: make-fetch-happen@13.0.1 want: ^1.0.5
1489 silly placeDep node_modules/edge-impulse-cli minipass-pipeline@1.2.4 OK for: make-fetch-happen@13.0.1 want: ^1.2.4
1490 silly placeDep node_modules/edge-impulse-cli promise-retry@2.0.1 OK for: make-fetch-happen@13.0.1 want: ^2.0.1
1491 silly placeDep node_modules/edge-impulse-cli ssri@10.0.6 OK for: make-fetch-happen@13.0.1 want: ^10.0.0
1492 silly fetch manifest lru-cache@^10.0.1
1493 silly packumentCache full:https://registry.npmjs.org/lru-cache cache-miss
1494 silly fetch manifest agent-base@^7.1.0
1495 silly packumentCache full:https://registry.npmjs.org/agent-base cache-miss
1496 silly fetch manifest http-proxy-agent@^7.0.0
1497 silly packumentCache full:https://registry.npmjs.org/http-proxy-agent cache-miss
1498 silly fetch manifest https-proxy-agent@^7.0.1
1499 silly packumentCache full:https://registry.npmjs.org/https-proxy-agent cache-miss
1500 silly fetch manifest socks-proxy-agent@^8.0.3
1501 silly packumentCache full:https://registry.npmjs.org/socks-proxy-agent cache-miss
1502 silly fetch manifest glob@^10.2.2
1503 silly packumentCache full:https://registry.npmjs.org/glob cache-miss
1504 silly fetch manifest p-map@^4.0.0
1505 silly packumentCache full:https://registry.npmjs.org/p-map cache-miss
1506 http fetch GET 200 https://registry.npmjs.org/agent-base 195ms (cache revalidated)
1507 silly packumentCache full:https://registry.npmjs.org/agent-base set size:72085 disposed:false
1508 silly fetch manifest lru-cache@^10.0.1
1509 silly packumentCache full:https://registry.npmjs.org/lru-cache cache-miss
1510 http fetch GET 200 https://registry.npmjs.org/http-proxy-agent 205ms (cache revalidated)
1511 silly packumentCache full:https://registry.npmjs.org/http-proxy-agent set size:54849 disposed:false
1512 silly fetch manifest @npmcli/fs@^3.1.0
1513 silly packumentCache full:https://registry.npmjs.org/@npmcli%2ffs cache-miss
1514 http fetch GET 200 https://registry.npmjs.org/socks-proxy-agent 213ms (cache revalidated)
1515 silly packumentCache full:https://registry.npmjs.org/socks-proxy-agent set size:104740 disposed:false
1516 silly fetch manifest fs-minipass@^3.0.0
1517 silly packumentCache full:https://registry.npmjs.org/fs-minipass cache-hit
1518 silly fetch manifest unique-filename@^3.0.0
1519 silly packumentCache full:https://registry.npmjs.org/unique-filename cache-miss
1520 http fetch GET 200 https://registry.npmjs.org/glob 229ms (cache revalidated)
1521 silly packumentCache full:https://registry.npmjs.org/glob set size:469465 disposed:false
1522 silly fetch manifest minipass-collect@^2.0.1
1523 silly packumentCache full:https://registry.npmjs.org/minipass-collect cache-miss
1524 http fetch GET 200 https://registry.npmjs.org/p-map 250ms (cache revalidated)
1525 silly packumentCache full:https://registry.npmjs.org/p-map set size:52373 disposed:false
1526 silly fetch manifest err-code@^2.0.2
1527 silly packumentCache full:https://registry.npmjs.org/err-code cache-miss
1528 http fetch GET 200 https://registry.npmjs.org/https-proxy-agent 267ms (cache revalidated)
1529 silly packumentCache full:https://registry.npmjs.org/https-proxy-agent set size:81258 disposed:false
1530 silly fetch manifest retry@^0.12.0
1531 silly packumentCache full:https://registry.npmjs.org/retry cache-miss
1532 http fetch GET 200 https://registry.npmjs.org/lru-cache 276ms (cache revalidated)
1533 silly packumentCache full:https://registry.npmjs.org/lru-cache set size:439357 disposed:false
1534 http cache https://registry.npmjs.org/lru-cache 139ms (cache hit)
1535 silly packumentCache full:https://registry.npmjs.org/lru-cache set size:439357 disposed:false
1536 silly packumentCache full:https://registry.npmjs.org/lru-cache dispose
1537 http fetch GET 200 https://registry.npmjs.org/minipass-collect 383ms (cache revalidated)
1538 silly packumentCache full:https://registry.npmjs.org/minipass-collect set size:12471 disposed:false
1539 http fetch GET 200 https://registry.npmjs.org/retry 365ms (cache revalidated)
1540 silly packumentCache full:https://registry.npmjs.org/retry set size:31161 disposed:false
1541 http fetch GET 200 https://registry.npmjs.org/unique-filename 413ms (cache revalidated)
1542 silly packumentCache full:https://registry.npmjs.org/unique-filename set size:21989 disposed:false
1543 http fetch GET 200 https://registry.npmjs.org/@npmcli%2ffs 432ms (cache revalidated)
1544 silly packumentCache full:https://registry.npmjs.org/@npmcli%2ffs set size:40494 disposed:false
1545 http fetch GET 200 https://registry.npmjs.org/err-code 387ms (cache revalidated)
1546 silly packumentCache full:https://registry.npmjs.org/err-code set size:29518 disposed:false
1547 silly placeDep node_modules/edge-impulse-cli agent-base@7.1.4 OK for: @npmcli/agent@2.2.2 want: ^7.1.0
1548 silly placeDep node_modules/edge-impulse-cli http-proxy-agent@7.0.2 OK for: @npmcli/agent@2.2.2 want: ^7.0.0
1549 silly placeDep node_modules/edge-impulse-cli https-proxy-agent@7.0.6 OK for: @npmcli/agent@2.2.2 want: ^7.0.1
1550 silly placeDep node_modules/edge-impulse-cli lru-cache@10.4.3 OK for: @npmcli/agent@2.2.2 want: ^10.0.1
1551 silly placeDep node_modules/edge-impulse-cli socks-proxy-agent@8.0.5 OK for: @npmcli/agent@2.2.2 want: ^8.0.3
1552 silly fetch manifest debug@^4.3.4
1553 silly packumentCache full:https://registry.npmjs.org/debug cache-hit
1554 silly fetch manifest debug@4
1555 silly packumentCache full:https://registry.npmjs.org/debug cache-hit
1556 silly fetch manifest debug@^4.3.4
1557 silly packumentCache full:https://registry.npmjs.org/debug cache-hit
1558 silly fetch manifest socks@^2.8.3
1559 silly packumentCache full:https://registry.npmjs.org/socks cache-miss
1560 http fetch GET 200 https://registry.npmjs.org/socks 59ms (cache revalidated)
1561 silly packumentCache full:https://registry.npmjs.org/socks set size:168523 disposed:false
1562 silly placeDep node_modules/edge-impulse-cli @npmcli/fs@3.1.1 OK for: cacache@18.0.4 want: ^3.1.0
1563 silly placeDep node_modules/edge-impulse-cli fs-minipass@3.0.3 OK for: cacache@18.0.4 want: ^3.0.0
1564 silly placeDep node_modules/edge-impulse-cli glob@10.5.0 OK for: cacache@18.0.4 want: ^10.2.2
1565 silly placeDep node_modules/edge-impulse-cli minipass-collect@2.0.1 OK for: cacache@18.0.4 want: ^2.0.1
1566 silly placeDep node_modules/edge-impulse-cli p-map@4.0.0 OK for: cacache@18.0.4 want: ^4.0.0
1567 silly placeDep node_modules/edge-impulse-cli unique-filename@3.0.0 OK for: cacache@18.0.4 want: ^3.0.0
1568 silly fetch manifest jackspeak@^3.1.2
1569 silly packumentCache full:https://registry.npmjs.org/jackspeak cache-miss
1570 silly fetch manifest minimatch@^9.0.4
1571 silly packumentCache full:https://registry.npmjs.org/minimatch cache-miss
1572 silly fetch manifest path-scurry@^1.11.1
1573 silly packumentCache full:https://registry.npmjs.org/path-scurry cache-miss
1574 silly fetch manifest foreground-child@^3.1.0
1575 silly packumentCache full:https://registry.npmjs.org/foreground-child cache-miss
1576 silly fetch manifest package-json-from-dist@^1.0.0
1577 silly packumentCache full:https://registry.npmjs.org/package-json-from-dist cache-miss
1578 silly fetch manifest aggregate-error@^3.0.0
1579 silly packumentCache full:https://registry.npmjs.org/aggregate-error cache-miss
1580 silly fetch manifest unique-slug@^4.0.0
1581 silly packumentCache full:https://registry.npmjs.org/unique-slug cache-miss
1582 http fetch GET 200 https://registry.npmjs.org/aggregate-error 368ms (cache revalidated)
1583 silly packumentCache full:https://registry.npmjs.org/aggregate-error set size:29031 disposed:false
1584 http fetch GET 200 https://registry.npmjs.org/package-json-from-dist 373ms (cache revalidated)
1585 silly packumentCache full:https://registry.npmjs.org/package-json-from-dist set size:8854 disposed:false
1586 http fetch GET 200 https://registry.npmjs.org/jackspeak 378ms (cache revalidated)
1587 silly packumentCache full:https://registry.npmjs.org/jackspeak set size:204267 disposed:false
1588 http fetch GET 200 https://registry.npmjs.org/foreground-child 404ms (cache revalidated)
1589 silly packumentCache full:https://registry.npmjs.org/foreground-child set size:71503 disposed:false
1590 http fetch GET 200 https://registry.npmjs.org/path-scurry 411ms (cache revalidated)
1591 silly packumentCache full:https://registry.npmjs.org/path-scurry set size:117612 disposed:false
1592 http fetch GET 200 https://registry.npmjs.org/minimatch 417ms (cache revalidated)
1593 silly packumentCache full:https://registry.npmjs.org/minimatch set size:375282 disposed:false
1594 http fetch GET 200 https://registry.npmjs.org/unique-slug 423ms (cache revalidated)
1595 silly packumentCache full:https://registry.npmjs.org/unique-slug set size:20345 disposed:false
1596 silly placeDep node_modules/edge-impulse-cli semver@7.7.4 OK for: @npmcli/fs@3.1.1 want: ^7.3.5
1597 silly placeDep node_modules/edge-impulse-cli foreground-child@3.3.1 OK for: glob@10.5.0 want: ^3.1.0
1598 silly placeDep node_modules/edge-impulse-cli jackspeak@3.4.3 OK for: glob@10.5.0 want: ^3.1.2
1599 silly placeDep node_modules/edge-impulse-cli minimatch@9.0.9 OK for: glob@10.5.0 want: ^9.0.4
1600 silly placeDep node_modules/edge-impulse-cli package-json-from-dist@1.0.1 OK for: glob@10.5.0 want: ^1.0.0
1601 silly placeDep node_modules/edge-impulse-cli path-scurry@1.11.1 OK for: glob@10.5.0 want: ^1.11.1
1602 silly fetch manifest cross-spawn@^7.0.6
1603 silly packumentCache full:https://registry.npmjs.org/cross-spawn cache-miss
1604 silly fetch manifest signal-exit@^4.0.1
1605 silly packumentCache full:https://registry.npmjs.org/signal-exit cache-hit
1606 silly fetch manifest @isaacs/cliui@^8.0.2
1607 silly packumentCache full:https://registry.npmjs.org/@isaacs%2fcliui cache-miss
1608 silly fetch manifest @pkgjs/parseargs@^0.11.0
1609 silly packumentCache full:https://registry.npmjs.org/@pkgjs%2fparseargs cache-miss
1610 silly fetch manifest brace-expansion@^2.0.2
1611 silly packumentCache full:https://registry.npmjs.org/brace-expansion cache-miss
1612 http fetch GET 200 https://registry.npmjs.org/@pkgjs%2fparseargs 147ms (cache revalidated)
1613 silly packumentCache full:https://registry.npmjs.org/@pkgjs%2fparseargs set size:51085 disposed:false
1614 http fetch GET 200 https://registry.npmjs.org/@isaacs%2fcliui 150ms (cache revalidated)
1615 silly packumentCache full:https://registry.npmjs.org/@isaacs%2fcliui set size:12263 disposed:false
1616 http fetch GET 200 https://registry.npmjs.org/brace-expansion 154ms (cache revalidated)
1617 silly packumentCache full:https://registry.npmjs.org/brace-expansion set size:65768 disposed:false
1618 http fetch GET 200 https://registry.npmjs.org/cross-spawn 161ms (cache revalidated)
1619 silly packumentCache full:https://registry.npmjs.org/cross-spawn set size:109066 disposed:false
1620 silly placeDep node_modules/edge-impulse-cli cross-spawn@7.0.6 OK for: foreground-child@3.3.1 want: ^7.0.6
1621 silly placeDep node_modules/edge-impulse-cli signal-exit@4.1.0 OK for: foreground-child@3.3.1 want: ^4.0.1
1622 silly fetch manifest which@^2.0.1
1623 silly packumentCache full:https://registry.npmjs.org/which cache-miss
1624 silly fetch manifest path-key@^3.1.0
1625 silly packumentCache full:https://registry.npmjs.org/path-key cache-miss
1626 silly fetch manifest shebang-command@^2.0.0
1627 silly packumentCache full:https://registry.npmjs.org/shebang-command cache-miss
1628 http fetch GET 200 https://registry.npmjs.org/shebang-command 194ms (cache revalidated)
1629 silly packumentCache full:https://registry.npmjs.org/shebang-command set size:8525 disposed:false
1630 http fetch GET 200 https://registry.npmjs.org/which 197ms (cache revalidated)
1631 silly packumentCache full:https://registry.npmjs.org/which set size:67747 disposed:false
1632 http fetch GET 200 https://registry.npmjs.org/path-key 201ms (cache revalidated)
1633 silly packumentCache full:https://registry.npmjs.org/path-key set size:16975 disposed:false
1634 silly placeDep node_modules/edge-impulse-cli path-key@3.1.1 OK for: cross-spawn@7.0.6 want: ^3.1.0
1635 silly placeDep node_modules/edge-impulse-cli shebang-command@2.0.0 OK for: cross-spawn@7.0.6 want: ^2.0.0
1636 silly placeDep node_modules/edge-impulse-cli which@2.0.2 OK for: cross-spawn@7.0.6 want: ^2.0.1
1637 silly fetch manifest shebang-regex@^3.0.0
1638 silly packumentCache full:https://registry.npmjs.org/shebang-regex cache-miss
1639 silly fetch manifest isexe@^2.0.0
1640 silly packumentCache full:https://registry.npmjs.org/isexe cache-miss
1641 http fetch GET 200 https://registry.npmjs.org/shebang-regex 138ms (cache revalidated)
1642 silly packumentCache full:https://registry.npmjs.org/shebang-regex set size:9763 disposed:false
1643 http fetch GET 200 https://registry.npmjs.org/isexe 138ms (cache revalidated)
1644 silly packumentCache full:https://registry.npmjs.org/isexe set size:31756 disposed:false
1645 silly placeDep node_modules/edge-impulse-cli/node_modules/http-proxy-agent debug@4.4.3 OK for: http-proxy-agent@7.0.2 want: ^4.3.4
1646 silly fetch manifest ms@^2.1.3
1647 silly packumentCache full:https://registry.npmjs.org/ms cache-hit
1648 silly placeDep node_modules/edge-impulse-cli/node_modules/https-proxy-agent debug@4.4.3 OK for: https-proxy-agent@7.0.6 want: 4
1649 silly placeDep node_modules/edge-impulse-cli @isaacs/cliui@8.0.2 OK for: jackspeak@3.4.3 want: ^8.0.2
1650 silly placeDep node_modules/edge-impulse-cli @pkgjs/parseargs@0.11.0 OK for: jackspeak@3.4.3 want: ^0.11.0
1651 silly fetch manifest wrap-ansi@^8.1.0
1652 silly packumentCache full:https://registry.npmjs.org/wrap-ansi cache-miss
1653 silly fetch manifest strip-ansi@^7.0.1
1654 silly packumentCache full:https://registry.npmjs.org/strip-ansi cache-hit
1655 silly fetch manifest string-width@^5.1.2
1656 silly packumentCache full:https://registry.npmjs.org/string-width cache-hit
1657 silly fetch manifest wrap-ansi-cjs@npm:wrap-ansi@^7.0.0
1658 silly packumentCache full:https://registry.npmjs.org/wrap-ansi cache-miss
1659 silly fetch manifest strip-ansi-cjs@npm:strip-ansi@^6.0.1
1660 silly packumentCache full:https://registry.npmjs.org/strip-ansi cache-hit
1661 silly fetch manifest string-width-cjs@npm:string-width@^4.2.0
1662 silly packumentCache full:https://registry.npmjs.org/string-width cache-hit
1663 http fetch GET 200 https://registry.npmjs.org/wrap-ansi 82ms (cache revalidated)
1664 silly packumentCache full:https://registry.npmjs.org/wrap-ansi set size:55299 disposed:false
1665 http fetch GET 200 https://registry.npmjs.org/wrap-ansi 89ms (cache revalidated)
1666 silly packumentCache full:https://registry.npmjs.org/wrap-ansi set size:55299 disposed:false
1667 silly packumentCache full:https://registry.npmjs.org/wrap-ansi dispose
1668 silly placeDep node_modules/edge-impulse-cli/node_modules/@isaacs/cliui string-width@5.1.2 OK for: @isaacs/cliui@8.0.2 want: ^5.1.2
1669 silly placeDep node_modules/edge-impulse-cli string-width-cjs@4.2.3 OK for: @isaacs/cliui@8.0.2 want: npm:string-width@^4.2.0
1670 silly placeDep node_modules/edge-impulse-cli/node_modules/@isaacs/cliui strip-ansi@7.2.0 OK for: @isaacs/cliui@8.0.2 want: ^7.0.1
1671 silly placeDep node_modules/edge-impulse-cli strip-ansi-cjs@6.0.1 OK for: @isaacs/cliui@8.0.2 want: npm:strip-ansi@^6.0.1
1672 silly placeDep node_modules/edge-impulse-cli wrap-ansi@8.1.0 OK for: @isaacs/cliui@8.0.2 want: ^8.1.0
1673 silly placeDep node_modules/edge-impulse-cli wrap-ansi-cjs@7.0.0 OK for: @isaacs/cliui@8.0.2 want: npm:wrap-ansi@^7.0.0
1674 silly fetch manifest emoji-regex@^9.2.2
1675 silly packumentCache full:https://registry.npmjs.org/emoji-regex cache-hit
1676 silly fetch manifest eastasianwidth@^0.2.0
1677 silly packumentCache full:https://registry.npmjs.org/eastasianwidth cache-miss
1678 silly fetch manifest ansi-regex@^6.2.2
1679 silly packumentCache full:https://registry.npmjs.org/ansi-regex cache-hit
1680 silly fetch manifest ansi-regex@^5.0.1
1681 silly packumentCache full:https://registry.npmjs.org/ansi-regex cache-hit
1682 silly fetch manifest ansi-styles@^6.1.0
1683 silly packumentCache full:https://registry.npmjs.org/ansi-styles cache-hit
1684 silly fetch manifest string-width@^5.0.1
1685 silly packumentCache full:https://registry.npmjs.org/string-width cache-hit
1686 silly fetch manifest strip-ansi@^6.0.0
1687 silly packumentCache full:https://registry.npmjs.org/strip-ansi cache-hit
1688 silly fetch manifest ansi-styles@^4.0.0
1689 silly packumentCache full:https://registry.npmjs.org/ansi-styles cache-hit
1690 http fetch GET 200 https://registry.npmjs.org/eastasianwidth 73ms (cache revalidated)
1691 silly packumentCache full:https://registry.npmjs.org/eastasianwidth set size:7890 disposed:false
1692 silly placeDep node_modules/edge-impulse-cli brace-expansion@2.1.0 OK for: minimatch@9.0.9 want: ^2.0.2
1693 silly fetch manifest balanced-match@^1.0.0
1694 silly packumentCache full:https://registry.npmjs.org/balanced-match cache-miss
1695 http fetch GET 200 https://registry.npmjs.org/balanced-match 68ms (cache revalidated)
1696 silly packumentCache full:https://registry.npmjs.org/balanced-match set size:39082 disposed:false
1697 silly placeDep node_modules/edge-impulse-cli balanced-match@1.0.2 OK for: brace-expansion@2.1.0 want: ^1.0.0
1698 silly placeDep node_modules/edge-impulse-cli encoding@0.1.13 OK for: minipass-fetch@3.0.5 want: ^0.1.13
1699 silly placeDep node_modules/edge-impulse-cli minipass-sized@1.0.3 OK for: minipass-fetch@3.0.5 want: ^1.0.3
1700 silly fetch manifest iconv-lite@^0.6.2
1701 silly packumentCache full:https://registry.npmjs.org/iconv-lite cache-hit
1702 silly placeDep node_modules/edge-impulse-cli/node_modules/encoding iconv-lite@0.6.3 OK for: encoding@0.1.13 want: ^0.6.2
1703 silly placeDep node_modules/edge-impulse-cli/node_modules/minipass-flush minipass@3.3.6 OK for: minipass-flush@1.0.7 want: ^3.0.0
1704 silly placeDep node_modules/edge-impulse-cli/node_modules/minipass-pipeline minipass@3.3.6 OK for: minipass-pipeline@1.2.4 want: ^3.0.0
1705 silly placeDep node_modules/edge-impulse-cli/node_modules/minipass-sized minipass@3.3.6 OK for: minipass-sized@1.0.3 want: ^3.0.0
1706 silly placeDep node_modules/edge-impulse-cli/node_modules/minizlib minipass@3.3.6 OK for: minizlib@2.1.2 want: ^3.0.0
1707 silly placeDep node_modules/edge-impulse-cli yallist@4.0.0 OK for: minizlib@2.1.2 want: ^4.0.0
1708 silly placeDep node_modules/edge-impulse-cli hosted-git-info@7.0.2 OK for: npm-package-arg@11.0.3 want: ^7.0.0
1709 silly placeDep node_modules/edge-impulse-cli validate-npm-package-name@5.0.1 OK for: npm-package-arg@11.0.3 want: ^5.0.0
1710 silly placeDep node_modules/edge-impulse-cli ee-first@1.1.1 OK for: on-finished@2.4.1 want: 1.1.1
1711 silly placeDep node_modules/edge-impulse-cli aggregate-error@3.1.0 OK for: p-map@4.0.0 want: ^3.0.0
1712 silly fetch manifest clean-stack@^2.0.0
1713 silly packumentCache full:https://registry.npmjs.org/clean-stack cache-miss
1714 silly fetch manifest indent-string@^4.0.0
1715 silly packumentCache full:https://registry.npmjs.org/indent-string cache-miss
1716 http fetch GET 200 https://registry.npmjs.org/clean-stack 69ms (cache revalidated)
1717 silly packumentCache full:https://registry.npmjs.org/clean-stack set size:52858 disposed:false
1718 http fetch GET 200 https://registry.npmjs.org/indent-string 138ms (cache revalidated)
1719 silly packumentCache full:https://registry.npmjs.org/indent-string set size:28547 disposed:false
1720 silly placeDep node_modules/edge-impulse-cli clean-stack@2.2.0 OK for: aggregate-error@3.1.0 want: ^2.0.0
1721 silly placeDep node_modules/edge-impulse-cli indent-string@4.0.0 OK for: aggregate-error@3.1.0 want: ^4.0.0
1722 silly placeDep node_modules/edge-impulse-cli err-code@2.0.3 OK for: promise-retry@2.0.1 want: ^2.0.2
1723 silly placeDep node_modules/edge-impulse-cli retry@0.12.0 OK for: promise-retry@2.0.1 want: ^0.12.0
1724 silly placeDep node_modules/edge-impulse-cli forwarded@0.2.0 OK for: proxy-addr@2.0.7 want: 0.2.0
1725 silly placeDep node_modules/edge-impulse-cli ipaddr.js@1.9.1 OK for: proxy-addr@2.0.7 want: 1.9.1
1726 silly placeDep node_modules/edge-impulse-cli side-channel@1.1.0 OK for: qs@6.13.0 want: ^1.0.6
1727 silly fetch manifest es-errors@^1.3.0
1728 silly packumentCache full:https://registry.npmjs.org/es-errors cache-miss
1729 silly fetch manifest object-inspect@^1.13.3
1730 silly packumentCache full:https://registry.npmjs.org/object-inspect cache-miss
1731 silly fetch manifest side-channel-list@^1.0.0
1732 silly packumentCache full:https://registry.npmjs.org/side-channel-list cache-miss
1733 silly fetch manifest side-channel-map@^1.0.1
1734 silly packumentCache full:https://registry.npmjs.org/side-channel-map cache-miss
1735 silly fetch manifest side-channel-weakmap@^1.0.2
1736 silly packumentCache full:https://registry.npmjs.org/side-channel-weakmap cache-miss
1737 http fetch GET 200 https://registry.npmjs.org/es-errors 82ms (cache revalidated)
1738 silly packumentCache full:https://registry.npmjs.org/es-errors set size:16918 disposed:false
1739 http fetch GET 200 https://registry.npmjs.org/side-channel-list 109ms (cache revalidated)
1740 silly packumentCache full:https://registry.npmjs.org/side-channel-list set size:9021 disposed:false
1741 http fetch GET 200 https://registry.npmjs.org/side-channel-weakmap 113ms (cache revalidated)
1742 silly packumentCache full:https://registry.npmjs.org/side-channel-weakmap set size:12620 disposed:false
1743 http fetch GET 200 https://registry.npmjs.org/side-channel-map 123ms (cache revalidated)
1744 silly packumentCache full:https://registry.npmjs.org/side-channel-map set size:9126 disposed:false
1745 http fetch GET 200 https://registry.npmjs.org/object-inspect 128ms (cache revalidated)
1746 silly packumentCache full:https://registry.npmjs.org/object-inspect set size:101912 disposed:false
1747 silly placeDep node_modules/edge-impulse-cli onetime@5.1.2 OK for: restore-cursor@3.1.0 want: ^5.1.0
1748 silly placeDep node_modules/edge-impulse-cli/node_modules/restore-cursor signal-exit@3.0.7 OK for: restore-cursor@3.1.0 want: ^3.0.2
1749 silly fetch manifest mimic-fn@^2.1.0
1750 silly packumentCache full:https://registry.npmjs.org/mimic-fn cache-miss
1751 http fetch GET 200 https://registry.npmjs.org/mimic-fn 74ms (cache revalidated)
1752 silly packumentCache full:https://registry.npmjs.org/mimic-fn set size:22257 disposed:false
1753 silly placeDep node_modules/edge-impulse-cli mimic-fn@2.1.0 OK for: onetime@5.1.2 want: ^2.1.0
1754 silly placeDep node_modules/edge-impulse-cli/node_modules/rxjs tslib@1.14.1 OK for: rxjs@6.6.7 want: ^1.9.0
1755 silly placeDep node_modules/edge-impulse-cli/node_modules/send encodeurl@1.0.2 OK for: send@0.19.0 want: ~1.0.2
1756 silly placeDep node_modules/edge-impulse-cli mime@1.6.0 OK for: send@0.19.0 want: 1.6.0
1757 silly placeDep node_modules/edge-impulse-cli/node_modules/send ms@2.1.3 OK for: send@0.19.0 want: 2.1.3
1758 silly placeDep node_modules/edge-impulse-cli @serialport/binding-mock@8.0.6 OK for: serialport@8.0.8 want: ^8.0.6
1759 silly placeDep node_modules/edge-impulse-cli @serialport/bindings@8.0.8 OK for: serialport@8.0.8 want: ^8.0.8
1760 silly placeDep node_modules/edge-impulse-cli @serialport/parser-byte-length@8.0.6 OK for: serialport@8.0.8 want: ^8.0.6
1761 silly placeDep node_modules/edge-impulse-cli @serialport/parser-cctalk@8.0.6 OK for: serialport@8.0.8 want: ^8.0.6
1762 silly placeDep node_modules/edge-impulse-cli @serialport/parser-delimiter@8.0.6 OK for: serialport@8.0.8 want: ^8.0.6
1763 silly placeDep node_modules/edge-impulse-cli @serialport/parser-readline@8.0.6 OK for: serialport@8.0.8 want: ^8.0.6
1764 silly placeDep node_modules/edge-impulse-cli @serialport/parser-ready@8.0.6 OK for: serialport@8.0.8 want: ^8.0.6
1765 silly placeDep node_modules/edge-impulse-cli @serialport/parser-regex@8.0.6 OK for: serialport@8.0.8 want: ^8.0.6
1766 silly placeDep node_modules/edge-impulse-cli @serialport/stream@8.0.6 OK for: serialport@8.0.8 want: ^8.0.6
1767 silly placeDep node_modules/edge-impulse-cli/node_modules/serialport debug@4.4.3 OK for: serialport@8.0.8 want: ^4.1.1
1768 silly fetch manifest @serialport/binding-abstract@^8.0.6
1769 silly packumentCache full:https://registry.npmjs.org/@serialport%2fbinding-abstract cache-miss
1770 silly fetch manifest @serialport/binding-abstract@^8.0.6
1771 silly packumentCache full:https://registry.npmjs.org/@serialport%2fbinding-abstract cache-miss
1772 silly fetch manifest bindings@^1.5.0
1773 silly packumentCache full:https://registry.npmjs.org/bindings cache-miss
1774 silly fetch manifest nan@^2.14.0
1775 silly packumentCache full:https://registry.npmjs.org/nan cache-miss
1776 silly fetch manifest prebuild-install@^5.3.0
1777 silly packumentCache full:https://registry.npmjs.org/prebuild-install cache-hit
1778 http fetch GET 200 https://registry.npmjs.org/bindings 92ms (cache revalidated)
1779 silly packumentCache full:https://registry.npmjs.org/bindings set size:31303 disposed:false
1780 http fetch GET 200 https://registry.npmjs.org/nan 115ms (cache revalidated)
1781 silly packumentCache full:https://registry.npmjs.org/nan set size:240692 disposed:false
1782 http fetch GET 200 https://registry.npmjs.org/@serialport%2fbinding-abstract 863ms (cache revalidated)
1783 silly packumentCache full:https://registry.npmjs.org/@serialport%2fbinding-abstract set size:54456 disposed:false
1784 http fetch GET 200 https://registry.npmjs.org/@serialport%2fbinding-abstract 865ms (cache revalidated)
1785 silly packumentCache full:https://registry.npmjs.org/@serialport%2fbinding-abstract set size:54456 disposed:false
1786 silly packumentCache full:https://registry.npmjs.org/@serialport%2fbinding-abstract dispose
1787 silly placeDep node_modules/edge-impulse-cli @serialport/binding-abstract@8.0.6 OK for: @serialport/binding-mock@8.0.6 want: ^8.0.6
1788 silly placeDep node_modules/edge-impulse-cli/node_modules/@serialport/binding-mock debug@4.4.3 OK for: @serialport/binding-mock@8.0.6 want: ^4.1.1
1789 silly placeDep node_modules/edge-impulse-cli/node_modules/@serialport/binding-abstract debug@4.4.3 OK for: @serialport/binding-abstract@8.0.6 want: ^4.1.1
1790 silly placeDep node_modules/edge-impulse-cli bindings@1.5.0 OK for: @serialport/bindings@8.0.8 want: ^1.5.0
1791 silly placeDep node_modules/edge-impulse-cli/node_modules/@serialport/bindings debug@4.4.3 OK for: @serialport/bindings@8.0.8 want: ^4.1.1
1792 silly placeDep node_modules/edge-impulse-cli nan@2.26.2 OK for: @serialport/bindings@8.0.8 want: ^2.14.0
1793 silly placeDep node_modules/edge-impulse-cli prebuild-install@5.3.6 OK for: @serialport/bindings@8.0.8 want: ^5.3.0
1794 silly fetch manifest file-uri-to-path@1.0.0
1795 silly packumentCache full:https://registry.npmjs.org/file-uri-to-path cache-miss
1796 silly fetch manifest rc@^1.2.7
1797 silly packumentCache full:https://registry.npmjs.org/rc cache-miss
1798 silly fetch manifest pump@^3.0.0
1799 silly packumentCache full:https://registry.npmjs.org/pump cache-miss
1800 silly fetch manifest npmlog@^4.0.1
1801 silly packumentCache full:https://registry.npmjs.org/npmlog cache-miss
1802 silly fetch manifest tar-fs@^2.0.0
1803 silly packumentCache full:https://registry.npmjs.org/tar-fs cache-hit
1804 silly fetch manifest minimist@^1.2.3
1805 silly packumentCache full:https://registry.npmjs.org/minimist cache-miss
1806 silly fetch manifest node-abi@^2.7.0
1807 silly packumentCache full:https://registry.npmjs.org/node-abi cache-miss
1808 silly fetch manifest simple-get@^3.0.3
1809 silly packumentCache full:https://registry.npmjs.org/simple-get cache-hit
1810 silly fetch manifest detect-libc@^1.0.3
1811 silly packumentCache full:https://registry.npmjs.org/detect-libc cache-hit
1812 silly fetch manifest noop-logger@^0.1.1
1813 silly packumentCache full:https://registry.npmjs.org/noop-logger cache-miss
1814 http fetch GET 200 https://registry.npmjs.org/file-uri-to-path 100ms (cache revalidated)
1815 silly packumentCache full:https://registry.npmjs.org/file-uri-to-path set size:10154 disposed:false
1816 silly fetch manifest which-pm-runs@^1.0.0
1817 silly packumentCache full:https://registry.npmjs.org/which-pm-runs cache-miss
1818 http fetch GET 200 https://registry.npmjs.org/rc 104ms (cache revalidated)
1819 silly packumentCache full:https://registry.npmjs.org/rc set size:70417 disposed:false
1820 silly fetch manifest mkdirp-classic@^0.5.3
1821 silly packumentCache full:https://registry.npmjs.org/mkdirp-classic cache-miss
1822 http fetch GET 200 https://registry.npmjs.org/pump 137ms (cache revalidated)
1823 silly packumentCache full:https://registry.npmjs.org/pump set size:41178 disposed:false
1824 silly fetch manifest expand-template@^2.0.3
1825 silly packumentCache full:https://registry.npmjs.org/expand-template cache-miss
1826 http fetch GET 200 https://registry.npmjs.org/minimist 142ms (cache revalidated)
1827 silly packumentCache full:https://registry.npmjs.org/minimist set size:77063 disposed:false
1828 silly fetch manifest napi-build-utils@^1.0.1
1829 silly packumentCache full:https://registry.npmjs.org/napi-build-utils cache-miss
1830 http fetch GET 200 https://registry.npmjs.org/node-abi 155ms (cache revalidated)
1831 silly packumentCache full:https://registry.npmjs.org/node-abi set size:358050 disposed:false
1832 silly fetch manifest github-from-package@0.0.0
1833 silly packumentCache full:https://registry.npmjs.org/github-from-package cache-miss
1834 http fetch GET 200 https://registry.npmjs.org/npmlog 210ms (cache revalidated)
1835 silly packumentCache full:https://registry.npmjs.org/npmlog set size:68061 disposed:false
1836 http fetch GET 200 https://registry.npmjs.org/mkdirp-classic 169ms (cache revalidated)
1837 silly packumentCache full:https://registry.npmjs.org/mkdirp-classic set size:5503 disposed:false
1838 http fetch GET 200 https://registry.npmjs.org/expand-template 169ms (cache revalidated)
1839 silly packumentCache full:https://registry.npmjs.org/expand-template set size:23203 disposed:false
1840 http fetch GET 200 https://registry.npmjs.org/github-from-package 135ms (cache revalidated)
1841 silly packumentCache full:https://registry.npmjs.org/github-from-package set size:3718 disposed:false
1842 http fetch GET 200 https://registry.npmjs.org/napi-build-utils 382ms (cache revalidated)
1843 silly packumentCache full:https://registry.npmjs.org/napi-build-utils set size:13501 disposed:false
1844 http fetch GET 200 https://registry.npmjs.org/noop-logger 799ms (cache revalidated)
1845 silly packumentCache full:https://registry.npmjs.org/noop-logger set size:4756 disposed:false
1846 http fetch GET 200 https://registry.npmjs.org/which-pm-runs 775ms (cache revalidated)
1847 silly packumentCache full:https://registry.npmjs.org/which-pm-runs set size:6553 disposed:false
1848 silly placeDep node_modules/edge-impulse-cli/node_modules/@serialport/stream debug@4.4.3 OK for: @serialport/stream@8.0.6 want: ^4.1.1
1849 silly placeDep node_modules/edge-impulse-cli file-uri-to-path@1.0.0 OK for: bindings@1.5.0 want: 1.0.0
1850 silly placeDep node_modules/edge-impulse-cli detect-libc@1.0.3 OK for: prebuild-install@5.3.6 want: ^1.0.3
1851 silly placeDep node_modules/edge-impulse-cli expand-template@2.0.3 OK for: prebuild-install@5.3.6 want: ^2.0.3
1852 silly placeDep node_modules/edge-impulse-cli github-from-package@0.0.0 OK for: prebuild-install@5.3.6 want: 0.0.0
1853 silly placeDep node_modules/edge-impulse-cli minimist@1.2.8 OK for: prebuild-install@5.3.6 want: ^1.2.3
1854 silly placeDep node_modules/edge-impulse-cli mkdirp-classic@0.5.3 OK for: prebuild-install@5.3.6 want: ^0.5.3
1855 silly placeDep node_modules/edge-impulse-cli napi-build-utils@1.0.2 OK for: prebuild-install@5.3.6 want: ^1.0.1
1856 silly placeDep node_modules/edge-impulse-cli node-abi@2.30.1 OK for: prebuild-install@5.3.6 want: ^2.7.0
1857 silly placeDep node_modules/edge-impulse-cli noop-logger@0.1.1 OK for: prebuild-install@5.3.6 want: ^0.1.1
1858 silly placeDep node_modules/edge-impulse-cli npmlog@4.1.2 OK for: prebuild-install@5.3.6 want: ^4.0.1
1859 silly placeDep node_modules/edge-impulse-cli pump@3.0.4 OK for: prebuild-install@5.3.6 want: ^3.0.0
1860 silly placeDep node_modules/edge-impulse-cli rc@1.2.8 OK for: prebuild-install@5.3.6 want: ^1.2.7
1861 silly placeDep node_modules/edge-impulse-cli simple-get@3.1.1 OK for: prebuild-install@5.3.6 want: ^3.0.3
1862 silly placeDep node_modules/edge-impulse-cli tar-fs@2.1.4 OK for: prebuild-install@5.3.6 want: ^2.0.0
1863 silly placeDep node_modules/edge-impulse-cli tunnel-agent@0.6.0 OK for: prebuild-install@5.3.6 want: ^0.6.0
1864 silly placeDep node_modules/edge-impulse-cli which-pm-runs@1.1.0 OK for: prebuild-install@5.3.6 want: ^1.0.0
1865 silly fetch manifest semver@^5.4.1
1866 silly packumentCache full:https://registry.npmjs.org/semver cache-hit
1867 silly fetch manifest gauge@~2.7.3
1868 silly packumentCache full:https://registry.npmjs.org/gauge cache-miss
1869 silly fetch manifest set-blocking@~2.0.0
1870 silly packumentCache full:https://registry.npmjs.org/set-blocking cache-miss
1871 silly fetch manifest are-we-there-yet@~1.1.2
1872 silly packumentCache full:https://registry.npmjs.org/are-we-there-yet cache-miss
1873 silly fetch manifest console-control-strings@~1.1.0
1874 silly packumentCache full:https://registry.npmjs.org/console-control-strings cache-miss
1875 silly fetch manifest end-of-stream@^1.1.0
1876 silly packumentCache full:https://registry.npmjs.org/end-of-stream cache-miss
1877 silly fetch manifest once@^1.3.1
1878 silly packumentCache full:https://registry.npmjs.org/once cache-miss
1879 silly fetch manifest ini@~1.3.0
1880 silly packumentCache full:https://registry.npmjs.org/ini cache-miss
1881 http fetch GET 200 https://registry.npmjs.org/set-blocking 117ms (cache revalidated)
1882 silly packumentCache full:https://registry.npmjs.org/set-blocking set size:5763 disposed:false
1883 silly fetch manifest deep-extend@^0.6.0
1884 silly packumentCache full:https://registry.npmjs.org/deep-extend cache-miss
1885 http fetch GET 200 https://registry.npmjs.org/gauge 120ms (cache revalidated)
1886 silly packumentCache full:https://registry.npmjs.org/gauge set size:100984 disposed:false
1887 silly fetch manifest strip-json-comments@~2.0.1
1888 silly packumentCache full:https://registry.npmjs.org/strip-json-comments cache-miss
1889 http fetch GET 200 https://registry.npmjs.org/end-of-stream 143ms (cache revalidated)
1890 silly packumentCache full:https://registry.npmjs.org/end-of-stream set size:27842 disposed:false
1891 silly fetch manifest decompress-response@^4.2.0
1892 silly packumentCache full:https://registry.npmjs.org/decompress-response cache-miss
1893 http fetch GET 200 https://registry.npmjs.org/ini 146ms (cache revalidated)
1894 silly packumentCache full:https://registry.npmjs.org/ini set size:56961 disposed:false
1895 silly fetch manifest once@^1.3.1
1896 silly packumentCache full:https://registry.npmjs.org/once cache-miss
1897 http fetch GET 200 https://registry.npmjs.org/console-control-strings 158ms (cache revalidated)
1898 silly packumentCache full:https://registry.npmjs.org/console-control-strings set size:9235 disposed:false
1899 silly fetch manifest simple-concat@^1.0.0
1900 silly packumentCache full:https://registry.npmjs.org/simple-concat cache-miss
1901 http fetch GET 200 https://registry.npmjs.org/once 162ms (cache revalidated)
1902 silly packumentCache full:https://registry.npmjs.org/once set size:11752 disposed:false
1903 silly fetch manifest chownr@^1.1.1
1904 silly packumentCache full:https://registry.npmjs.org/chownr cache-hit
1905 silly fetch manifest tar-stream@^2.1.4
1906 silly packumentCache full:https://registry.npmjs.org/tar-stream cache-miss
1907 http cache https://registry.npmjs.org/once 73ms (cache hit)
1908 silly packumentCache full:https://registry.npmjs.org/once set size:11752 disposed:false
1909 silly packumentCache full:https://registry.npmjs.org/once dispose
1910 http fetch GET 200 https://registry.npmjs.org/strip-json-comments 134ms (cache revalidated)
1911 silly packumentCache full:https://registry.npmjs.org/strip-json-comments set size:43569 disposed:false
1912 http fetch GET 200 https://registry.npmjs.org/decompress-response 130ms (cache revalidated)
1913 silly packumentCache full:https://registry.npmjs.org/decompress-response set size:36213 disposed:false
1914 http fetch GET 200 https://registry.npmjs.org/deep-extend 167ms (cache revalidated)
1915 silly packumentCache full:https://registry.npmjs.org/deep-extend set size:34472 disposed:false
1916 http fetch GET 200 https://registry.npmjs.org/tar-stream 122ms (cache revalidated)
1917 silly packumentCache full:https://registry.npmjs.org/tar-stream set size:134193 disposed:false
1918 http fetch GET 200 https://registry.npmjs.org/are-we-there-yet 319ms (cache revalidated)
1919 silly packumentCache full:https://registry.npmjs.org/are-we-there-yet set size:52257 disposed:false
1920 http fetch GET 200 https://registry.npmjs.org/simple-concat 339ms (cache revalidated)
1921 silly packumentCache full:https://registry.npmjs.org/simple-concat set size:6304 disposed:false
1922 silly placeDep node_modules/edge-impulse-cli/node_modules/node-abi semver@5.7.2 OK for: node-abi@2.30.1 want: ^5.4.1
1923 silly placeDep node_modules/edge-impulse-cli are-we-there-yet@1.1.7 OK for: npmlog@4.1.2 want: ~1.1.2
1924 silly placeDep node_modules/edge-impulse-cli console-control-strings@1.1.0 OK for: npmlog@4.1.2 want: ~1.1.0
1925 silly placeDep node_modules/edge-impulse-cli gauge@2.7.4 OK for: npmlog@4.1.2 want: ~2.7.3
1926 silly placeDep node_modules/edge-impulse-cli set-blocking@2.0.0 OK for: npmlog@4.1.2 want: ~2.0.0
1927 silly fetch manifest delegates@^1.0.0
1928 silly packumentCache full:https://registry.npmjs.org/delegates cache-miss
1929 silly fetch manifest readable-stream@^2.0.6
1930 silly packumentCache full:https://registry.npmjs.org/readable-stream cache-miss
1931 silly fetch manifest aproba@^1.0.3
1932 silly packumentCache full:https://registry.npmjs.org/aproba cache-miss
1933 silly fetch manifest strip-ansi@^3.0.1
1934 silly packumentCache full:https://registry.npmjs.org/strip-ansi cache-hit
1935 silly fetch manifest wide-align@^1.1.0
1936 silly packumentCache full:https://registry.npmjs.org/wide-align cache-miss
1937 silly fetch manifest has-unicode@^2.0.0
1938 silly packumentCache full:https://registry.npmjs.org/has-unicode cache-miss
1939 silly fetch manifest signal-exit@^3.0.0
1940 silly packumentCache full:https://registry.npmjs.org/signal-exit cache-hit
1941 silly fetch manifest string-width@^1.0.1
1942 silly packumentCache full:https://registry.npmjs.org/string-width cache-hit
1943 silly fetch manifest object-assign@^4.1.0
1944 silly packumentCache full:https://registry.npmjs.org/object-assign cache-miss
1945 http fetch GET 200 https://registry.npmjs.org/object-assign 93ms (cache revalidated)
1946 silly packumentCache full:https://registry.npmjs.org/object-assign set size:28988 disposed:false
1947 http fetch GET 200 https://registry.npmjs.org/delegates 102ms (cache revalidated)
1948 silly packumentCache full:https://registry.npmjs.org/delegates set size:8916 disposed:false
1949 http fetch GET 200 https://registry.npmjs.org/has-unicode 122ms (cache revalidated)
1950 silly packumentCache full:https://registry.npmjs.org/has-unicode set size:7567 disposed:false
1951 http fetch GET 200 https://registry.npmjs.org/wide-align 127ms (cache revalidated)
1952 silly packumentCache full:https://registry.npmjs.org/wide-align set size:16598 disposed:false
1953 http fetch GET 200 https://registry.npmjs.org/readable-stream 135ms (cache revalidated)
1954 silly packumentCache full:https://registry.npmjs.org/readable-stream set size:261096 disposed:false
1955 http fetch GET 200 https://registry.npmjs.org/aproba 347ms (cache revalidated)
1956 silly packumentCache full:https://registry.npmjs.org/aproba set size:20300 disposed:false
1957 silly placeDep node_modules/edge-impulse-cli delegates@1.0.0 OK for: are-we-there-yet@1.1.7 want: ^1.0.0
1958 silly placeDep node_modules/edge-impulse-cli readable-stream@2.3.8 OK for: are-we-there-yet@1.1.7 want: ^2.0.6
1959 silly fetch manifest isarray@~1.0.0
1960 silly packumentCache full:https://registry.npmjs.org/isarray cache-miss
1961 silly fetch manifest safe-buffer@~5.1.1
1962 silly packumentCache full:https://registry.npmjs.org/safe-buffer cache-hit
1963 silly fetch manifest core-util-is@~1.0.0
1964 silly packumentCache full:https://registry.npmjs.org/core-util-is cache-miss
1965 silly fetch manifest string_decoder@~1.1.1
1966 silly packumentCache full:https://registry.npmjs.org/string_decoder cache-miss
1967 silly fetch manifest util-deprecate@~1.0.1
1968 silly packumentCache full:https://registry.npmjs.org/util-deprecate cache-miss
1969 silly fetch manifest process-nextick-args@~2.0.0
1970 silly packumentCache full:https://registry.npmjs.org/process-nextick-args cache-miss
1971 http fetch GET 200 https://registry.npmjs.org/util-deprecate 92ms (cache revalidated)
1972 silly packumentCache full:https://registry.npmjs.org/util-deprecate set size:6674 disposed:false
1973 http fetch GET 200 https://registry.npmjs.org/isarray 112ms (cache revalidated)
1974 silly packumentCache full:https://registry.npmjs.org/isarray set size:17392 disposed:false
1975 http fetch GET 200 https://registry.npmjs.org/process-nextick-args 113ms (cache revalidated)
1976 silly packumentCache full:https://registry.npmjs.org/process-nextick-args set size:15428 disposed:false
1977 http fetch GET 200 https://registry.npmjs.org/core-util-is 118ms (cache revalidated)
1978 silly packumentCache full:https://registry.npmjs.org/core-util-is set size:7163 disposed:false
1979 http fetch GET 200 https://registry.npmjs.org/string_decoder 120ms (cache revalidated)
1980 silly packumentCache full:https://registry.npmjs.org/string_decoder set size:28441 disposed:false
1981 silly placeDep node_modules/edge-impulse-cli aproba@1.2.0 OK for: gauge@2.7.4 want: ^1.0.3
1982 silly placeDep node_modules/edge-impulse-cli has-unicode@2.0.1 OK for: gauge@2.7.4 want: ^2.0.0
1983 silly placeDep node_modules/edge-impulse-cli object-assign@4.1.1 OK for: gauge@2.7.4 want: ^4.1.0
1984 silly placeDep node_modules/edge-impulse-cli/node_modules/gauge signal-exit@3.0.7 OK for: gauge@2.7.4 want: ^3.0.0
1985 silly placeDep node_modules/edge-impulse-cli/node_modules/gauge string-width@1.0.2 OK for: gauge@2.7.4 want: ^1.0.1
1986 silly placeDep node_modules/edge-impulse-cli/node_modules/gauge strip-ansi@3.0.1 OK for: gauge@2.7.4 want: ^3.0.1
1987 silly placeDep node_modules/edge-impulse-cli wide-align@1.1.5 OK for: gauge@2.7.4 want: ^1.1.0
1988 silly fetch manifest strip-ansi@^3.0.0
1989 silly packumentCache full:https://registry.npmjs.org/strip-ansi cache-hit
1990 silly fetch manifest code-point-at@^1.0.0
1991 silly packumentCache full:https://registry.npmjs.org/code-point-at cache-miss
1992 silly fetch manifest is-fullwidth-code-point@^1.0.0
1993 silly packumentCache full:https://registry.npmjs.org/is-fullwidth-code-point cache-hit
1994 silly fetch manifest ansi-regex@^2.0.0
1995 silly packumentCache full:https://registry.npmjs.org/ansi-regex cache-hit
1996 http fetch GET 200 https://registry.npmjs.org/code-point-at 785ms (cache revalidated)
1997 silly packumentCache full:https://registry.npmjs.org/code-point-at set size:8688 disposed:false
1998 silly placeDep node_modules/edge-impulse-cli end-of-stream@1.4.5 OK for: pump@3.0.4 want: ^1.1.0
1999 silly placeDep node_modules/edge-impulse-cli once@1.4.0 OK for: pump@3.0.4 want: ^1.3.1
2000 silly fetch manifest once@^1.4.0
2001 silly packumentCache full:https://registry.npmjs.org/once cache-hit
2002 silly fetch manifest wrappy@1
2003 silly packumentCache full:https://registry.npmjs.org/wrappy cache-miss
2004 http fetch GET 200 https://registry.npmjs.org/wrappy 132ms (cache revalidated)
2005 silly packumentCache full:https://registry.npmjs.org/wrappy set size:7682 disposed:false
2006 silly placeDep node_modules/edge-impulse-cli wrappy@1.0.2 OK for: once@1.4.0 want: 1
2007 silly placeDep node_modules/edge-impulse-cli deep-extend@0.6.0 OK for: rc@1.2.8 want: ^0.6.0
2008 silly placeDep node_modules/edge-impulse-cli ini@1.3.8 OK for: rc@1.2.8 want: ~1.3.0
2009 silly placeDep node_modules/edge-impulse-cli strip-json-comments@2.0.1 OK for: rc@1.2.8 want: ~2.0.1
2010 silly placeDep node_modules/edge-impulse-cli core-util-is@1.0.3 OK for: readable-stream@2.3.8 want: ~1.0.0
2011 silly placeDep node_modules/edge-impulse-cli isarray@1.0.0 OK for: readable-stream@2.3.8 want: ~1.0.0
2012 silly placeDep node_modules/edge-impulse-cli process-nextick-args@2.0.1 OK for: readable-stream@2.3.8 want: ~2.0.0
2013 silly placeDep node_modules/edge-impulse-cli/node_modules/readable-stream safe-buffer@5.1.2 OK for: readable-stream@2.3.8 want: ~5.1.1
2014 silly placeDep node_modules/edge-impulse-cli string_decoder@1.1.1 OK for: readable-stream@2.3.8 want: ~1.1.1
2015 silly placeDep node_modules/edge-impulse-cli util-deprecate@1.0.2 OK for: readable-stream@2.3.8 want: ~1.0.1
2016 silly fetch manifest safe-buffer@~5.1.0
2017 silly packumentCache full:https://registry.npmjs.org/safe-buffer cache-hit
2018 silly placeDep node_modules/edge-impulse-cli color@4.2.3 OK for: sharp@0.32.6 want: ^4.2.3
2019 silly placeDep node_modules/edge-impulse-cli/node_modules/sharp detect-libc@2.1.2 OK for: sharp@0.32.6 want: ^2.0.2
2020 silly placeDep node_modules/edge-impulse-cli node-addon-api@6.1.0 OK for: sharp@0.32.6 want: ^6.1.0
2021 silly placeDep node_modules/edge-impulse-cli/node_modules/sharp prebuild-install@7.1.3 OK for: sharp@0.32.6 want: ^7.1.1
2022 silly placeDep node_modules/edge-impulse-cli/node_modules/sharp simple-get@4.0.1 OK for: sharp@0.32.6 want: ^4.0.1
2023 silly placeDep node_modules/edge-impulse-cli/node_modules/sharp tar-fs@3.1.2 OK for: sharp@0.32.6 want: ^3.0.4
2024 silly fetch manifest color-string@^1.9.0
2025 silly packumentCache full:https://registry.npmjs.org/color-string cache-miss
2026 silly fetch manifest color-convert@^2.0.1
2027 silly packumentCache full:https://registry.npmjs.org/color-convert cache-hit
2028 silly fetch manifest node-abi@^3.3.0
2029 silly packumentCache full:https://registry.npmjs.org/node-abi cache-hit
2030 silly fetch manifest simple-get@^4.0.0
2031 silly packumentCache full:https://registry.npmjs.org/simple-get cache-hit
2032 silly fetch manifest napi-build-utils@^2.0.0
2033 silly packumentCache full:https://registry.npmjs.org/napi-build-utils cache-hit
2034 silly fetch manifest decompress-response@^6.0.0
2035 silly packumentCache full:https://registry.npmjs.org/decompress-response cache-hit
2036 silly fetch manifest tar-stream@^3.1.5
2037 silly packumentCache full:https://registry.npmjs.org/tar-stream cache-hit
2038 silly fetch manifest bare-fs@^4.0.1
2039 silly packumentCache full:https://registry.npmjs.org/bare-fs cache-miss
2040 silly fetch manifest bare-path@^3.0.0
2041 silly packumentCache full:https://registry.npmjs.org/bare-path cache-miss
2042 http fetch GET 200 https://registry.npmjs.org/bare-fs 79ms (cache revalidated)
2043 silly packumentCache full:https://registry.npmjs.org/bare-fs set size:176493 disposed:false
2044 http fetch GET 200 https://registry.npmjs.org/color-string 99ms (cache revalidated)
2045 silly packumentCache full:https://registry.npmjs.org/color-string set size:84418 disposed:false
2046 http fetch GET 200 https://registry.npmjs.org/bare-path 98ms (cache revalidated)
2047 silly packumentCache full:https://registry.npmjs.org/bare-path set size:17344 disposed:false
2048 silly placeDep node_modules/edge-impulse-cli/node_modules/color color-convert@2.0.1 OK for: color@4.2.3 want: ^2.0.1
2049 silly placeDep node_modules/edge-impulse-cli color-string@1.9.1 OK for: color@4.2.3 want: ^1.9.0
2050 silly fetch manifest color-name@~1.1.4
2051 silly packumentCache full:https://registry.npmjs.org/color-name cache-hit
2052 silly fetch manifest simple-swizzle@^0.2.2
2053 silly packumentCache full:https://registry.npmjs.org/simple-swizzle cache-miss
2054 http fetch GET 200 https://registry.npmjs.org/simple-swizzle 122ms (cache revalidated)
2055 silly packumentCache full:https://registry.npmjs.org/simple-swizzle set size:10651 disposed:false
2056 silly placeDep node_modules/edge-impulse-cli simple-swizzle@0.2.4 OK for: color-string@1.9.1 want: ^0.2.2
2057 silly fetch manifest is-arrayish@^0.3.1
2058 silly packumentCache full:https://registry.npmjs.org/is-arrayish cache-miss
2059 http fetch GET 200 https://registry.npmjs.org/is-arrayish 240ms (cache revalidated)
2060 silly packumentCache full:https://registry.npmjs.org/is-arrayish set size:15371 disposed:false
2061 silly placeDep node_modules/edge-impulse-cli shebang-regex@3.0.0 OK for: shebang-command@2.0.0 want: ^3.0.0
2062 silly placeDep node_modules/edge-impulse-cli es-errors@1.3.0 OK for: side-channel@1.1.0 want: ^1.3.0
2063 silly placeDep node_modules/edge-impulse-cli object-inspect@1.13.4 OK for: side-channel@1.1.0 want: ^1.13.3
2064 silly placeDep node_modules/edge-impulse-cli side-channel-list@1.0.1 OK for: side-channel@1.1.0 want: ^1.0.0
2065 silly placeDep node_modules/edge-impulse-cli side-channel-map@1.0.1 OK for: side-channel@1.1.0 want: ^1.0.1
2066 silly placeDep node_modules/edge-impulse-cli side-channel-weakmap@1.0.2 OK for: side-channel@1.1.0 want: ^1.0.2
2067 silly fetch manifest call-bound@^1.0.2
2068 silly packumentCache full:https://registry.npmjs.org/call-bound cache-miss
2069 silly fetch manifest get-intrinsic@^1.2.5
2070 silly packumentCache full:https://registry.npmjs.org/get-intrinsic cache-miss
2071 silly fetch manifest call-bound@^1.0.2
2072 silly packumentCache full:https://registry.npmjs.org/call-bound cache-miss
2073 silly fetch manifest get-intrinsic@^1.2.5
2074 silly packumentCache full:https://registry.npmjs.org/get-intrinsic cache-miss
2075 http fetch GET 200 https://registry.npmjs.org/call-bound 121ms (cache revalidated)
2076 silly packumentCache full:https://registry.npmjs.org/call-bound set size:15317 disposed:false
2077 http fetch GET 200 https://registry.npmjs.org/call-bound 121ms (cache revalidated)
2078 silly packumentCache full:https://registry.npmjs.org/call-bound set size:15317 disposed:false
2079 silly packumentCache full:https://registry.npmjs.org/call-bound dispose
2080 http fetch GET 200 https://registry.npmjs.org/get-intrinsic 122ms (cache revalidated)
2081 silly packumentCache full:https://registry.npmjs.org/get-intrinsic set size:60985 disposed:false
2082 http fetch GET 200 https://registry.npmjs.org/get-intrinsic 171ms (cache revalidated)
2083 silly packumentCache full:https://registry.npmjs.org/get-intrinsic set size:60985 disposed:false
2084 silly packumentCache full:https://registry.npmjs.org/get-intrinsic dispose
2085 silly placeDep node_modules/edge-impulse-cli call-bound@1.0.4 OK for: side-channel-map@1.0.1 want: ^1.0.2
2086 silly placeDep node_modules/edge-impulse-cli get-intrinsic@1.3.0 OK for: side-channel-map@1.0.1 want: ^1.2.5
2087 silly fetch manifest call-bind-apply-helpers@^1.0.2
2088 silly packumentCache full:https://registry.npmjs.org/call-bind-apply-helpers cache-miss
2089 silly fetch manifest get-intrinsic@^1.3.0
2090 silly packumentCache full:https://registry.npmjs.org/get-intrinsic cache-hit
2091 silly fetch manifest gopd@^1.2.0
2092 silly packumentCache full:https://registry.npmjs.org/gopd cache-miss
2093 silly fetch manifest hasown@^2.0.2
2094 silly packumentCache full:https://registry.npmjs.org/hasown cache-miss
2095 silly fetch manifest get-proto@^1.0.1
2096 silly packumentCache full:https://registry.npmjs.org/get-proto cache-miss
2097 silly fetch manifest has-symbols@^1.1.0
2098 silly packumentCache full:https://registry.npmjs.org/has-symbols cache-miss
2099 silly fetch manifest function-bind@^1.1.2
2100 silly packumentCache full:https://registry.npmjs.org/function-bind cache-miss
2101 silly fetch manifest es-object-atoms@^1.1.1
2102 silly packumentCache full:https://registry.npmjs.org/es-object-atoms cache-miss
2103 http fetch GET 200 https://registry.npmjs.org/call-bind-apply-helpers 144ms (cache revalidated)
2104 silly packumentCache full:https://registry.npmjs.org/call-bind-apply-helpers set size:12744 disposed:false
2105 silly fetch manifest math-intrinsics@^1.1.0
2106 silly packumentCache full:https://registry.npmjs.org/math-intrinsics cache-miss
2107 http fetch GET 200 https://registry.npmjs.org/gopd 147ms (cache revalidated)
2108 silly packumentCache full:https://registry.npmjs.org/gopd set size:11458 disposed:false
2109 silly fetch manifest es-define-property@^1.0.1
2110 silly packumentCache full:https://registry.npmjs.org/es-define-property cache-miss
2111 http fetch GET 200 https://registry.npmjs.org/has-symbols 151ms (cache revalidated)
2112 silly packumentCache full:https://registry.npmjs.org/has-symbols set size:21550 disposed:false
2113 http fetch GET 200 https://registry.npmjs.org/hasown 155ms (cache revalidated)
2114 silly packumentCache full:https://registry.npmjs.org/hasown set size:12476 disposed:false
2115 http fetch GET 200 https://registry.npmjs.org/function-bind 156ms (cache revalidated)
2116 silly packumentCache full:https://registry.npmjs.org/function-bind set size:15733 disposed:false
2117 http fetch GET 200 https://registry.npmjs.org/get-proto 162ms (cache revalidated)
2118 silly packumentCache full:https://registry.npmjs.org/get-proto set size:8300 disposed:false
2119 http fetch GET 200 https://registry.npmjs.org/es-object-atoms 161ms (cache revalidated)
2120 silly packumentCache full:https://registry.npmjs.org/es-object-atoms set size:15304 disposed:false
2121 http fetch GET 200 https://registry.npmjs.org/math-intrinsics 315ms (cache revalidated)
2122 silly packumentCache full:https://registry.npmjs.org/math-intrinsics set size:9265 disposed:false
2123 http fetch GET 200 https://registry.npmjs.org/es-define-property 311ms (cache revalidated)
2124 silly packumentCache full:https://registry.npmjs.org/es-define-property set size:8542 disposed:false
2125 silly placeDep node_modules/edge-impulse-cli call-bind-apply-helpers@1.0.2 OK for: call-bound@1.0.4 want: ^1.0.2
2126 silly placeDep node_modules/edge-impulse-cli function-bind@1.1.2 OK for: call-bind-apply-helpers@1.0.2 want: ^1.1.2
2127 silly placeDep node_modules/edge-impulse-cli es-define-property@1.0.1 OK for: get-intrinsic@1.3.0 want: ^1.0.1
2128 silly placeDep node_modules/edge-impulse-cli es-object-atoms@1.1.1 OK for: get-intrinsic@1.3.0 want: ^1.1.1
2129 silly placeDep node_modules/edge-impulse-cli get-proto@1.0.1 OK for: get-intrinsic@1.3.0 want: ^1.0.1
2130 silly placeDep node_modules/edge-impulse-cli gopd@1.2.0 OK for: get-intrinsic@1.3.0 want: ^1.2.0
2131 silly placeDep node_modules/edge-impulse-cli has-symbols@1.1.0 OK for: get-intrinsic@1.3.0 want: ^1.1.0
2132 silly placeDep node_modules/edge-impulse-cli hasown@2.0.2 OK for: get-intrinsic@1.3.0 want: ^2.0.2
2133 silly placeDep node_modules/edge-impulse-cli math-intrinsics@1.1.0 OK for: get-intrinsic@1.3.0 want: ^1.1.0
2134 silly fetch manifest dunder-proto@^1.0.1
2135 silly packumentCache full:https://registry.npmjs.org/dunder-proto cache-miss
2136 http fetch GET 200 https://registry.npmjs.org/dunder-proto 70ms (cache revalidated)
2137 silly packumentCache full:https://registry.npmjs.org/dunder-proto set size:8256 disposed:false
2138 silly placeDep node_modules/edge-impulse-cli dunder-proto@1.0.1 OK for: get-proto@1.0.1 want: ^1.0.1
2139 silly placeDep node_modules/edge-impulse-cli decompress-response@4.2.1 OK for: simple-get@3.1.1 want: ^4.2.0
2140 silly placeDep node_modules/edge-impulse-cli simple-concat@1.0.1 OK for: simple-get@3.1.1 want: ^1.0.0
2141 silly fetch manifest mimic-response@^2.0.0
2142 silly packumentCache full:https://registry.npmjs.org/mimic-response cache-miss
2143 http fetch GET 200 https://registry.npmjs.org/mimic-response 71ms (cache revalidated)
2144 silly packumentCache full:https://registry.npmjs.org/mimic-response set size:20174 disposed:false
2145 silly placeDep node_modules/edge-impulse-cli mimic-response@2.1.0 OK for: decompress-response@4.2.1 want: ^2.0.0
2146 silly placeDep node_modules/edge-impulse-cli is-arrayish@0.3.4 OK for: simple-swizzle@0.2.4 want: ^0.3.1
2147 silly placeDep node_modules/edge-impulse-cli base64id@2.0.0 OK for: socket.io@4.8.1 want: ~2.0.0
2148 silly placeDep node_modules/edge-impulse-cli cors@2.8.6 OK for: socket.io@4.8.1 want: ~2.8.5
2149 silly placeDep node_modules/edge-impulse-cli/node_modules/socket.io debug@4.3.7 OK for: socket.io@4.8.1 want: ~4.3.2
2150 silly placeDep node_modules/edge-impulse-cli engine.io@6.6.6 OK for: socket.io@4.8.1 want: ~6.6.0
2151 silly placeDep node_modules/edge-impulse-cli socket.io-adapter@2.5.6 OK for: socket.io@4.8.1 want: ~2.5.2
2152 silly placeDep node_modules/edge-impulse-cli socket.io-parser@4.2.6 OK for: socket.io@4.8.1 want: ~4.2.4
2153 silly fetch manifest @types/cors@^2.8.12
2154 silly packumentCache full:https://registry.npmjs.org/@types%2fcors cache-miss
2155 silly fetch manifest @types/node@>=10.0.0
2156 silly packumentCache full:https://registry.npmjs.org/@types%2fnode cache-miss
2157 silly fetch manifest @types/ws@^8.5.12
2158 silly packumentCache full:https://registry.npmjs.org/@types%2fws cache-miss
2159 silly fetch manifest cookie@~0.7.2
2160 silly packumentCache full:https://registry.npmjs.org/cookie cache-hit
2161 silly fetch manifest debug@~4.4.1
2162 silly packumentCache full:https://registry.npmjs.org/debug cache-hit
2163 silly fetch manifest engine.io-parser@~5.2.1
2164 silly packumentCache full:https://registry.npmjs.org/engine.io-parser cache-miss
2165 silly fetch manifest ws@~8.18.3
2166 silly packumentCache full:https://registry.npmjs.org/ws cache-hit
2167 silly fetch manifest @socket.io/component-emitter@~3.1.0
2168 silly packumentCache full:https://registry.npmjs.org/@socket.io%2fcomponent-emitter cache-miss
2169 http cache https://registry.npmjs.org/@types%2fnode 102ms (cache hit)
2170 silly packumentCache full:https://registry.npmjs.org/@types%2fnode set size:10972342 disposed:false
2171 http fetch GET 200 https://registry.npmjs.org/@types%2fcors 427ms (cache revalidated)
2172 silly packumentCache full:https://registry.npmjs.org/@types%2fcors set size:56991 disposed:false
2173 http fetch GET 200 https://registry.npmjs.org/@types%2fws 433ms (cache revalidated)
2174 silly packumentCache full:https://registry.npmjs.org/@types%2fws set size:167959 disposed:false
2175 http fetch GET 200 https://registry.npmjs.org/@socket.io%2fcomponent-emitter 585ms (cache revalidated)
2176 silly packumentCache full:https://registry.npmjs.org/@socket.io%2fcomponent-emitter set size:14099 disposed:false
2177 http fetch GET 200 https://registry.npmjs.org/engine.io-parser 773ms (cache revalidated)
2178 silly packumentCache full:https://registry.npmjs.org/engine.io-parser set size:116455 disposed:false
2179 silly fetch manifest utf-8-validate@>=5.0.2
2180 silly packumentCache full:https://registry.npmjs.org/utf-8-validate cache-hit
2181 silly placeDep node_modules/edge-impulse-cli @types/cors@2.8.19 OK for: engine.io@6.6.6 want: ^2.8.12
2182 silly placeDep node_modules/edge-impulse-cli @types/node@25.6.0 OK for: engine.io@6.6.6 want: >=10.0.0
2183 silly placeDep node_modules/edge-impulse-cli @types/ws@8.18.1 OK for: engine.io@6.6.6 want: ^8.5.12
2184 silly placeDep node_modules/edge-impulse-cli/node_modules/engine.io cookie@0.7.2 OK for: engine.io@6.6.6 want: ~0.7.2
2185 silly placeDep node_modules/edge-impulse-cli/node_modules/engine.io debug@4.4.3 OK for: engine.io@6.6.6 want: ~4.4.1
2186 silly placeDep node_modules/edge-impulse-cli engine.io-parser@5.2.3 OK for: engine.io@6.6.6 want: ~5.2.1
2187 silly placeDep node_modules/edge-impulse-cli/node_modules/engine.io ws@8.18.3 OK for: engine.io@6.6.6 want: ~8.18.3
2188 silly fetch manifest @types/node@*
2189 silly packumentCache full:https://registry.npmjs.org/@types%2fnode cache-miss
2190 silly fetch manifest undici-types@~7.19.0
2191 silly packumentCache full:https://registry.npmjs.org/undici-types cache-miss
2192 http cache https://registry.npmjs.org/@types%2fnode 73ms (cache hit)
2193 silly packumentCache full:https://registry.npmjs.org/@types%2fnode set size:10972342 disposed:false
2194 http fetch GET 200 https://registry.npmjs.org/undici-types 305ms (cache revalidated)
2195 silly packumentCache full:https://registry.npmjs.org/undici-types set size:210150 disposed:false
2196 silly placeDep node_modules/edge-impulse-cli undici-types@7.19.2 OK for: @types/node@25.6.0 want: ~7.19.0
2197 silly placeDep node_modules/edge-impulse-cli/node_modules/socket.io-adapter debug@4.4.3 OK for: socket.io-adapter@2.5.6 want: ~4.4.1
2198 silly placeDep node_modules/edge-impulse-cli/node_modules/socket.io-adapter ws@8.18.3 OK for: socket.io-adapter@2.5.6 want: ~8.18.3
2199 silly placeDep node_modules/edge-impulse-cli @socket.io/component-emitter@3.1.2 OK for: socket.io-parser@4.2.6 want: ~3.1.0
2200 silly placeDep node_modules/edge-impulse-cli/node_modules/socket.io-parser debug@4.4.3 OK for: socket.io-parser@4.2.6 want: ~4.4.1
2201 silly placeDep node_modules/edge-impulse-cli/node_modules/socks-proxy-agent debug@4.4.3 OK for: socks-proxy-agent@8.0.5 want: ^4.3.4
2202 silly placeDep node_modules/edge-impulse-cli socks@2.8.7 OK for: socks-proxy-agent@8.0.5 want: ^2.8.3
2203 silly fetch manifest ip-address@^10.0.1
2204 silly packumentCache full:https://registry.npmjs.org/ip-address cache-miss
2205 silly fetch manifest smart-buffer@^4.2.0
2206 silly packumentCache full:https://registry.npmjs.org/smart-buffer cache-miss
2207 http fetch GET 200 https://registry.npmjs.org/ip-address 75ms (cache revalidated)
2208 silly packumentCache full:https://registry.npmjs.org/ip-address set size:135050 disposed:false
2209 http fetch GET 200 https://registry.npmjs.org/smart-buffer 82ms (cache revalidated)
2210 silly packumentCache full:https://registry.npmjs.org/smart-buffer set size:87065 disposed:false
2211 silly placeDep node_modules/edge-impulse-cli ip-address@10.1.0 OK for: socks@2.8.7 want: ^10.0.1
2212 silly placeDep node_modules/edge-impulse-cli smart-buffer@4.2.0 OK for: socks@2.8.7 want: ^4.2.0
2213 silly placeDep node_modules/edge-impulse-cli/node_modules/string_decoder safe-buffer@5.1.2 OK for: string_decoder@1.1.1 want: ~5.1.0
2214 silly placeDep node_modules/edge-impulse-cli emoji-regex@8.0.0 OK for: string-width@4.2.3 want: ^8.0.0
2215 silly placeDep node_modules/edge-impulse-cli is-fullwidth-code-point@3.0.0 OK for: string-width@4.2.3 want: ^3.0.0
2216 silly placeDep node_modules/edge-impulse-cli/node_modules/string-width strip-ansi@6.0.1 OK for: string-width@4.2.3 want: ^6.0.1
2217 silly placeDep node_modules/edge-impulse-cli/node_modules/string-width-cjs strip-ansi@6.0.1 OK for: string-width@4.2.3 want: ^6.0.1
2218 silly placeDep node_modules/edge-impulse-cli ansi-regex@4.1.1 OK for: strip-ansi@5.2.0 want: ^4.1.0
2219 silly placeDep node_modules/edge-impulse-cli/node_modules/strip-ansi-cjs ansi-regex@5.0.1 OK for: strip-ansi@6.0.1 want: ^5.0.1
2220 silly placeDep node_modules/edge-impulse-cli has-flag@3.0.0 OK for: supports-color@5.5.0 want: ^3.0.0
2221 silly placeDep node_modules/edge-impulse-cli chownr@2.0.0 OK for: tar@6.2.1 want: ^2.0.0
2222 silly placeDep node_modules/edge-impulse-cli/node_modules/tar fs-minipass@2.1.0 OK for: tar@6.2.1 want: ^2.0.0
2223 silly placeDep node_modules/edge-impulse-cli/node_modules/tar minipass@5.0.0 OK for: tar@6.2.1 want: ^5.0.0
2224 silly placeDep node_modules/edge-impulse-cli mkdirp@1.0.4 OK for: tar@6.2.1 want: ^1.0.3
2225 silly placeDep node_modules/edge-impulse-cli/node_modules/tar-fs chownr@1.1.4 OK for: tar-fs@2.1.4 want: ^1.1.1
2226 silly placeDep node_modules/edge-impulse-cli tar-stream@2.2.0 OK for: tar-fs@2.1.4 want: ^2.1.4
2227 silly fetch manifest bl@^4.0.3
2228 silly packumentCache full:https://registry.npmjs.org/bl cache-miss
2229 silly fetch manifest fs-constants@^1.0.0
2230 silly packumentCache full:https://registry.npmjs.org/fs-constants cache-miss
2231 silly fetch manifest readable-stream@^3.1.1
2232 silly packumentCache full:https://registry.npmjs.org/readable-stream cache-hit
2233 http fetch GET 200 https://registry.npmjs.org/bl 73ms (cache revalidated)
2234 silly packumentCache full:https://registry.npmjs.org/bl set size:191801 disposed:false
2235 http fetch GET 200 https://registry.npmjs.org/fs-constants 292ms (cache revalidated)
2236 silly packumentCache full:https://registry.npmjs.org/fs-constants set size:3522 disposed:false
2237 silly placeDep node_modules/edge-impulse-cli bl@4.1.0 OK for: tar-stream@2.2.0 want: ^4.0.3
2238 silly placeDep node_modules/edge-impulse-cli fs-constants@1.0.0 OK for: tar-stream@2.2.0 want: ^1.0.0
2239 silly placeDep node_modules/edge-impulse-cli/node_modules/tar-stream readable-stream@3.6.2 OK for: tar-stream@2.2.0 want: ^3.1.1
2240 silly fetch manifest buffer@^5.5.0
2241 silly packumentCache full:https://registry.npmjs.org/buffer cache-hit
2242 silly fetch manifest readable-stream@^3.4.0
2243 silly packumentCache full:https://registry.npmjs.org/readable-stream cache-hit
2244 silly placeDep node_modules/edge-impulse-cli/node_modules/bl buffer@5.7.1 OK for: bl@4.1.0 want: ^5.5.0
2245 silly placeDep node_modules/edge-impulse-cli/node_modules/bl readable-stream@3.6.2 OK for: bl@4.1.0 want: ^3.4.0
2246 silly placeDep node_modules/edge-impulse-cli/node_modules/tiny-async-pool semver@5.7.2 OK for: tiny-async-pool@1.1.0 want: ^5.5.0
2247 silly placeDep node_modules/edge-impulse-cli yaassertion@1.0.2 OK for: tiny-async-pool@1.1.0 want: ^1.0.0
2248 silly placeDep node_modules/edge-impulse-cli os-tmpdir@1.0.2 OK for: tmp@0.0.33 want: ~1.0.2
2249 silly placeDep node_modules/edge-impulse-cli/node_modules/tsee @types/node@12.20.55 OK for: tsee@1.3.4 want: ^12.7.2
2250 silly placeDep node_modules/edge-impulse-cli media-typer@0.3.0 OK for: type-is@1.6.18 want: 0.3.0
2251 silly placeDep node_modules/edge-impulse-cli @fastify/busboy@2.1.1 OK for: undici@5.29.0 want: ^2.0.0
2252 silly placeDep node_modules/edge-impulse-cli unique-slug@4.0.0 OK for: unique-filename@3.0.0 want: ^4.0.0
2253 silly fetch manifest imurmurhash@^0.1.4
2254 silly packumentCache full:https://registry.npmjs.org/imurmurhash cache-miss
2255 http fetch GET 200 https://registry.npmjs.org/imurmurhash 99ms (cache revalidated)
2256 silly packumentCache full:https://registry.npmjs.org/imurmurhash set size:35819 disposed:false
2257 silly placeDep node_modules/edge-impulse-cli imurmurhash@0.1.4 OK for: unique-slug@4.0.0 want: ^0.1.4
2258 silly placeDep node_modules/edge-impulse-cli isexe@2.0.0 OK for: which@2.0.2 want: ^2.0.0
2259 silly placeDep node_modules/edge-impulse-cli/node_modules/wrap-ansi ansi-styles@6.2.3 OK for: wrap-ansi@8.1.0 want: ^6.1.0
2260 silly placeDep node_modules/edge-impulse-cli/node_modules/wrap-ansi string-width@5.1.2 OK for: wrap-ansi@8.1.0 want: ^5.0.1
2261 silly placeDep node_modules/edge-impulse-cli/node_modules/wrap-ansi strip-ansi@7.2.0 OK for: wrap-ansi@8.1.0 want: ^7.0.1
2262 silly placeDep node_modules/edge-impulse-cli/node_modules/wrap-ansi-cjs ansi-styles@4.3.0 OK for: wrap-ansi@7.0.0 want: ^4.0.0
2263 silly placeDep node_modules/edge-impulse-cli/node_modules/wrap-ansi-cjs strip-ansi@6.0.1 OK for: wrap-ansi@7.0.0 want: ^6.0.0
2264 silly placeDep node_modules/edge-impulse-cli buffer-crc32@0.2.13 OK for: yauzl@2.10.0 want: ~0.2.3
2265 silly placeDep node_modules/edge-impulse-cli fd-slicer@1.1.0 OK for: yauzl@2.10.0 want: ~1.1.0
2266 silly fetch manifest pend@~1.2.0
2267 silly packumentCache full:https://registry.npmjs.org/pend cache-miss
2268 http fetch GET 200 https://registry.npmjs.org/pend 70ms (cache revalidated)
2269 silly packumentCache full:https://registry.npmjs.org/pend set size:8066 disposed:false
2270 silly placeDep node_modules/edge-impulse-cli pend@1.2.0 OK for: fd-slicer@1.1.0 want: ~1.2.0
2271 silly placeDep node_modules/edge-impulse-cli/node_modules/@aws-crypto/sha1-browser @smithy/util-buffer-from@2.2.0 OK for: @smithy/util-utf8@2.3.0 want: ^2.2.0
2272 silly fetch manifest @smithy/is-array-buffer@^2.2.0
2273 silly packumentCache full:https://registry.npmjs.org/@smithy%2fis-array-buffer cache-hit
2274 silly placeDep node_modules/edge-impulse-cli/node_modules/@aws-crypto/sha1-browser @smithy/is-array-buffer@2.2.0 OK for: @smithy/util-buffer-from@2.2.0 want: ^2.2.0
2275 silly placeDep node_modules/edge-impulse-cli/node_modules/@aws-crypto/sha256-browser @smithy/util-buffer-from@2.2.0 OK for: @smithy/util-utf8@2.3.0 want: ^2.2.0
2276 silly placeDep node_modules/edge-impulse-cli/node_modules/@aws-crypto/sha256-browser @smithy/is-array-buffer@2.2.0 OK for: @smithy/util-buffer-from@2.2.0 want: ^2.2.0
2277 silly placeDep node_modules/edge-impulse-cli/node_modules/@aws-crypto/util @smithy/util-buffer-from@2.2.0 OK for: @smithy/util-utf8@2.3.0 want: ^2.2.0
2278 silly placeDep node_modules/edge-impulse-cli/node_modules/@aws-crypto/util @smithy/is-array-buffer@2.2.0 OK for: @smithy/util-buffer-from@2.2.0 want: ^2.2.0
2279 silly fetch manifest @aws-sdk/client-sts@^3.635.0
2280 silly packumentCache full:https://registry.npmjs.org/@aws-sdk%2fclient-sts cache-miss
2281 http cache https://registry.npmjs.org/@aws-sdk%2fclient-sts 25ms (cache hit)
2282 silly packumentCache full:https://registry.npmjs.org/@aws-sdk%2fclient-sts set size:2685739 disposed:false
2283 silly placeDep node_modules/edge-impulse-cli/node_modules/@aws-sdk/client-s3 @aws-sdk/credential-provider-http@3.635.0 OK for: @aws-sdk/credential-provider-node@3.635.0 want: 3.635.0
2284 silly placeDep node_modules/edge-impulse-cli/node_modules/@aws-sdk/client-s3 @aws-sdk/credential-provider-ini@3.635.0 OK for: @aws-sdk/credential-provider-node@3.635.0 want: 3.635.0
2285 silly placeDep node_modules/edge-impulse-cli/node_modules/@aws-sdk/client-s3 @aws-sdk/credential-provider-sso@3.635.0 OK for: @aws-sdk/credential-provider-node@3.635.0 want: 3.635.0
2286 silly fetch manifest @aws-sdk/client-sso@3.635.0
2287 silly packumentCache full:https://registry.npmjs.org/@aws-sdk%2fclient-sso cache-miss
2288 http cache https://registry.npmjs.org/@aws-sdk%2fclient-sso 30ms (cache hit)
2289 silly packumentCache full:https://registry.npmjs.org/@aws-sdk%2fclient-sso set size:2394677 disposed:false
2290 silly placeDep node_modules/edge-impulse-cli/node_modules/@aws-sdk/client-s3 @aws-sdk/client-sso@3.635.0 OK for: @aws-sdk/credential-provider-sso@3.635.0 want: 3.635.0
2291 silly placeDep node_modules/edge-impulse-cli eastasianwidth@0.2.0 OK for: string-width@5.1.2 want: ^0.2.0
2292 silly placeDep node_modules/edge-impulse-cli/node_modules/@isaacs/cliui emoji-regex@9.2.2 OK for: string-width@5.1.2 want: ^9.2.2
2293 silly placeDep node_modules/edge-impulse-cli/node_modules/@isaacs/cliui ansi-regex@6.2.2 OK for: strip-ansi@7.2.0 want: ^6.2.2
2294 silly placeDep node_modules/edge-impulse-cli/node_modules/@serialport/binding-abstract ms@2.1.3 OK for: debug@4.4.3 want: ^2.1.3
2295 silly placeDep node_modules/edge-impulse-cli/node_modules/@serialport/binding-mock ms@2.1.3 OK for: debug@4.4.3 want: ^2.1.3
2296 silly placeDep node_modules/edge-impulse-cli/node_modules/@serialport/bindings ms@2.1.3 OK for: debug@4.4.3 want: ^2.1.3
2297 silly placeDep node_modules/edge-impulse-cli/node_modules/@serialport/stream ms@2.1.3 OK for: debug@4.4.3 want: ^2.1.3
2298 silly placeDep node_modules/edge-impulse-cli/node_modules/color color-name@1.1.4 OK for: color-convert@2.0.1 want: ~1.1.4
2299 silly placeDep node_modules/edge-impulse-cli/node_modules/engine.io ms@2.1.3 OK for: debug@4.4.3 want: ^2.1.3
2300 silly placeDep node_modules/edge-impulse-cli code-point-at@1.1.0 OK for: string-width@1.0.2 want: ^1.0.0
2301 silly placeDep node_modules/edge-impulse-cli/node_modules/gauge is-fullwidth-code-point@1.0.0 OK for: string-width@1.0.2 want: ^1.0.0
2302 silly fetch manifest number-is-nan@^1.0.0
2303 silly packumentCache full:https://registry.npmjs.org/number-is-nan cache-miss
2304 http fetch GET 200 https://registry.npmjs.org/number-is-nan 75ms (cache revalidated)
2305 silly packumentCache full:https://registry.npmjs.org/number-is-nan set size:9822 disposed:false
2306 silly placeDep node_modules/edge-impulse-cli number-is-nan@1.0.1 OK for: is-fullwidth-code-point@1.0.0 want: ^1.0.0
2307 silly placeDep node_modules/edge-impulse-cli/node_modules/gauge ansi-regex@2.1.1 OK for: strip-ansi@3.0.1 want: ^2.0.0
2308 silly placeDep node_modules/edge-impulse-cli/node_modules/http-proxy-agent ms@2.1.3 OK for: debug@4.4.3 want: ^2.1.3
2309 silly placeDep node_modules/edge-impulse-cli/node_modules/https-proxy-agent ms@2.1.3 OK for: debug@4.4.3 want: ^2.1.3
2310 silly placeDep node_modules/edge-impulse-cli/node_modules/inquirer-search-list ansi-escapes@3.2.0 OK for: inquirer@3.3.0 want: ^3.0.0
2311 silly placeDep node_modules/edge-impulse-cli/node_modules/inquirer-search-list cli-cursor@2.1.0 OK for: inquirer@3.3.0 want: ^2.1.0
2312 silly placeDep node_modules/edge-impulse-cli/node_modules/inquirer-search-list external-editor@2.2.0 OK for: inquirer@3.3.0 want: ^2.0.4
2313 silly placeDep node_modules/edge-impulse-cli/node_modules/inquirer-search-list mute-stream@0.0.7 OK for: inquirer@3.3.0 want: 0.0.7
2314 silly placeDep node_modules/edge-impulse-cli rx-lite@4.0.8 OK for: inquirer@3.3.0 want: ^4.0.8
2315 silly placeDep node_modules/edge-impulse-cli rx-lite-aggregates@4.0.8 OK for: inquirer@3.3.0 want: ^4.0.8
2316 silly placeDep node_modules/edge-impulse-cli/node_modules/inquirer-search-list string-width@2.1.1 OK for: inquirer@3.3.0 want: ^2.1.0
2317 silly placeDep node_modules/edge-impulse-cli/node_modules/inquirer-search-list strip-ansi@4.0.0 OK for: inquirer@3.3.0 want: ^4.0.0
2318 silly fetch manifest restore-cursor@^2.0.0
2319 silly packumentCache full:https://registry.npmjs.org/restore-cursor cache-hit
2320 silly fetch manifest chardet@^0.4.0
2321 silly packumentCache full:https://registry.npmjs.org/chardet cache-hit
2322 silly fetch manifest is-fullwidth-code-point@^2.0.0
2323 silly packumentCache full:https://registry.npmjs.org/is-fullwidth-code-point cache-hit
2324 silly fetch manifest ansi-regex@^3.0.0
2325 silly packumentCache full:https://registry.npmjs.org/ansi-regex cache-hit
2326 silly placeDep node_modules/edge-impulse-cli/node_modules/inquirer-search-list restore-cursor@2.0.0 OK for: cli-cursor@2.1.0 want: ^2.0.0
2327 silly fetch manifest onetime@^2.0.0
2328 silly packumentCache full:https://registry.npmjs.org/onetime cache-hit
2329 silly placeDep node_modules/edge-impulse-cli/node_modules/inquirer-search-list chardet@0.4.2 OK for: external-editor@2.2.0 want: ^0.4.0
2330 silly placeDep node_modules/edge-impulse-cli/node_modules/inquirer-search-list onetime@2.0.1 OK for: restore-cursor@2.0.0 want: ^2.0.0
2331 silly placeDep node_modules/edge-impulse-cli/node_modules/inquirer-search-list signal-exit@3.0.7 OK for: restore-cursor@2.0.0 want: ^3.0.2
2332 silly fetch manifest mimic-fn@^1.0.0
2333 silly packumentCache full:https://registry.npmjs.org/mimic-fn cache-hit
2334 silly placeDep node_modules/edge-impulse-cli/node_modules/inquirer-search-list mimic-fn@1.2.0 OK for: onetime@2.0.1 want: ^1.0.0
2335 silly placeDep node_modules/edge-impulse-cli/node_modules/inquirer-search-list is-fullwidth-code-point@2.0.0 OK for: string-width@2.1.1 want: ^2.0.0
2336 silly placeDep node_modules/edge-impulse-cli/node_modules/inquirer-search-list ansi-regex@3.0.1 OK for: strip-ansi@4.0.0 want: ^3.0.0
2337 silly placeDep node_modules/edge-impulse-cli/node_modules/serialport ms@2.1.3 OK for: debug@4.4.3 want: ^2.1.3
2338 silly placeDep node_modules/edge-impulse-cli/node_modules/sharp napi-build-utils@2.0.0 OK for: prebuild-install@7.1.3 want: ^2.0.0
2339 silly placeDep node_modules/edge-impulse-cli/node_modules/sharp node-abi@3.89.0 OK for: prebuild-install@7.1.3 want: ^3.3.0
2340 silly placeDep node_modules/edge-impulse-cli/node_modules/sharp/node_modules/prebuild-install tar-fs@2.1.4 OK for: prebuild-install@7.1.3 want: ^2.0.0
2341 silly placeDep node_modules/edge-impulse-cli/node_modules/sharp decompress-response@6.0.0 OK for: simple-get@4.0.1 want: ^6.0.0
2342 silly fetch manifest mimic-response@^3.1.0
2343 silly packumentCache full:https://registry.npmjs.org/mimic-response cache-hit
2344 silly placeDep node_modules/edge-impulse-cli/node_modules/sharp mimic-response@3.1.0 OK for: decompress-response@6.0.0 want: ^3.1.0
2345 silly fetch manifest bare-buffer@*
2346 silly packumentCache full:https://registry.npmjs.org/bare-buffer cache-miss
2347 http fetch GET 200 https://registry.npmjs.org/bare-buffer 86ms (cache revalidated)
2348 silly packumentCache full:https://registry.npmjs.org/bare-buffer set size:91689 disposed:false
2349 silly placeDep node_modules/edge-impulse-cli bare-fs@4.7.1 OK for: tar-fs@3.1.2 want: ^4.0.1
2350 silly placeDep node_modules/edge-impulse-cli bare-path@3.0.0 OK for: tar-fs@3.1.2 want: ^3.0.0
2351 silly placeDep node_modules/edge-impulse-cli/node_modules/sharp/node_modules/tar-fs tar-stream@3.1.8 OK for: tar-fs@3.1.2 want: ^3.1.5
2352 silly fetch manifest bare-events@^2.5.4
2353 silly packumentCache full:https://registry.npmjs.org/bare-events cache-miss
2354 silly fetch manifest bare-stream@^2.6.4
2355 silly packumentCache full:https://registry.npmjs.org/bare-stream cache-miss
2356 silly fetch manifest bare-url@^2.2.2
2357 silly packumentCache full:https://registry.npmjs.org/bare-url cache-miss
2358 silly fetch manifest fast-fifo@^1.3.2
2359 silly packumentCache full:https://registry.npmjs.org/fast-fifo cache-miss
2360 silly fetch manifest bare-os@^3.0.1
2361 silly packumentCache full:https://registry.npmjs.org/bare-os cache-miss
2362 silly fetch manifest b4a@^1.6.4
2363 silly packumentCache full:https://registry.npmjs.org/b4a cache-miss
2364 silly fetch manifest fast-fifo@^1.2.0
2365 silly packumentCache full:https://registry.npmjs.org/fast-fifo cache-miss
2366 http fetch GET 200 https://registry.npmjs.org/fast-fifo 100ms (cache revalidated)
2367 silly packumentCache full:https://registry.npmjs.org/fast-fifo set size:13855 disposed:false
2368 silly fetch manifest streamx@^2.15.0
2369 silly packumentCache full:https://registry.npmjs.org/streamx cache-miss
2370 http fetch GET 200 https://registry.npmjs.org/fast-fifo 112ms (cache revalidated)
2371 silly packumentCache full:https://registry.npmjs.org/fast-fifo set size:13855 disposed:false
2372 silly packumentCache full:https://registry.npmjs.org/fast-fifo dispose
2373 http fetch GET 200 https://registry.npmjs.org/bare-events 118ms (cache revalidated)
2374 silly packumentCache full:https://registry.npmjs.org/bare-events set size:44856 disposed:false
2375 http fetch GET 200 https://registry.npmjs.org/bare-stream 129ms (cache revalidated)
2376 silly packumentCache full:https://registry.npmjs.org/bare-stream set size:62010 disposed:false
2377 http fetch GET 200 https://registry.npmjs.org/bare-url 132ms (cache revalidated)
2378 silly packumentCache full:https://registry.npmjs.org/bare-url set size:90587 disposed:false
2379 http fetch GET 200 https://registry.npmjs.org/b4a 155ms (cache revalidated)
2380 silly packumentCache full:https://registry.npmjs.org/b4a set size:69508 disposed:false
2381 http fetch GET 200 https://registry.npmjs.org/bare-os 161ms (cache revalidated)
2382 silly packumentCache full:https://registry.npmjs.org/bare-os set size:76722 disposed:false
2383 http fetch GET 200 https://registry.npmjs.org/streamx 89ms (cache revalidated)
2384 silly packumentCache full:https://registry.npmjs.org/streamx set size:160396 disposed:false
2385 silly fetch manifest bare-abort-controller@*
2386 silly packumentCache full:https://registry.npmjs.org/bare-abort-controller cache-miss
2387 http fetch GET 200 https://registry.npmjs.org/bare-abort-controller 311ms (cache revalidated)
2388 silly packumentCache full:https://registry.npmjs.org/bare-abort-controller set size:9038 disposed:false
2389 silly placeDep node_modules/edge-impulse-cli bare-events@2.8.2 OK for: bare-fs@4.7.1 want: ^2.5.4
2390 silly placeDep node_modules/edge-impulse-cli bare-stream@2.13.0 OK for: bare-fs@4.7.1 want: ^2.6.4
2391 silly placeDep node_modules/edge-impulse-cli bare-url@2.4.0 OK for: bare-fs@4.7.1 want: ^2.2.2
2392 silly placeDep node_modules/edge-impulse-cli fast-fifo@1.3.2 OK for: bare-fs@4.7.1 want: ^1.3.2
2393 silly fetch manifest streamx@^2.25.0
2394 silly packumentCache full:https://registry.npmjs.org/streamx cache-hit
2395 silly fetch manifest teex@^1.0.1
2396 silly packumentCache full:https://registry.npmjs.org/teex cache-miss
2397 http fetch GET 200 https://registry.npmjs.org/teex 74ms (cache revalidated)
2398 silly packumentCache full:https://registry.npmjs.org/teex set size:5952 disposed:false
2399 silly placeDep node_modules/edge-impulse-cli bare-os@3.8.7 OK for: bare-path@3.0.0 want: ^3.0.1
2400 silly placeDep node_modules/edge-impulse-cli streamx@2.25.0 OK for: bare-stream@2.13.0 want: ^2.25.0
2401 silly placeDep node_modules/edge-impulse-cli teex@1.0.1 OK for: bare-stream@2.13.0 want: ^1.0.1
2402 silly fetch manifest events-universal@^1.0.0
2403 silly packumentCache full:https://registry.npmjs.org/events-universal cache-miss
2404 silly fetch manifest text-decoder@^1.1.0
2405 silly packumentCache full:https://registry.npmjs.org/text-decoder cache-miss
2406 http fetch GET 200 https://registry.npmjs.org/text-decoder 82ms (cache revalidated)
2407 silly packumentCache full:https://registry.npmjs.org/text-decoder set size:22264 disposed:false
2408 http fetch GET 200 https://registry.npmjs.org/events-universal 87ms (cache revalidated)
2409 silly packumentCache full:https://registry.npmjs.org/events-universal set size:4251 disposed:false
2410 silly placeDep node_modules/edge-impulse-cli events-universal@1.0.1 OK for: streamx@2.25.0 want: ^1.0.0
2411 silly placeDep node_modules/edge-impulse-cli text-decoder@1.2.7 OK for: streamx@2.25.0 want: ^1.1.0
2412 silly fetch manifest react-native-b4a@*
2413 silly packumentCache full:https://registry.npmjs.org/react-native-b4a cache-miss
2414 http fetch GET 200 https://registry.npmjs.org/react-native-b4a 81ms (cache revalidated)
2415 silly packumentCache full:https://registry.npmjs.org/react-native-b4a set size:12027 disposed:false
2416 silly fetch manifest react@*
2417 silly packumentCache full:https://registry.npmjs.org/react cache-miss
2418 http fetch GET 200 https://registry.npmjs.org/react 110ms (cache revalidated)
2419 silly packumentCache full:https://registry.npmjs.org/react set size:6609926 disposed:false
2420 silly fetch manifest react-native@*
2421 silly packumentCache full:https://registry.npmjs.org/react-native cache-miss
2422 http fetch GET 200 https://registry.npmjs.org/react-native 228ms (cache revalidated)
2423 silly packumentCache full:https://registry.npmjs.org/react-native set size:15130350 disposed:false
2424 silly fetch manifest @react-native/jest-preset@0.85.1
2425 silly packumentCache full:https://registry.npmjs.org/@react-native%2fjest-preset cache-miss
2426 http fetch GET 200 https://registry.npmjs.org/@react-native%2fjest-preset 127ms (cache revalidated)
2427 silly packumentCache full:https://registry.npmjs.org/@react-native%2fjest-preset set size:114681 disposed:false
2428 silly fetch manifest @types/react@^19.1.1
2429 silly packumentCache full:https://registry.npmjs.org/@types%2freact cache-miss
2430 http fetch GET 200 https://registry.npmjs.org/@types%2freact 114ms (cache revalidated)
2431 silly packumentCache full:https://registry.npmjs.org/@types%2freact set size:2588964 disposed:false
2432 silly placeDep node_modules/edge-impulse-cli b4a@1.8.0 OK for: text-decoder@1.2.7 want: ^1.6.4
2433 silly placeDep node_modules/edge-impulse-cli/node_modules/socket.io-adapter ms@2.1.3 OK for: debug@4.4.3 want: ^2.1.3
2434 silly placeDep node_modules/edge-impulse-cli/node_modules/socket.io-parser ms@2.1.3 OK for: debug@4.4.3 want: ^2.1.3
2435 silly placeDep node_modules/edge-impulse-cli/node_modules/socket.io ms@2.1.3 OK for: debug@4.3.7 want: ^2.1.3
2436 silly placeDep node_modules/edge-impulse-cli/node_modules/socks-proxy-agent ms@2.1.3 OK for: debug@4.4.3 want: ^2.1.3
2437 silly placeDep node_modules/edge-impulse-cli/node_modules/string-width-cjs ansi-regex@5.0.1 OK for: strip-ansi@6.0.1 want: ^5.0.1
2438 silly placeDep node_modules/edge-impulse-cli/node_modules/string-width ansi-regex@5.0.1 OK for: strip-ansi@6.0.1 want: ^5.0.1
2439 silly placeDep node_modules/edge-impulse-cli/node_modules/tar/node_modules/fs-minipass minipass@3.3.6 OK for: fs-minipass@2.1.0 want: ^3.0.0
2440 silly placeDep node_modules/edge-impulse-cli/node_modules/wrap-ansi-cjs color-convert@2.0.1 OK for: ansi-styles@4.3.0 want: ^2.0.1
2441 silly placeDep node_modules/edge-impulse-cli/node_modules/wrap-ansi-cjs color-name@1.1.4 OK for: color-convert@2.0.1 want: ~1.1.4
2442 silly placeDep node_modules/edge-impulse-cli/node_modules/wrap-ansi-cjs ansi-regex@5.0.1 OK for: strip-ansi@6.0.1 want: ^5.0.1
2443 silly placeDep node_modules/edge-impulse-cli/node_modules/wrap-ansi emoji-regex@9.2.2 OK for: string-width@5.1.2 want: ^9.2.2
2444 silly placeDep node_modules/edge-impulse-cli/node_modules/wrap-ansi ansi-regex@6.2.2 OK for: strip-ansi@7.2.0 want: ^6.2.2
2445 silly placeDep node_modules/edge-impulse-cli/node_modules/sharp chownr@1.1.4 OK for: tar-fs@2.1.4 want: ^1.1.1
2446 silly reify mark retired [
2446 silly reify   'D:\\ECO_Voice\\.tools\\edge-impulse\\node_modules\\edge-impulse-cli'
2446 silly reify ]
2447 silly reify moves {
2447 silly reify   'D:\\ECO_Voice\\.tools\\edge-impulse\\node_modules\\edge-impulse-cli': 'D:\\ECO_Voice\\.tools\\edge-impulse\\node_modules\\.edge-impulse-cli-ky5OZVIy'
2447 silly reify }
2448 http cache @types/ws@https://registry.npmjs.org/@types/ws/-/ws-8.18.1.tgz 0ms (cache hit)
2449 http cache @types/cors@https://registry.npmjs.org/@types/cors/-/cors-2.8.19.tgz 1ms (cache hit)
2450 http cache @serialport/parser-ready@https://registry.npmjs.org/@serialport/parser-ready/-/parser-ready-8.0.6.tgz 0ms (cache hit)
2451 http cache @socket.io/component-emitter@https://registry.npmjs.org/@socket.io/component-emitter/-/component-emitter-3.1.2.tgz 0ms (cache hit)
2452 http cache @serialport/parser-byte-length@https://registry.npmjs.org/@serialport/parser-byte-length/-/parser-byte-length-8.0.6.tgz 0ms (cache hit)
2453 http cache @serialport/parser-delimiter@https://registry.npmjs.org/@serialport/parser-delimiter/-/parser-delimiter-8.0.6.tgz 0ms (cache hit)
2454 http cache @serialport/parser-readline@https://registry.npmjs.org/@serialport/parser-readline/-/parser-readline-8.0.6.tgz 0ms (cache hit)
2455 http cache @serialport/stream@https://registry.npmjs.org/@serialport/stream/-/stream-8.0.6.tgz 0ms (cache hit)
2456 http cache @serialport/parser-regex@https://registry.npmjs.org/@serialport/parser-regex/-/parser-regex-8.0.6.tgz 0ms (cache hit)
2457 http cache undici-types@https://registry.npmjs.org/undici-types/-/undici-types-7.19.2.tgz 0ms (cache hit)
2458 http cache @serialport/binding-mock@https://registry.npmjs.org/@serialport/binding-mock/-/binding-mock-8.0.6.tgz 0ms (cache hit)
2459 http cache debug@https://registry.npmjs.org/debug/-/debug-4.4.3.tgz 0ms (cache hit)
2460 http cache ms@https://registry.npmjs.org/ms/-/ms-2.1.3.tgz 0ms (cache hit)
2461 http cache debug@https://registry.npmjs.org/debug/-/debug-4.4.3.tgz 0ms (cache hit)
2462 http cache strip-ansi@https://registry.npmjs.org/strip-ansi/-/strip-ansi-6.0.1.tgz 0ms (cache hit)
2463 http cache ms@https://registry.npmjs.org/ms/-/ms-2.1.3.tgz 0ms (cache hit)
2464 http cache wrap-ansi-cjs@https://registry.npmjs.org/wrap-ansi/-/wrap-ansi-7.0.0.tgz 0ms (cache hit)
2465 http cache ansi-regex@https://registry.npmjs.org/ansi-regex/-/ansi-regex-5.0.1.tgz 0ms (cache hit)
2466 http cache color-convert@https://registry.npmjs.org/color-convert/-/color-convert-2.0.1.tgz 0ms (cache hit)
2467 http cache @serialport/parser-cctalk@https://registry.npmjs.org/@serialport/parser-cctalk/-/parser-cctalk-8.0.6.tgz 0ms (cache hit)
2468 http cache color-name@https://registry.npmjs.org/color-name/-/color-name-1.1.4.tgz 0ms (cache hit)
2469 http cache ansi-styles@https://registry.npmjs.org/ansi-styles/-/ansi-styles-4.3.0.tgz 0ms (cache hit)
2470 http cache which@https://registry.npmjs.org/which/-/which-2.0.2.tgz 0ms (cache hit)
2471 http cache strip-ansi@https://registry.npmjs.org/strip-ansi/-/strip-ansi-7.2.0.tgz 0ms (cache hit)
2472 http cache @isaacs/cliui@https://registry.npmjs.org/@isaacs/cliui/-/cliui-8.0.2.tgz 0ms (cache hit)
2473 http cache @serialport/binding-abstract@https://registry.npmjs.org/@serialport/binding-abstract/-/binding-abstract-8.0.6.tgz 0ms (cache hit)
2474 http cache string-width@https://registry.npmjs.org/string-width/-/string-width-5.1.2.tgz 0ms (cache hit)
2475 http cache emoji-regex@https://registry.npmjs.org/emoji-regex/-/emoji-regex-9.2.2.tgz 0ms (cache hit)
2476 http cache ansi-regex@https://registry.npmjs.org/ansi-regex/-/ansi-regex-6.2.2.tgz 0ms (cache hit)
2477 http cache debug@https://registry.npmjs.org/debug/-/debug-4.4.3.tgz 0ms (cache hit)
2478 http cache validate-npm-package-name@https://registry.npmjs.org/validate-npm-package-name/-/validate-npm-package-name-5.0.1.tgz 0ms (cache hit)
2479 http cache ms@https://registry.npmjs.org/ms/-/ms-2.1.3.tgz 0ms (cache hit)
2480 http cache vary@https://registry.npmjs.org/vary/-/vary-1.1.2.tgz 0ms (cache hit)
2481 http cache tunnel-agent@https://registry.npmjs.org/tunnel-agent/-/tunnel-agent-0.6.0.tgz 0ms (cache hit)
2482 http cache yallist@https://registry.npmjs.org/yallist/-/yallist-4.0.0.tgz 0ms (cache hit)
2483 http cache yaassertion@https://registry.npmjs.org/yaassertion/-/yaassertion-1.0.2.tgz 1ms (cache hit)
2484 http cache wrappy@https://registry.npmjs.org/wrappy/-/wrappy-1.0.2.tgz 0ms (cache hit)
2485 http cache which-pm-runs@https://registry.npmjs.org/which-pm-runs/-/which-pm-runs-1.1.0.tgz 0ms (cache hit)
2486 http cache wide-align@https://registry.npmjs.org/wide-align/-/wide-align-1.1.5.tgz 0ms (cache hit)
2487 http cache unique-slug@https://registry.npmjs.org/unique-slug/-/unique-slug-4.0.0.tgz 0ms (cache hit)
2488 http cache wrap-ansi@https://registry.npmjs.org/wrap-ansi/-/wrap-ansi-8.1.0.tgz 0ms (cache hit)
2489 http cache strip-ansi@https://registry.npmjs.org/strip-ansi/-/strip-ansi-7.2.0.tgz 0ms (cache hit)
2490 http cache ansi-styles@https://registry.npmjs.org/ansi-styles/-/ansi-styles-6.2.3.tgz 0ms (cache hit)
2491 http cache ansi-regex@https://registry.npmjs.org/ansi-regex/-/ansi-regex-6.2.2.tgz 0ms (cache hit)
2492 http cache string-width@https://registry.npmjs.org/string-width/-/string-width-5.1.2.tgz 0ms (cache hit)
2493 http cache unpipe@https://registry.npmjs.org/unpipe/-/unpipe-1.0.0.tgz 0ms (cache hit)
2494 http cache emoji-regex@https://registry.npmjs.org/emoji-regex/-/emoji-regex-9.2.2.tgz 0ms (cache hit)
2495 http cache utils-merge@https://registry.npmjs.org/utils-merge/-/utils-merge-1.0.1.tgz 0ms (cache hit)
2496 http cache util-deprecate@https://registry.npmjs.org/util-deprecate/-/util-deprecate-1.0.2.tgz 0ms (cache hit)
2497 http cache type-is@https://registry.npmjs.org/type-is/-/type-is-1.6.18.tgz 0ms (cache hit)
2498 http cache toidentifier@https://registry.npmjs.org/toidentifier/-/toidentifier-1.0.1.tgz 0ms (cache hit)
2499 http cache unique-filename@https://registry.npmjs.org/unique-filename/-/unique-filename-3.0.0.tgz 0ms (cache hit)
2500 http cache text-decoder@https://registry.npmjs.org/text-decoder/-/text-decoder-1.2.7.tgz 0ms (cache hit)
2501 http cache tmp@https://registry.npmjs.org/tmp/-/tmp-0.0.33.tgz 0ms (cache hit)
2502 http cache type-fest@https://registry.npmjs.org/type-fest/-/type-fest-0.21.3.tgz 0ms (cache hit)
2503 http cache through@https://registry.npmjs.org/through/-/through-2.3.8.tgz 0ms (cache hit)
2504 http cache strip-json-comments@https://registry.npmjs.org/strip-json-comments/-/strip-json-comments-2.0.1.tgz 0ms (cache hit)
2505 http cache readable-stream@https://registry.npmjs.org/readable-stream/-/readable-stream-3.6.2.tgz 0ms (cache hit)
2506 http cache supports-color@https://registry.npmjs.org/supports-color/-/supports-color-5.5.0.tgz 0ms (cache hit)
2507 http cache tar-stream@https://registry.npmjs.org/tar-stream/-/tar-stream-2.2.0.tgz 0ms (cache hit)
2508 http cache debug@https://registry.npmjs.org/debug/-/debug-4.4.3.tgz 0ms (cache hit)
2509 http cache ms@https://registry.npmjs.org/ms/-/ms-2.1.3.tgz 0ms (cache hit)
2510 http cache ws@https://registry.npmjs.org/ws/-/ws-8.18.3.tgz 1ms (cache hit)
2511 http cache socket.io-adapter@https://registry.npmjs.org/socket.io-adapter/-/socket.io-adapter-2.5.6.tgz 0ms (cache hit)
2512 http cache strip-ansi@https://registry.npmjs.org/strip-ansi/-/strip-ansi-5.2.0.tgz 0ms (cache hit)
2513 http cache teex@https://registry.npmjs.org/teex/-/teex-1.0.1.tgz 0ms (cache hit)
2514 http cache string-width-cjs@https://registry.npmjs.org/string-width/-/string-width-4.2.3.tgz 0ms (cache hit)
2515 http cache strip-ansi@https://registry.npmjs.org/strip-ansi/-/strip-ansi-6.0.1.tgz 0ms (cache hit)
2516 http cache strip-ansi-cjs@https://registry.npmjs.org/strip-ansi/-/strip-ansi-6.0.1.tgz 0ms (cache hit)
2517 http cache ansi-regex@https://registry.npmjs.org/ansi-regex/-/ansi-regex-5.0.1.tgz 0ms (cache hit)
2518 http cache string_decoder@https://registry.npmjs.org/string_decoder/-/string_decoder-1.1.1.tgz 0ms (cache hit)
2519 http cache ansi-regex@https://registry.npmjs.org/ansi-regex/-/ansi-regex-5.0.1.tgz 0ms (cache hit)
2520 http cache simple-swizzle@https://registry.npmjs.org/simple-swizzle/-/simple-swizzle-0.2.4.tgz 0ms (cache hit)
2521 http cache streamx@https://registry.npmjs.org/streamx/-/streamx-2.25.0.tgz 0ms (cache hit)
2522 http cache safe-buffer@https://registry.npmjs.org/safe-buffer/-/safe-buffer-5.1.2.tgz 0ms (cache hit)
2523 http cache socks@https://registry.npmjs.org/socks/-/socks-2.8.7.tgz 0ms (cache hit)
2524 http cache ssri@https://registry.npmjs.org/ssri/-/ssri-10.0.6.tgz 0ms (cache hit)
2525 http cache string-width@https://registry.npmjs.org/string-width/-/string-width-4.2.3.tgz 0ms (cache hit)
2526 http cache ansi-regex@https://registry.npmjs.org/ansi-regex/-/ansi-regex-5.0.1.tgz 0ms (cache hit)
2527 http cache strip-ansi@https://registry.npmjs.org/strip-ansi/-/strip-ansi-6.0.1.tgz 0ms (cache hit)
2528 http cache process-nextick-args@https://registry.npmjs.org/process-nextick-args/-/process-nextick-args-2.0.1.tgz 0ms (cache hit)
2529 http cache side-channel-map@https://registry.npmjs.org/side-channel-map/-/side-channel-map-1.0.1.tgz 0ms (cache hit)
2530 http cache side-channel-weakmap@https://registry.npmjs.org/side-channel-weakmap/-/side-channel-weakmap-1.0.2.tgz 0ms (cache hit)
2531 http cache smart-buffer@https://registry.npmjs.org/smart-buffer/-/smart-buffer-4.2.0.tgz 0ms (cache hit)
2532 http cache ms@https://registry.npmjs.org/ms/-/ms-2.1.3.tgz 0ms (cache hit)
2533 http cache socks-proxy-agent@https://registry.npmjs.org/socks-proxy-agent/-/socks-proxy-agent-8.0.5.tgz 0ms (cache hit)
2534 http cache debug@https://registry.npmjs.org/debug/-/debug-4.4.3.tgz 0ms (cache hit)
2535 http cache simple-concat@https://registry.npmjs.org/simple-concat/-/simple-concat-1.0.1.tgz 0ms (cache hit)
2536 http cache shebang-regex@https://registry.npmjs.org/shebang-regex/-/shebang-regex-3.0.0.tgz 0ms (cache hit)
2537 http cache simple-get@https://registry.npmjs.org/simple-get/-/simple-get-3.1.1.tgz 0ms (cache hit)
2538 http cache side-channel-list@https://registry.npmjs.org/side-channel-list/-/side-channel-list-1.0.1.tgz 0ms (cache hit)
2539 http cache safer-buffer@https://registry.npmjs.org/safer-buffer/-/safer-buffer-2.1.2.tgz 0ms (cache hit)
2540 http cache send@https://registry.npmjs.org/send/-/send-0.19.0.tgz 0ms (cache hit)
2541 http cache setprototypeof@https://registry.npmjs.org/setprototypeof/-/setprototypeof-1.2.0.tgz 0ms (cache hit)
2542 http cache encodeurl@https://registry.npmjs.org/encodeurl/-/encodeurl-1.0.2.tgz 0ms (cache hit)
2543 http cache ms@https://registry.npmjs.org/ms/-/ms-2.1.3.tgz 0ms (cache hit)
2544 http cache set-blocking@https://registry.npmjs.org/set-blocking/-/set-blocking-2.0.0.tgz 0ms (cache hit)
2545 http cache rx-lite@https://registry.npmjs.org/rx-lite/-/rx-lite-4.0.8.tgz 0ms (cache hit)
2546 http cache retry@https://registry.npmjs.org/retry/-/retry-0.12.0.tgz 0ms (cache hit)
2547 http cache serve-static@https://registry.npmjs.org/serve-static/-/serve-static-1.16.2.tgz 0ms (cache hit)
2548 http cache safe-buffer@https://registry.npmjs.org/safe-buffer/-/safe-buffer-5.2.1.tgz 0ms (cache hit)
2549 http cache rx-lite-aggregates@https://registry.npmjs.org/rx-lite-aggregates/-/rx-lite-aggregates-4.0.8.tgz 0ms (cache hit)
2550 http cache signal-exit@https://registry.npmjs.org/signal-exit/-/signal-exit-3.0.7.tgz 0ms (cache hit)
2551 http cache restore-cursor@https://registry.npmjs.org/restore-cursor/-/restore-cursor-3.1.0.tgz 0ms (cache hit)
2552 http cache pump@https://registry.npmjs.org/pump/-/pump-3.0.4.tgz 0ms (cache hit)
2553 http cache raw-body@https://registry.npmjs.org/raw-body/-/raw-body-2.5.2.tgz 0ms (cache hit)
2554 http cache run-async@https://registry.npmjs.org/run-async/-/run-async-2.4.1.tgz 0ms (cache hit)
2555 http cache p-map@https://registry.npmjs.org/p-map/-/p-map-4.0.0.tgz 0ms (cache hit)
2556 http cache range-parser@https://registry.npmjs.org/range-parser/-/range-parser-1.2.1.tgz 0ms (cache hit)
2557 http cache path-key@https://registry.npmjs.org/path-key/-/path-key-3.1.1.tgz 0ms (cache hit)
2558 http cache proxy-addr@https://registry.npmjs.org/proxy-addr/-/proxy-addr-2.0.7.tgz 0ms (cache hit)
2559 http cache proc-log@https://registry.npmjs.org/proc-log/-/proc-log-4.2.0.tgz 0ms (cache hit)
2560 http cache rc@https://registry.npmjs.org/rc/-/rc-1.2.8.tgz 0ms (cache hit)
2561 http cache parseurl@https://registry.npmjs.org/parseurl/-/parseurl-1.3.3.tgz 0ms (cache hit)
2562 http cache queue@https://registry.npmjs.org/queue/-/queue-6.0.2.tgz 0ms (cache hit)
2563 http cache path-to-regexp@https://registry.npmjs.org/path-to-regexp/-/path-to-regexp-0.1.12.tgz 0ms (cache hit)
2564 http cache object-assign@https://registry.npmjs.org/object-assign/-/object-assign-4.1.1.tgz 0ms (cache hit)
2565 http cache pend@https://registry.npmjs.org/pend/-/pend-1.2.0.tgz 0ms (cache hit)
2566 http cache npm-package-arg@https://registry.npmjs.org/npm-package-arg/-/npm-package-arg-11.0.3.tgz 0ms (cache hit)
2567 http cache onetime@https://registry.npmjs.org/onetime/-/onetime-5.1.2.tgz 0ms (cache hit)
2568 http cache semver@https://registry.npmjs.org/semver/-/semver-5.7.2.tgz 0ms (cache hit)
2569 http cache os-tmpdir@https://registry.npmjs.org/os-tmpdir/-/os-tmpdir-1.0.2.tgz 0ms (cache hit)
2570 http cache node-abi@https://registry.npmjs.org/node-abi/-/node-abi-2.30.1.tgz 0ms (cache hit)
2571 http cache package-json-from-dist@https://registry.npmjs.org/package-json-from-dist/-/package-json-from-dist-1.0.1.tgz 1ms (cache hit)
2572 http cache nofilter@https://registry.npmjs.org/nofilter/-/nofilter-1.0.4.tgz 0ms (cache hit)
2573 http cache once@https://registry.npmjs.org/once/-/once-1.4.0.tgz 0ms (cache hit)
2574 http cache noop-logger@https://registry.npmjs.org/noop-logger/-/noop-logger-0.1.1.tgz 0ms (cache hit)
2575 http cache number-is-nan@https://registry.npmjs.org/number-is-nan/-/number-is-nan-1.0.1.tgz 0ms (cache hit)
2576 http cache npmlog@https://registry.npmjs.org/npmlog/-/npmlog-4.1.2.tgz 0ms (cache hit)
2577 http cache minipass-pipeline@https://registry.npmjs.org/minipass-pipeline/-/minipass-pipeline-1.2.4.tgz 0ms (cache hit)
2578 http cache napi-build-utils@https://registry.npmjs.org/napi-build-utils/-/napi-build-utils-1.0.2.tgz 0ms (cache hit)
2579 http cache mkdirp@https://registry.npmjs.org/mkdirp/-/mkdirp-1.0.4.tgz 0ms (cache hit)
2580 http cache ms@https://registry.npmjs.org/ms/-/ms-2.0.0.tgz 0ms (cache hit)
2581 http cache minipass@https://registry.npmjs.org/minipass/-/minipass-3.3.6.tgz 0ms (cache hit)
2582 http cache minipass@https://registry.npmjs.org/minipass/-/minipass-3.3.6.tgz 1ms (cache hit)
2583 http cache minipass-flush@https://registry.npmjs.org/minipass-flush/-/minipass-flush-1.0.7.tgz 0ms (cache hit)
2584 http cache mute-stream@https://registry.npmjs.org/mute-stream/-/mute-stream-0.0.8.tgz 1ms (cache hit)
2585 http cache shebang-command@https://registry.npmjs.org/shebang-command/-/shebang-command-2.0.0.tgz 0ms (cache hit)
2586 http cache minizlib@https://registry.npmjs.org/minizlib/-/minizlib-2.1.2.tgz 0ms (cache hit)
2587 http cache minipass@https://registry.npmjs.org/minipass/-/minipass-3.3.6.tgz 0ms (cache hit)
2588 http cache mkdirp-classic@https://registry.npmjs.org/mkdirp-classic/-/mkdirp-classic-0.5.3.tgz 0ms (cache hit)
2589 http cache minipass-collect@https://registry.npmjs.org/minipass-collect/-/minipass-collect-2.0.1.tgz 0ms (cache hit)
2590 http cache mime@https://registry.npmjs.org/mime/-/mime-1.6.0.tgz 0ms (cache hit)
2591 http cache hosted-git-info@https://registry.npmjs.org/hosted-git-info/-/hosted-git-info-7.0.2.tgz 0ms (cache hit)
2592 http cache isexe@https://registry.npmjs.org/isexe/-/isexe-2.0.0.tgz 0ms (cache hit)
2593 http cache mimic-fn@https://registry.npmjs.org/mimic-fn/-/mimic-fn-2.1.0.tgz 0ms (cache hit)
2594 http cache merge-descriptors@https://registry.npmjs.org/merge-descriptors/-/merge-descriptors-1.0.3.tgz 0ms (cache hit)
2595 http cache methods@https://registry.npmjs.org/methods/-/methods-1.1.2.tgz 0ms (cache hit)
2596 http cache mimic-response@https://registry.npmjs.org/mimic-response/-/mimic-response-2.1.0.tgz 0ms (cache hit)
2597 http cache ini@https://registry.npmjs.org/ini/-/ini-1.3.8.tgz 0ms (cache hit)
2598 http cache media-typer@https://registry.npmjs.org/media-typer/-/media-typer-0.3.0.tgz 0ms (cache hit)
2599 http cache jsonparse@https://registry.npmjs.org/jsonparse/-/jsonparse-1.3.1.tgz 0ms (cache hit)
2600 http cache ip-address@https://registry.npmjs.org/ip-address/-/ip-address-10.1.0.tgz 0ms (cache hit)
2601 http cache is-arrayish@https://registry.npmjs.org/is-arrayish/-/is-arrayish-0.3.4.tgz 0ms (cache hit)
2602 http cache ipaddr.js@https://registry.npmjs.org/ipaddr.js/-/ipaddr.js-1.9.1.tgz 0ms (cache hit)
2603 http cache is-fullwidth-code-point@https://registry.npmjs.org/is-fullwidth-code-point/-/is-fullwidth-code-point-3.0.0.tgz 0ms (cache hit)
2604 http cache isarray@https://registry.npmjs.org/isarray/-/isarray-1.0.0.tgz 0ms (cache hit)
2605 http cache is-lambda@https://registry.npmjs.org/is-lambda/-/is-lambda-1.0.1.tgz 0ms (cache hit)
2606 http cache inherits@https://registry.npmjs.org/inherits/-/inherits-2.0.4.tgz 0ms (cache hit)
2607 http cache http-proxy-agent@https://registry.npmjs.org/http-proxy-agent/-/http-proxy-agent-7.0.2.tgz 0ms (cache hit)
2608 http cache iconv-lite@https://registry.npmjs.org/iconv-lite/-/iconv-lite-0.4.24.tgz 0ms (cache hit)
2609 http cache imurmurhash@https://registry.npmjs.org/imurmurhash/-/imurmurhash-0.1.4.tgz 0ms (cache hit)
2610 http cache get-proto@https://registry.npmjs.org/get-proto/-/get-proto-1.0.1.tgz 0ms (cache hit)
2611 http cache gopd@https://registry.npmjs.org/gopd/-/gopd-1.2.0.tgz 0ms (cache hit)
2612 http cache mime-types@https://registry.npmjs.org/mime-types/-/mime-types-2.1.35.tgz 0ms (cache hit)
2613 http cache http-errors@https://registry.npmjs.org/http-errors/-/http-errors-2.0.0.tgz 0ms (cache hit)
2614 http cache hasown@https://registry.npmjs.org/hasown/-/hasown-2.0.2.tgz 0ms (cache hit)
2615 http cache ieee754@https://registry.npmjs.org/ieee754/-/ieee754-1.2.1.tgz 0ms (cache hit)
2616 http cache github-from-package@https://registry.npmjs.org/github-from-package/-/github-from-package-0.0.0.tgz 0ms (cache hit)
2617 http cache ms@https://registry.npmjs.org/ms/-/ms-2.1.3.tgz 0ms (cache hit)
2618 http cache debug@https://registry.npmjs.org/debug/-/debug-4.4.3.tgz 0ms (cache hit)
2619 http cache indent-string@https://registry.npmjs.org/indent-string/-/indent-string-4.0.0.tgz 0ms (cache hit)
2620 http cache has-flag@https://registry.npmjs.org/has-flag/-/has-flag-3.0.0.tgz 0ms (cache hit)
2621 http cache http-cache-semantics@https://registry.npmjs.org/http-cache-semantics/-/http-cache-semantics-4.2.0.tgz 0ms (cache hit)
2622 http cache encodeurl@https://registry.npmjs.org/encodeurl/-/encodeurl-2.0.0.tgz 0ms (cache hit)
2623 http cache fuzzy@https://registry.npmjs.org/fuzzy/-/fuzzy-0.1.3.tgz 0ms (cache hit)
2624 http cache has-symbols@https://registry.npmjs.org/has-symbols/-/has-symbols-1.1.0.tgz 0ms (cache hit)
2625 http cache has-unicode@https://registry.npmjs.org/has-unicode/-/has-unicode-2.0.1.tgz 0ms (cache hit)
2626 http cache fs-minipass@https://registry.npmjs.org/fs-minipass/-/fs-minipass-3.0.3.tgz 0ms (cache hit)
2627 http cache gauge@https://registry.npmjs.org/gauge/-/gauge-2.7.4.tgz 0ms (cache hit)
2628 http cache string-width@https://registry.npmjs.org/string-width/-/string-width-1.0.2.tgz 0ms (cache hit)
2629 http cache is-fullwidth-code-point@https://registry.npmjs.org/is-fullwidth-code-point/-/is-fullwidth-code-point-1.0.0.tgz 0ms (cache hit)
2630 http cache signal-exit@https://registry.npmjs.org/signal-exit/-/signal-exit-3.0.7.tgz 0ms (cache hit)
2631 http cache ansi-regex@https://registry.npmjs.org/ansi-regex/-/ansi-regex-2.1.1.tgz 0ms (cache hit)
2632 http cache function-bind@https://registry.npmjs.org/function-bind/-/function-bind-1.1.2.tgz 0ms (cache hit)
2633 http cache strip-ansi@https://registry.npmjs.org/strip-ansi/-/strip-ansi-3.0.1.tgz 0ms (cache hit)
2634 http cache fresh@https://registry.npmjs.org/fresh/-/fresh-0.5.2.tgz 0ms (cache hit)
2635 http cache es-object-atoms@https://registry.npmjs.org/es-object-atoms/-/es-object-atoms-1.1.1.tgz 0ms (cache hit)
2636 http cache fd-slicer@https://registry.npmjs.org/fd-slicer/-/fd-slicer-1.1.0.tgz 0ms (cache hit)
2637 http cache get-intrinsic@https://registry.npmjs.org/get-intrinsic/-/get-intrinsic-1.3.0.tgz 0ms (cache hit)
2638 http cache figures@https://registry.npmjs.org/figures/-/figures-3.2.0.tgz 0ms (cache hit)
2639 http cache expand-template@https://registry.npmjs.org/expand-template/-/expand-template-2.0.3.tgz 0ms (cache hit)
2640 http cache forwarded@https://registry.npmjs.org/forwarded/-/forwarded-0.2.0.tgz 0ms (cache hit)
2641 http cache finalhandler@https://registry.npmjs.org/finalhandler/-/finalhandler-1.3.1.tgz 0ms (cache hit)
2642 http cache fs-constants@https://registry.npmjs.org/fs-constants/-/fs-constants-1.0.0.tgz 0ms (cache hit)
2643 http cache deep-extend@https://registry.npmjs.org/deep-extend/-/deep-extend-0.6.0.tgz 0ms (cache hit)
2644 http cache escape-string-regexp@https://registry.npmjs.org/escape-string-regexp/-/escape-string-regexp-1.0.5.tgz 0ms (cache hit)
2645 http cache fast-fifo@https://registry.npmjs.org/fast-fifo/-/fast-fifo-1.3.2.tgz 0ms (cache hit)
2646 http cache external-editor@https://registry.npmjs.org/external-editor/-/external-editor-3.1.0.tgz 0ms (cache hit)
2647 http cache etag@https://registry.npmjs.org/etag/-/etag-1.8.1.tgz 0ms (cache hit)
2648 http cache es-define-property@https://registry.npmjs.org/es-define-property/-/es-define-property-1.0.1.tgz 1ms (cache hit)
2649 http cache events-universal@https://registry.npmjs.org/events-universal/-/events-universal-1.0.1.tgz 0ms (cache hit)
2650 http cache cookie@https://registry.npmjs.org/cookie/-/cookie-0.7.1.tgz 0ms (cache hit)
2651 http cache encoding@https://registry.npmjs.org/encoding/-/encoding-0.1.13.tgz 0ms (cache hit)
2652 http cache emoji-regex@https://registry.npmjs.org/emoji-regex/-/emoji-regex-8.0.0.tgz 0ms (cache hit)
2653 http cache escape-html@https://registry.npmjs.org/escape-html/-/escape-html-1.0.3.tgz 0ms (cache hit)
2654 http cache end-of-stream@https://registry.npmjs.org/end-of-stream/-/end-of-stream-1.4.5.tgz 0ms (cache hit)
2655 http cache iconv-lite@https://registry.npmjs.org/iconv-lite/-/iconv-lite-0.6.3.tgz 0ms (cache hit)
2656 http cache eastasianwidth@https://registry.npmjs.org/eastasianwidth/-/eastasianwidth-0.2.0.tgz 0ms (cache hit)
2657 http cache ee-first@https://registry.npmjs.org/ee-first/-/ee-first-1.1.1.tgz 0ms (cache hit)
2658 http cache cookie-signature@https://registry.npmjs.org/cookie-signature/-/cookie-signature-1.0.6.tgz 0ms (cache hit)
2659 http cache debug@https://registry.npmjs.org/debug/-/debug-2.6.9.tgz 0ms (cache hit)
2660 http cache console-control-strings@https://registry.npmjs.org/console-control-strings/-/console-control-strings-1.1.0.tgz 1ms (cache hit)
2661 http cache destroy@https://registry.npmjs.org/destroy/-/destroy-1.2.0.tgz 0ms (cache hit)
2662 http cache detect-libc@https://registry.npmjs.org/detect-libc/-/detect-libc-1.0.3.tgz 0ms (cache hit)
2663 http cache dunder-proto@https://registry.npmjs.org/dunder-proto/-/dunder-proto-1.0.1.tgz 0ms (cache hit)
2664 http cache delegates@https://registry.npmjs.org/delegates/-/delegates-1.0.0.tgz 0ms (cache hit)
2665 http cache depd@https://registry.npmjs.org/depd/-/depd-2.0.0.tgz 0ms (cache hit)
2666 http cache color-convert@https://registry.npmjs.org/color-convert/-/color-convert-1.9.3.tgz 0ms (cache hit)
2667 http cache buffer-crc32@https://registry.npmjs.org/buffer-crc32/-/buffer-crc32-0.2.13.tgz 0ms (cache hit)
2668 http cache core-util-is@https://registry.npmjs.org/core-util-is/-/core-util-is-1.0.3.tgz 0ms (cache hit)
2669 http cache decompress-response@https://registry.npmjs.org/decompress-response/-/decompress-response-4.2.1.tgz 0ms (cache hit)
2670 http cache colors@https://registry.npmjs.org/colors/-/colors-1.4.0.tgz 0ms (cache hit)
2671 http cache cors@https://registry.npmjs.org/cors/-/cors-2.8.6.tgz 0ms (cache hit)
2672 http cache file-uri-to-path@https://registry.npmjs.org/file-uri-to-path/-/file-uri-to-path-1.0.0.tgz 0ms (cache hit)
2673 http cache bare-stream@https://registry.npmjs.org/bare-stream/-/bare-stream-2.13.0.tgz 0ms (cache hit)
2674 http cache content-type@https://registry.npmjs.org/content-type/-/content-type-1.0.5.tgz 0ms (cache hit)
2675 http cache color-name@https://registry.npmjs.org/color-name/-/color-name-1.1.3.tgz 0ms (cache hit)
2676 http cache chalk@https://registry.npmjs.org/chalk/-/chalk-2.4.2.tgz 0ms (cache hit)
2677 http cache color-string@https://registry.npmjs.org/color-string/-/color-string-1.9.1.tgz 0ms (cache hit)
2678 http cache cli-cursor@https://registry.npmjs.org/cli-cursor/-/cli-cursor-3.1.0.tgz 0ms (cache hit)
2679 http cache clean-stack@https://registry.npmjs.org/clean-stack/-/clean-stack-2.2.0.tgz 0ms (cache hit)
2680 http cache color@https://registry.npmjs.org/color/-/color-4.2.3.tgz 0ms (cache hit)
2681 http cache chardet@https://registry.npmjs.org/chardet/-/chardet-0.7.0.tgz 0ms (cache hit)
2682 http cache bytes@https://registry.npmjs.org/bytes/-/bytes-3.1.2.tgz 0ms (cache hit)
2683 http cache color-name@https://registry.npmjs.org/color-name/-/color-name-1.1.4.tgz 0ms (cache hit)
2684 http cache code-point-at@https://registry.npmjs.org/code-point-at/-/code-point-at-1.1.0.tgz 0ms (cache hit)
2685 http cache color-convert@https://registry.npmjs.org/color-convert/-/color-convert-2.0.1.tgz 0ms (cache hit)
2686 http cache bl@https://registry.npmjs.org/bl/-/bl-4.1.0.tgz 0ms (cache hit)
2687 http cache call-bind-apply-helpers@https://registry.npmjs.org/call-bind-apply-helpers/-/call-bind-apply-helpers-1.0.2.tgz 0ms (cache hit)
2688 http cache call-bound@https://registry.npmjs.org/call-bound/-/call-bound-1.0.4.tgz 0ms (cache hit)
2689 http cache bindings@https://registry.npmjs.org/bindings/-/bindings-1.5.0.tgz 0ms (cache hit)
2690 http cache chownr@https://registry.npmjs.org/chownr/-/chownr-2.0.0.tgz 0ms (cache hit)
2691 http cache buffer@https://registry.npmjs.org/buffer/-/buffer-5.7.1.tgz 0ms (cache hit)
2692 http cache balanced-match@https://registry.npmjs.org/balanced-match/-/balanced-match-1.0.2.tgz 0ms (cache hit)
2693 http cache readable-stream@https://registry.npmjs.org/readable-stream/-/readable-stream-3.6.2.tgz 0ms (cache hit)
2694 http cache brace-expansion@https://registry.npmjs.org/brace-expansion/-/brace-expansion-2.1.0.tgz 0ms (cache hit)
2695 http cache bare-path@https://registry.npmjs.org/bare-path/-/bare-path-3.0.0.tgz 0ms (cache hit)
2696 http cache b4a@https://registry.npmjs.org/b4a/-/b4a-1.8.0.tgz 0ms (cache hit)
2697 http cache bare-events@https://registry.npmjs.org/bare-events/-/bare-events-2.8.2.tgz 0ms (cache hit)
2698 http cache array-flatten@https://registry.npmjs.org/array-flatten/-/array-flatten-1.1.1.tgz 0ms (cache hit)
2699 http cache base64id@https://registry.npmjs.org/base64id/-/base64id-2.0.0.tgz 1ms (cache hit)
2700 http cache are-we-there-yet@https://registry.npmjs.org/are-we-there-yet/-/are-we-there-yet-1.1.7.tgz 0ms (cache hit)
2701 http cache ansi-escapes@https://registry.npmjs.org/ansi-escapes/-/ansi-escapes-4.3.2.tgz 0ms (cache hit)
2702 http cache aggregate-error@https://registry.npmjs.org/aggregate-error/-/aggregate-error-3.1.0.tgz 0ms (cache hit)
2703 http cache accepts@https://registry.npmjs.org/accepts/-/accepts-1.3.8.tgz 0ms (cache hit)
2704 http cache ansi-regex@https://registry.npmjs.org/ansi-regex/-/ansi-regex-4.1.1.tgz 0ms (cache hit)
2705 http cache ansi-styles@https://registry.npmjs.org/ansi-styles/-/ansi-styles-3.2.1.tgz 0ms (cache hit)
2706 http cache aproba@https://registry.npmjs.org/aproba/-/aproba-1.2.0.tgz 0ms (cache hit)
2707 http cache @types/uuid@https://registry.npmjs.org/@types/uuid/-/uuid-10.0.0.tgz 0ms (cache hit)
2708 http cache @zeit/dockerignore@https://registry.npmjs.org/@zeit/dockerignore/-/dockerignore-0.0.5.tgz 0ms (cache hit)
2709 http cache @types/node@https://registry.npmjs.org/@types/node/-/node-25.6.0.tgz 0ms (cache hit)
2710 http cache @smithy/util-uri-escape@https://registry.npmjs.org/@smithy/util-uri-escape/-/util-uri-escape-3.0.0.tgz 0ms (cache hit)
2711 http cache @smithy/util-stream@https://registry.npmjs.org/@smithy/util-stream/-/util-stream-3.3.4.tgz 0ms (cache hit)
2712 http cache @smithy/util-utf8@https://registry.npmjs.org/@smithy/util-utf8/-/util-utf8-3.0.0.tgz 0ms (cache hit)
2713 http cache @smithy/util-waiter@https://registry.npmjs.org/@smithy/util-waiter/-/util-waiter-3.2.0.tgz 0ms (cache hit)
2714 http cache @smithy/fetch-http-handler@https://registry.npmjs.org/@smithy/fetch-http-handler/-/fetch-http-handler-4.1.3.tgz 0ms (cache hit)
2715 http cache @smithy/util-hex-encoding@https://registry.npmjs.org/@smithy/util-hex-encoding/-/util-hex-encoding-3.0.0.tgz 0ms (cache hit)
2716 http cache @smithy/util-middleware@https://registry.npmjs.org/@smithy/util-middleware/-/util-middleware-3.0.11.tgz 0ms (cache hit)
2717 http cache @smithy/util-retry@https://registry.npmjs.org/@smithy/util-retry/-/util-retry-3.0.11.tgz 0ms (cache hit)
2718 http cache @smithy/util-endpoints@https://registry.npmjs.org/@smithy/util-endpoints/-/util-endpoints-2.1.7.tgz 0ms (cache hit)
2719 http cache @smithy/util-defaults-mode-node@https://registry.npmjs.org/@smithy/util-defaults-mode-node/-/util-defaults-mode-node-3.0.34.tgz 0ms (cache hit)
2720 http cache @smithy/util-config-provider@https://registry.npmjs.org/@smithy/util-config-provider/-/util-config-provider-3.0.0.tgz 0ms (cache hit)
2721 http cache @smithy/util-buffer-from@https://registry.npmjs.org/@smithy/util-buffer-from/-/util-buffer-from-3.0.0.tgz 0ms (cache hit)
2722 http cache @smithy/util-defaults-mode-browser@https://registry.npmjs.org/@smithy/util-defaults-mode-browser/-/util-defaults-mode-browser-3.0.34.tgz 0ms (cache hit)
2723 http cache @smithy/util-body-length-node@https://registry.npmjs.org/@smithy/util-body-length-node/-/util-body-length-node-3.0.0.tgz 0ms (cache hit)
2724 http cache @smithy/util-body-length-browser@https://registry.npmjs.org/@smithy/util-body-length-browser/-/util-body-length-browser-3.0.0.tgz 0ms (cache hit)
2725 http cache @smithy/url-parser@https://registry.npmjs.org/@smithy/url-parser/-/url-parser-3.0.11.tgz 0ms (cache hit)
2726 http cache @smithy/util-base64@https://registry.npmjs.org/@smithy/util-base64/-/util-base64-3.0.0.tgz 0ms (cache hit)
2727 http cache @smithy/types@https://registry.npmjs.org/@smithy/types/-/types-3.7.2.tgz 0ms (cache hit)
2728 http cache @smithy/signature-v4@https://registry.npmjs.org/@smithy/signature-v4/-/signature-v4-4.2.4.tgz 0ms (cache hit)
2729 http cache @smithy/shared-ini-file-loader@https://registry.npmjs.org/@smithy/shared-ini-file-loader/-/shared-ini-file-loader-3.1.12.tgz 1ms (cache hit)
2730 http cache @smithy/smithy-client@https://registry.npmjs.org/@smithy/smithy-client/-/smithy-client-3.7.0.tgz 0ms (cache hit)
2731 http cache @smithy/querystring-builder@https://registry.npmjs.org/@smithy/querystring-builder/-/querystring-builder-3.0.11.tgz 0ms (cache hit)
2732 http cache @smithy/service-error-classification@https://registry.npmjs.org/@smithy/service-error-classification/-/service-error-classification-3.0.11.tgz 0ms (cache hit)
2733 http cache @xmldom/xmldom@https://registry.npmjs.org/@xmldom/xmldom/-/xmldom-0.8.10.tgz 0ms (cache hit)
2734 http cache @smithy/querystring-parser@https://registry.npmjs.org/@smithy/querystring-parser/-/querystring-parser-3.0.11.tgz 0ms (cache hit)
2735 http cache @smithy/property-provider@https://registry.npmjs.org/@smithy/property-provider/-/property-provider-3.1.11.tgz 0ms (cache hit)
2736 http cache @smithy/node-config-provider@https://registry.npmjs.org/@smithy/node-config-provider/-/node-config-provider-3.1.12.tgz 0ms (cache hit)
2737 http cache @smithy/middleware-retry@https://registry.npmjs.org/@smithy/middleware-retry/-/middleware-retry-3.0.34.tgz 0ms (cache hit)
2738 http cache @smithy/protocol-http@https://registry.npmjs.org/@smithy/protocol-http/-/protocol-http-4.1.8.tgz 0ms (cache hit)
2739 http cache @smithy/middleware-stack@https://registry.npmjs.org/@smithy/middleware-stack/-/middleware-stack-3.0.11.tgz 0ms (cache hit)
2740 http cache @smithy/middleware-serde@https://registry.npmjs.org/@smithy/middleware-serde/-/middleware-serde-3.0.11.tgz 0ms (cache hit)
2741 http cache @smithy/middleware-endpoint@https://registry.npmjs.org/@smithy/middleware-endpoint/-/middleware-endpoint-3.2.8.tgz 0ms (cache hit)
2742 http cache @smithy/md5-js@https://registry.npmjs.org/@smithy/md5-js/-/md5-js-3.0.11.tgz 0ms (cache hit)
2743 http cache @smithy/middleware-content-length@https://registry.npmjs.org/@smithy/middleware-content-length/-/middleware-content-length-3.0.13.tgz 0ms (cache hit)
2744 http cache @smithy/is-array-buffer@https://registry.npmjs.org/@smithy/is-array-buffer/-/is-array-buffer-3.0.0.tgz 0ms (cache hit)
2745 http cache @smithy/node-http-handler@https://registry.npmjs.org/@smithy/node-http-handler/-/node-http-handler-3.3.3.tgz 0ms (cache hit)
2746 http cache @smithy/hash-stream-node@https://registry.npmjs.org/@smithy/hash-stream-node/-/hash-stream-node-3.1.10.tgz 0ms (cache hit)
2747 http cache @smithy/invalid-dependency@https://registry.npmjs.org/@smithy/invalid-dependency/-/invalid-dependency-3.0.11.tgz 0ms (cache hit)
2748 http cache @smithy/hash-blob-browser@https://registry.npmjs.org/@smithy/hash-blob-browser/-/hash-blob-browser-3.1.10.tgz 0ms (cache hit)
2749 http cache @smithy/hash-node@https://registry.npmjs.org/@smithy/hash-node/-/hash-node-3.0.11.tgz 0ms (cache hit)
2750 http cache @smithy/eventstream-serde-universal@https://registry.npmjs.org/@smithy/eventstream-serde-universal/-/eventstream-serde-universal-3.0.13.tgz 0ms (cache hit)
2751 http cache @smithy/eventstream-serde-node@https://registry.npmjs.org/@smithy/eventstream-serde-node/-/eventstream-serde-node-3.0.13.tgz 0ms (cache hit)
2752 http cache @smithy/fetch-http-handler@https://registry.npmjs.org/@smithy/fetch-http-handler/-/fetch-http-handler-3.2.9.tgz 0ms (cache hit)
2753 http cache @smithy/eventstream-serde-browser@https://registry.npmjs.org/@smithy/eventstream-serde-browser/-/eventstream-serde-browser-3.0.14.tgz 0ms (cache hit)
2754 http cache @smithy/eventstream-codec@https://registry.npmjs.org/@smithy/eventstream-codec/-/eventstream-codec-3.1.10.tgz 0ms (cache hit)
2755 http cache @smithy/eventstream-serde-config-resolver@https://registry.npmjs.org/@smithy/eventstream-serde-config-resolver/-/eventstream-serde-config-resolver-3.0.11.tgz 0ms (cache hit)
2756 http cache @smithy/credential-provider-imds@https://registry.npmjs.org/@smithy/credential-provider-imds/-/credential-provider-imds-3.2.8.tgz 0ms (cache hit)
2757 http cache @smithy/core@https://registry.npmjs.org/@smithy/core/-/core-2.5.7.tgz 0ms (cache hit)
2758 http cache @smithy/abort-controller@https://registry.npmjs.org/@smithy/abort-controller/-/abort-controller-3.1.9.tgz 0ms (cache hit)
2759 http cache @smithy/config-resolver@https://registry.npmjs.org/@smithy/config-resolver/-/config-resolver-3.0.13.tgz 0ms (cache hit)
2760 http cache @smithy/chunked-blob-reader-native@https://registry.npmjs.org/@smithy/chunked-blob-reader-native/-/chunked-blob-reader-native-3.0.1.tgz 0ms (cache hit)
2761 http cache @smithy/chunked-blob-reader@https://registry.npmjs.org/@smithy/chunked-blob-reader/-/chunked-blob-reader-4.0.0.tgz 0ms (cache hit)
2762 http cache @pkgjs/parseargs@https://registry.npmjs.org/@pkgjs/parseargs/-/parseargs-0.11.0.tgz 0ms (cache hit)
2763 http cache @npmcli/fs@https://registry.npmjs.org/@npmcli/fs/-/fs-3.1.1.tgz 0ms (cache hit)
2764 http cache @fastify/busboy@https://registry.npmjs.org/@fastify/busboy/-/busboy-2.1.1.tgz 0ms (cache hit)
2765 http cache @npmcli/agent@https://registry.npmjs.org/@npmcli/agent/-/agent-2.2.2.tgz 0ms (cache hit)
2766 http cache @npmcli/redact@https://registry.npmjs.org/@npmcli/redact/-/redact-2.0.1.tgz 0ms (cache hit)
2767 http cache @aws-sdk/util-arn-parser@https://registry.npmjs.org/@aws-sdk/util-arn-parser/-/util-arn-parser-3.568.0.tgz 0ms (cache hit)
2768 http cache @serialport/bindings@https://registry.npmjs.org/@serialport/bindings/-/bindings-8.0.8.tgz 0ms (cache hit)
2769 http cache @aws-sdk/xml-builder@https://registry.npmjs.org/@aws-sdk/xml-builder/-/xml-builder-3.609.0.tgz 0ms (cache hit)
2770 http cache @aws-sdk/util-user-agent-node@https://registry.npmjs.org/@aws-sdk/util-user-agent-node/-/util-user-agent-node-3.614.0.tgz 0ms (cache hit)
2771 http cache @aws-sdk/util-user-agent-browser@https://registry.npmjs.org/@aws-sdk/util-user-agent-browser/-/util-user-agent-browser-3.609.0.tgz 0ms (cache hit)
2772 http cache debug@https://registry.npmjs.org/debug/-/debug-4.4.3.tgz 0ms (cache hit)
2773 http cache ms@https://registry.npmjs.org/ms/-/ms-2.1.3.tgz 0ms (cache hit)
2774 http cache @aws-sdk/util-locate-window@https://registry.npmjs.org/@aws-sdk/util-locate-window/-/util-locate-window-3.965.5.tgz 0ms (cache hit)
2775 http cache @aws-sdk/middleware-ssec@https://registry.npmjs.org/@aws-sdk/middleware-ssec/-/middleware-ssec-3.609.0.tgz 0ms (cache hit)
2776 http cache @aws-sdk/types@https://registry.npmjs.org/@aws-sdk/types/-/types-3.609.0.tgz 0ms (cache hit)
2777 http cache @aws-sdk/token-providers@https://registry.npmjs.org/@aws-sdk/token-providers/-/token-providers-3.614.0.tgz 1ms (cache hit)
2778 http cache @aws-sdk/signature-v4-multi-region@https://registry.npmjs.org/@aws-sdk/signature-v4-multi-region/-/signature-v4-multi-region-3.635.0.tgz 0ms (cache hit)
2779 http cache @aws-sdk/util-endpoints@https://registry.npmjs.org/@aws-sdk/util-endpoints/-/util-endpoints-3.614.0.tgz 0ms (cache hit)
2780 http cache @aws-sdk/region-config-resolver@https://registry.npmjs.org/@aws-sdk/region-config-resolver/-/region-config-resolver-3.614.0.tgz 0ms (cache hit)
2781 http cache @aws-sdk/middleware-user-agent@https://registry.npmjs.org/@aws-sdk/middleware-user-agent/-/middleware-user-agent-3.620.0.tgz 0ms (cache hit)
2782 http cache @aws-sdk/middleware-location-constraint@https://registry.npmjs.org/@aws-sdk/middleware-location-constraint/-/middleware-location-constraint-3.609.0.tgz 0ms (cache hit)
2783 http cache @aws-sdk/middleware-sdk-s3@https://registry.npmjs.org/@aws-sdk/middleware-sdk-s3/-/middleware-sdk-s3-3.635.0.tgz 0ms (cache hit)
2784 http cache @aws-sdk/core@https://registry.npmjs.org/@aws-sdk/core/-/core-3.635.0.tgz 0ms (cache hit)
2785 http cache @aws-sdk/middleware-recursion-detection@https://registry.npmjs.org/@aws-sdk/middleware-recursion-detection/-/middleware-recursion-detection-3.620.0.tgz 0ms (cache hit)
2786 http cache @aws-sdk/middleware-host-header@https://registry.npmjs.org/@aws-sdk/middleware-host-header/-/middleware-host-header-3.620.0.tgz 0ms (cache hit)
2787 http cache @aws-sdk/middleware-flexible-checksums@https://registry.npmjs.org/@aws-sdk/middleware-flexible-checksums/-/middleware-flexible-checksums-3.620.0.tgz 0ms (cache hit)
2788 http cache @aws-sdk/middleware-bucket-endpoint@https://registry.npmjs.org/@aws-sdk/middleware-bucket-endpoint/-/middleware-bucket-endpoint-3.620.0.tgz 0ms (cache hit)
2789 http cache @aws-sdk/middleware-logger@https://registry.npmjs.org/@aws-sdk/middleware-logger/-/middleware-logger-3.609.0.tgz 0ms (cache hit)
2790 http cache @aws-sdk/middleware-expect-continue@https://registry.npmjs.org/@aws-sdk/middleware-expect-continue/-/middleware-expect-continue-3.620.0.tgz 0ms (cache hit)
2791 http cache @aws-sdk/credential-provider-web-identity@https://registry.npmjs.org/@aws-sdk/credential-provider-web-identity/-/credential-provider-web-identity-3.621.0.tgz 0ms (cache hit)
2792 http cache @aws-sdk/credential-provider-process@https://registry.npmjs.org/@aws-sdk/credential-provider-process/-/credential-provider-process-3.620.1.tgz 0ms (cache hit)
2793 http cache @aws-sdk/credential-provider-sso@https://registry.npmjs.org/@aws-sdk/credential-provider-sso/-/credential-provider-sso-3.624.0.tgz 0ms (cache hit)
2794 http cache @aws-sdk/credential-provider-node@https://registry.npmjs.org/@aws-sdk/credential-provider-node/-/credential-provider-node-3.624.0.tgz 0ms (cache hit)
2795 http cache @aws-sdk/credential-provider-ini@https://registry.npmjs.org/@aws-sdk/credential-provider-ini/-/credential-provider-ini-3.624.0.tgz 0ms (cache hit)
2796 http cache @aws-sdk/credential-provider-http@https://registry.npmjs.org/@aws-sdk/credential-provider-http/-/credential-provider-http-3.622.0.tgz 0ms (cache hit)
2797 http cache @aws-sdk/credential-provider-env@https://registry.npmjs.org/@aws-sdk/credential-provider-env/-/credential-provider-env-3.620.1.tgz 0ms (cache hit)
2798 http cache @aws-sdk/core@https://registry.npmjs.org/@aws-sdk/core/-/core-3.624.0.tgz 0ms (cache hit)
2799 http cache @aws-sdk/client-sso-oidc@https://registry.npmjs.org/@aws-sdk/client-sso-oidc/-/client-sso-oidc-3.624.0.tgz 0ms (cache hit)
2800 http cache @aws-sdk/client-sts@https://registry.npmjs.org/@aws-sdk/client-sts/-/client-sts-3.624.0.tgz 0ms (cache hit)
2801 http cache @aws-sdk/client-sso@https://registry.npmjs.org/@aws-sdk/client-sso/-/client-sso-3.624.0.tgz 0ms (cache hit)
2802 http cache @aws-sdk/client-secrets-manager@https://registry.npmjs.org/@aws-sdk/client-secrets-manager/-/client-secrets-manager-3.624.0.tgz 0ms (cache hit)
2803 http cache @aws-sdk/client-s3@https://registry.npmjs.org/@aws-sdk/client-s3/-/client-s3-3.635.0.tgz 0ms (cache hit)
2804 http cache @aws-crypto/crc32c@https://registry.npmjs.org/@aws-crypto/crc32c/-/crc32c-5.2.0.tgz 0ms (cache hit)
2805 http cache @aws-sdk/credential-provider-node@https://registry.npmjs.org/@aws-sdk/credential-provider-node/-/credential-provider-node-3.635.0.tgz 0ms (cache hit)
2806 http cache @aws-sdk/util-endpoints@https://registry.npmjs.org/@aws-sdk/util-endpoints/-/util-endpoints-3.632.0.tgz 0ms (cache hit)
2807 http cache @aws-sdk/middleware-user-agent@https://registry.npmjs.org/@aws-sdk/middleware-user-agent/-/middleware-user-agent-3.632.0.tgz 0ms (cache hit)
2808 http cache @aws-sdk/credential-provider-sso@https://registry.npmjs.org/@aws-sdk/credential-provider-sso/-/credential-provider-sso-3.635.0.tgz 0ms (cache hit)
2809 http cache @aws-sdk/credential-provider-ini@https://registry.npmjs.org/@aws-sdk/credential-provider-ini/-/credential-provider-ini-3.635.0.tgz 0ms (cache hit)
2810 http cache @aws-sdk/credential-provider-http@https://registry.npmjs.org/@aws-sdk/credential-provider-http/-/credential-provider-http-3.635.0.tgz 0ms (cache hit)
2811 http cache @aws-sdk/client-sts@https://registry.npmjs.org/@aws-sdk/client-sts/-/client-sts-3.635.0.tgz 0ms (cache hit)
2812 http cache @aws-sdk/core@https://registry.npmjs.org/@aws-sdk/core/-/core-3.635.0.tgz 0ms (cache hit)
2813 http cache @aws-sdk/client-sso-oidc@https://registry.npmjs.org/@aws-sdk/client-sso-oidc/-/client-sso-oidc-3.635.0.tgz 0ms (cache hit)
2814 http cache @aws-sdk/client-sso@https://registry.npmjs.org/@aws-sdk/client-sso/-/client-sso-3.635.0.tgz 0ms (cache hit)
2815 http cache @aws-sdk/client-iot-data-plane@https://registry.npmjs.org/@aws-sdk/client-iot-data-plane/-/client-iot-data-plane-3.624.0.tgz 0ms (cache hit)
2816 http cache @aws-crypto/util@https://registry.npmjs.org/@aws-crypto/util/-/util-5.2.0.tgz 0ms (cache hit)
2817 http cache @smithy/util-buffer-from@https://registry.npmjs.org/@smithy/util-buffer-from/-/util-buffer-from-2.2.0.tgz 0ms (cache hit)
2818 http cache @smithy/util-utf8@https://registry.npmjs.org/@smithy/util-utf8/-/util-utf8-2.3.0.tgz 0ms (cache hit)
2819 http cache @smithy/is-array-buffer@https://registry.npmjs.org/@smithy/is-array-buffer/-/is-array-buffer-2.2.0.tgz 0ms (cache hit)
2820 http cache @aws-crypto/sha256-browser@https://registry.npmjs.org/@aws-crypto/sha256-browser/-/sha256-browser-5.2.0.tgz 0ms (cache hit)
2821 http cache @aws-crypto/supports-web-crypto@https://registry.npmjs.org/@aws-crypto/supports-web-crypto/-/supports-web-crypto-5.2.0.tgz 0ms (cache hit)
2822 http cache @smithy/is-array-buffer@https://registry.npmjs.org/@smithy/is-array-buffer/-/is-array-buffer-2.2.0.tgz 0ms (cache hit)
2823 http cache @smithy/util-buffer-from@https://registry.npmjs.org/@smithy/util-buffer-from/-/util-buffer-from-2.2.0.tgz 1ms (cache hit)
2824 http cache @smithy/util-utf8@https://registry.npmjs.org/@smithy/util-utf8/-/util-utf8-2.3.0.tgz 0ms (cache hit)
2825 http cache @aws-crypto/sha256-js@https://registry.npmjs.org/@aws-crypto/sha256-js/-/sha256-js-5.2.0.tgz 0ms (cache hit)
2826 http cache @aws-crypto/crc32@https://registry.npmjs.org/@aws-crypto/crc32/-/crc32-5.2.0.tgz 0ms (cache hit)
2827 http cache @aws-crypto/sha1-browser@https://registry.npmjs.org/@aws-crypto/sha1-browser/-/sha1-browser-5.2.0.tgz 0ms (cache hit)
2828 http cache @smithy/util-buffer-from@https://registry.npmjs.org/@smithy/util-buffer-from/-/util-buffer-from-2.2.0.tgz 0ms (cache hit)
2829 http cache @smithy/util-utf8@https://registry.npmjs.org/@smithy/util-utf8/-/util-utf8-2.3.0.tgz 0ms (cache hit)
2830 http cache @smithy/is-array-buffer@https://registry.npmjs.org/@smithy/is-array-buffer/-/is-array-buffer-2.2.0.tgz 0ms (cache hit)
2831 http cache yauzl@https://registry.npmjs.org/yauzl/-/yauzl-2.10.0.tgz 0ms (cache hit)
2832 http cache ws@https://registry.npmjs.org/ws/-/ws-7.5.10.tgz 0ms (cache hit)
2833 http cache undici@https://registry.npmjs.org/undici/-/undici-5.29.0.tgz 0ms (cache hit)
2834 http cache uuid@https://registry.npmjs.org/uuid/-/uuid-9.0.1.tgz 0ms (cache hit)
2835 http cache tslib@https://registry.npmjs.org/tslib/-/tslib-2.8.1.tgz 0ms (cache hit)
2836 http cache tsee@https://registry.npmjs.org/tsee/-/tsee-1.3.4.tgz 0ms (cache hit)
2837 http cache semver@https://registry.npmjs.org/semver/-/semver-5.7.2.tgz 0ms (cache hit)
2838 http cache @types/node@https://registry.npmjs.org/@types/node/-/node-12.20.55.tgz 0ms (cache hit)
2839 http cache tiny-async-pool@https://registry.npmjs.org/tiny-async-pool/-/tiny-async-pool-1.1.0.tgz 0ms (cache hit)
2840 http cache tar-fs@https://registry.npmjs.org/tar-fs/-/tar-fs-2.1.4.tgz 0ms (cache hit)
2841 http cache chownr@https://registry.npmjs.org/chownr/-/chownr-1.1.4.tgz 0ms (cache hit)
2842 http cache tar@https://registry.npmjs.org/tar/-/tar-6.2.1.tgz 0ms (cache hit)
2843 http cache minipass@https://registry.npmjs.org/minipass/-/minipass-5.0.0.tgz 0ms (cache hit)
2844 http cache minipass@https://registry.npmjs.org/minipass/-/minipass-3.3.6.tgz 0ms (cache hit)
2845 http cache strnum@https://registry.npmjs.org/strnum/-/strnum-1.1.2.tgz 0ms (cache hit)
2846 http cache fs-minipass@https://registry.npmjs.org/fs-minipass/-/fs-minipass-2.1.0.tgz 0ms (cache hit)
2847 http cache statuses@https://registry.npmjs.org/statuses/-/statuses-2.0.1.tgz 0ms (cache hit)
2848 http cache socket.io-parser@https://registry.npmjs.org/socket.io-parser/-/socket.io-parser-4.2.6.tgz 0ms (cache hit)
2849 http cache ms@https://registry.npmjs.org/ms/-/ms-2.1.3.tgz 0ms (cache hit)
2850 http cache socket.io@https://registry.npmjs.org/socket.io/-/socket.io-4.8.1.tgz 0ms (cache hit)
2851 http cache ms@https://registry.npmjs.org/ms/-/ms-2.1.3.tgz 0ms (cache hit)
2852 http cache debug@https://registry.npmjs.org/debug/-/debug-4.4.3.tgz 0ms (cache hit)
2853 http cache debug@https://registry.npmjs.org/debug/-/debug-4.3.7.tgz 0ms (cache hit)
2854 http cache signal-exit@https://registry.npmjs.org/signal-exit/-/signal-exit-4.1.0.tgz 0ms (cache hit)
2855 http cache sharp@https://registry.npmjs.org/sharp/-/sharp-0.32.6.tgz 0ms (cache hit)
2856 http cache side-channel@https://registry.npmjs.org/side-channel/-/side-channel-1.1.0.tgz 0ms (cache hit)
2857 http cache tar-fs@https://registry.npmjs.org/tar-fs/-/tar-fs-3.1.2.tgz 0ms (cache hit)
2858 http cache tar-stream@https://registry.npmjs.org/tar-stream/-/tar-stream-3.1.8.tgz 0ms (cache hit)
2859 http cache simple-get@https://registry.npmjs.org/simple-get/-/simple-get-4.0.1.tgz 0ms (cache hit)
2860 http cache prebuild-install@https://registry.npmjs.org/prebuild-install/-/prebuild-install-7.1.3.tgz 1ms (cache hit)
2861 http cache tar-fs@https://registry.npmjs.org/tar-fs/-/tar-fs-2.1.4.tgz 0ms (cache hit)
2862 http cache napi-build-utils@https://registry.npmjs.org/napi-build-utils/-/napi-build-utils-2.0.0.tgz 0ms (cache hit)
2863 http cache mimic-response@https://registry.npmjs.org/mimic-response/-/mimic-response-3.1.0.tgz 0ms (cache hit)
2864 http cache node-abi@https://registry.npmjs.org/node-abi/-/node-abi-3.89.0.tgz 0ms (cache hit)
2865 http cache chownr@https://registry.npmjs.org/chownr/-/chownr-1.1.4.tgz 0ms (cache hit)
2866 http cache decompress-response@https://registry.npmjs.org/decompress-response/-/decompress-response-6.0.0.tgz 0ms (cache hit)
2867 http cache debug@https://registry.npmjs.org/debug/-/debug-4.4.3.tgz 0ms (cache hit)
2868 http cache serialport@https://registry.npmjs.org/serialport/-/serialport-8.0.8.tgz 0ms (cache hit)
2869 http cache semver@https://registry.npmjs.org/semver/-/semver-7.7.4.tgz 0ms (cache hit)
2870 http cache ms@https://registry.npmjs.org/ms/-/ms-2.1.3.tgz 0ms (cache hit)
2871 http cache rxjs@https://registry.npmjs.org/rxjs/-/rxjs-6.6.7.tgz 0ms (cache hit)
2872 http cache tslib@https://registry.npmjs.org/tslib/-/tslib-1.14.1.tgz 0ms (cache hit)
2873 http cache readable-stream@https://registry.npmjs.org/readable-stream/-/readable-stream-2.3.8.tgz 0ms (cache hit)
2874 http cache qs@https://registry.npmjs.org/qs/-/qs-6.13.0.tgz 0ms (cache hit)
2875 http cache safe-buffer@https://registry.npmjs.org/safe-buffer/-/safe-buffer-5.1.2.tgz 0ms (cache hit)
2876 http cache promise-retry@https://registry.npmjs.org/promise-retry/-/promise-retry-2.0.1.tgz 0ms (cache hit)
2877 http cache prebuild-install@https://registry.npmjs.org/prebuild-install/-/prebuild-install-5.3.6.tgz 0ms (cache hit)
2878 http cache path-scurry@https://registry.npmjs.org/path-scurry/-/path-scurry-1.11.1.tgz 0ms (cache hit)
2879 http cache papaparse@https://registry.npmjs.org/papaparse/-/papaparse-5.4.1.tgz 0ms (cache hit)
2880 http cache on-finished@https://registry.npmjs.org/on-finished/-/on-finished-2.4.1.tgz 0ms (cache hit)
2881 http cache object-inspect@https://registry.npmjs.org/object-inspect/-/object-inspect-1.13.4.tgz 0ms (cache hit)
2882 http cache nan@https://registry.npmjs.org/nan/-/nan-2.26.2.tgz 1ms (cache hit)
2883 http cache npm-registry-fetch@https://registry.npmjs.org/npm-registry-fetch/-/npm-registry-fetch-17.1.0.tgz 0ms (cache hit)
2884 http cache minimist@https://registry.npmjs.org/minimist/-/minimist-1.2.8.tgz 0ms (cache hit)
2885 http cache negotiator@https://registry.npmjs.org/negotiator/-/negotiator-0.6.3.tgz 0ms (cache hit)
2886 http cache minipass@https://registry.npmjs.org/minipass/-/minipass-3.3.6.tgz 0ms (cache hit)
2887 http cache minipass-sized@https://registry.npmjs.org/minipass-sized/-/minipass-sized-1.0.3.tgz 0ms (cache hit)
2888 http cache node-addon-api@https://registry.npmjs.org/node-addon-api/-/node-addon-api-6.1.0.tgz 0ms (cache hit)
2889 http cache minipass-fetch@https://registry.npmjs.org/minipass-fetch/-/minipass-fetch-3.0.5.tgz 0ms (cache hit)
2890 http cache minipass@https://registry.npmjs.org/minipass/-/minipass-7.1.3.tgz 0ms (cache hit)
2891 http cache minimatch@https://registry.npmjs.org/minimatch/-/minimatch-9.0.9.tgz 0ms (cache hit)
2892 http cache mime-db@https://registry.npmjs.org/mime-db/-/mime-db-1.52.0.tgz 1ms (cache hit)
2893 http cache math-intrinsics@https://registry.npmjs.org/math-intrinsics/-/math-intrinsics-1.1.0.tgz 0ms (cache hit)
2894 http cache make-fetch-happen@https://registry.npmjs.org/make-fetch-happen/-/make-fetch-happen-13.0.1.tgz 0ms (cache hit)
2895 http cache lodash@https://registry.npmjs.org/lodash/-/lodash-4.18.1.tgz 0ms (cache hit)
2896 http cache js-yaml@https://registry.npmjs.org/js-yaml/-/js-yaml-4.1.0.tgz 0ms (cache hit)
2897 http cache lru-cache@https://registry.npmjs.org/lru-cache/-/lru-cache-10.4.3.tgz 0ms (cache hit)
2898 http cache jpeg-js@https://registry.npmjs.org/jpeg-js/-/jpeg-js-0.4.4.tgz 0ms (cache hit)
2899 http cache inquirer-search-list@https://registry.npmjs.org/inquirer-search-list/-/inquirer-search-list-1.2.6.tgz 0ms (cache hit)
2900 http cache strip-ansi@https://registry.npmjs.org/strip-ansi/-/strip-ansi-4.0.0.tgz 0ms (cache hit)
2901 http cache detect-libc@https://registry.npmjs.org/detect-libc/-/detect-libc-2.1.2.tgz 0ms (cache hit)
2902 http cache string-width@https://registry.npmjs.org/string-width/-/string-width-2.1.1.tgz 0ms (cache hit)
2903 http cache mute-stream@https://registry.npmjs.org/mute-stream/-/mute-stream-0.0.7.tgz 0ms (cache hit)
2904 http cache restore-cursor@https://registry.npmjs.org/restore-cursor/-/restore-cursor-2.0.0.tgz 0ms (cache hit)
2905 http cache signal-exit@https://registry.npmjs.org/signal-exit/-/signal-exit-3.0.7.tgz 0ms (cache hit)
2906 http cache onetime@https://registry.npmjs.org/onetime/-/onetime-2.0.1.tgz 0ms (cache hit)
2907 http cache is-fullwidth-code-point@https://registry.npmjs.org/is-fullwidth-code-point/-/is-fullwidth-code-point-2.0.0.tgz 0ms (cache hit)
2908 http cache chardet@https://registry.npmjs.org/chardet/-/chardet-0.4.2.tgz 0ms (cache hit)
2909 http cache figures@https://registry.npmjs.org/figures/-/figures-2.0.0.tgz 0ms (cache hit)
2910 http cache inquirer@https://registry.npmjs.org/inquirer/-/inquirer-3.3.0.tgz 0ms (cache hit)
2911 http cache cli-cursor@https://registry.npmjs.org/cli-cursor/-/cli-cursor-2.1.0.tgz 0ms (cache hit)
2912 http cache ansi-escapes@https://registry.npmjs.org/ansi-escapes/-/ansi-escapes-3.2.0.tgz 0ms (cache hit)
2913 http cache external-editor@https://registry.npmjs.org/external-editor/-/external-editor-2.2.0.tgz 0ms (cache hit)
2914 http cache ansi-regex@https://registry.npmjs.org/ansi-regex/-/ansi-regex-3.0.1.tgz 0ms (cache hit)
2915 http cache inquirer@https://registry.npmjs.org/inquirer/-/inquirer-7.0.0.tgz 0ms (cache hit)
2916 http cache image-size@https://registry.npmjs.org/image-size/-/image-size-1.0.2.tgz 0ms (cache hit)
2917 http cache https-proxy-agent@https://registry.npmjs.org/https-proxy-agent/-/https-proxy-agent-7.0.6.tgz 0ms (cache hit)
2918 http cache glob@https://registry.npmjs.org/glob/-/glob-10.5.0.tgz 0ms (cache hit)
2919 http cache ms@https://registry.npmjs.org/ms/-/ms-2.1.3.tgz 0ms (cache hit)
2920 http cache debug@https://registry.npmjs.org/debug/-/debug-4.4.3.tgz 0ms (cache hit)
2921 http cache fast-xml-parser@https://registry.npmjs.org/fast-xml-parser/-/fast-xml-parser-4.4.1.tgz 0ms (cache hit)
2922 http cache foreground-child@https://registry.npmjs.org/foreground-child/-/foreground-child-3.3.1.tgz 0ms (cache hit)
2923 http cache express@https://registry.npmjs.org/express/-/express-4.21.2.tgz 0ms (cache hit)
2924 http cache err-code@https://registry.npmjs.org/err-code/-/err-code-2.0.3.tgz 11ms (cache hit)
2925 http cache es-errors@https://registry.npmjs.org/es-errors/-/es-errors-1.3.0.tgz 0ms (cache hit)
2926 http cache engine.io-parser@https://registry.npmjs.org/engine.io-parser/-/engine.io-parser-5.2.3.tgz 0ms (cache hit)
2927 http cache engine.io@https://registry.npmjs.org/engine.io/-/engine.io-6.6.6.tgz 0ms (cache hit)
2928 http cache ms@https://registry.npmjs.org/ms/-/ms-2.1.3.tgz 0ms (cache hit)
2929 http cache cookie@https://registry.npmjs.org/cookie/-/cookie-0.7.2.tgz 0ms (cache hit)
2930 http cache ws@https://registry.npmjs.org/ws/-/ws-8.18.3.tgz 0ms (cache hit)
2931 http cache debug@https://registry.npmjs.org/debug/-/debug-4.4.3.tgz 0ms (cache hit)
2932 http cache cross-spawn@https://registry.npmjs.org/cross-spawn/-/cross-spawn-7.0.6.tgz 0ms (cache hit)
2933 http cache crc@https://registry.npmjs.org/crc/-/crc-4.3.2.tgz 0ms (cache hit)
2934 http cache content-disposition@https://registry.npmjs.org/content-disposition/-/content-disposition-0.5.4.tgz 0ms (cache hit)
2935 http cache commander@https://registry.npmjs.org/commander/-/commander-5.1.0.tgz 0ms (cache hit)
2936 http cache cbor@https://registry.npmjs.org/cbor/-/cbor-5.0.2.tgz 0ms (cache hit)
2937 http cache mimic-fn@https://registry.npmjs.org/mimic-fn/-/mimic-fn-1.2.0.tgz 0ms (cache hit)
2938 http cache cacache@https://registry.npmjs.org/cacache/-/cacache-18.0.4.tgz 0ms (cache hit)
2939 http cache cli-width@https://registry.npmjs.org/cli-width/-/cli-width-2.2.1.tgz 0ms (cache hit)
2940 http cache cli-progress@https://registry.npmjs.org/cli-progress/-/cli-progress-3.8.2.tgz 0ms (cache hit)
2941 http cache buffer@https://registry.npmjs.org/buffer/-/buffer-6.0.3.tgz 0ms (cache hit)
2942 http cache bowser@https://registry.npmjs.org/bowser/-/bowser-2.14.1.tgz 1ms (cache hit)
2943 http cache body-parser@https://registry.npmjs.org/body-parser/-/body-parser-1.20.3.tgz 0ms (cache hit)
2944 http cache base64-js@https://registry.npmjs.org/base64-js/-/base64-js-1.5.1.tgz 0ms (cache hit)
2945 http cache bignumber.js@https://registry.npmjs.org/bignumber.js/-/bignumber.js-9.3.1.tgz 0ms (cache hit)
2946 http cache bare-os@https://registry.npmjs.org/bare-os/-/bare-os-3.8.7.tgz 1ms (cache hit)
2947 http cache bare-url@https://registry.npmjs.org/bare-url/-/bare-url-2.4.0.tgz 1ms (cache hit)
2948 http cache bare-fs@https://registry.npmjs.org/bare-fs/-/bare-fs-4.7.1.tgz 0ms (cache hit)
2949 http cache jackspeak@https://registry.npmjs.org/jackspeak/-/jackspeak-3.4.3.tgz 0ms (cache hit)
2950 http cache async-mutex@https://registry.npmjs.org/async-mutex/-/async-mutex-0.2.6.tgz 0ms (cache hit)
2951 http cache agent-base@https://registry.npmjs.org/agent-base/-/agent-base-7.1.4.tgz 0ms (cache hit)
2952 http cache argparse@https://registry.npmjs.org/argparse/-/argparse-2.0.1.tgz 0ms (cache hit)
2953 http cache edge-impulse-cli@https://registry.npmjs.org/edge-impulse-cli/-/edge-impulse-cli-1.38.0.tgz 0ms (cache hit)
2954 warn deprecated @zeit/dockerignore@0.0.5: "@zeit/dockerignore" is no longer maintained
2955 warn deprecated npmlog@4.1.2: This package is no longer supported.
2956 warn deprecated are-we-there-yet@1.1.7: This package is no longer supported.
2957 warn deprecated prebuild-install@7.1.3: No longer maintained. Please contact the author of the relevant native addon; alternatives are available.
2958 warn deprecated @xmldom/xmldom@0.8.10: this version has critical issues, please update to the latest version
2959 warn deprecated prebuild-install@5.3.6: No longer maintained. Please contact the author of the relevant native addon; alternatives are available.
2960 warn deprecated gauge@2.7.4: This package is no longer supported.
2961 warn deprecated tar@6.2.1: Old versions of tar are not supported, and contain widely publicized security vulnerabilities, which have been fixed in the current version. Please update. Support for old versions may be purchased (at exorbitant rates) by contacting i@izs.me
2962 warn deprecated glob@10.5.0: Old versions of glob are not supported, and contain widely publicized security vulnerabilities, which have been fixed in the current version. Please update. Support for old versions may be purchased (at exorbitant rates) by contacting i@izs.me
2963 info run @serialport/bindings@8.0.8 install node_modules/edge-impulse-cli/node_modules/@serialport/bindings prebuild-install --tag-prefix @serialport/bindings@ || node-gyp rebuild
2964 info run sharp@0.32.6 install node_modules/edge-impulse-cli/node_modules/sharp (node install/libvips && node install/dll-copy && prebuild-install) || (node install/can-compile && node-gyp rebuild && node install/dll-copy)
2965 info run sharp@0.32.6 install { code: 0, signal: null }
2966 info run @serialport/bindings@8.0.8 install { code: 0, signal: null }
2967 info run serialport@8.0.8 postinstall node_modules/edge-impulse-cli/node_modules/serialport node thank-you.js
2968 info run serialport@8.0.8 postinstall { code: 0, signal: null }
2969 silly CHANGE node_modules/edge-impulse-cli
2970 silly CHANGE node_modules/edge-impulse-cli/node_modules/@types/cors
2971 silly CHANGE node_modules/edge-impulse-cli/node_modules/@serialport/parser-ready
2972 silly CHANGE node_modules/edge-impulse-cli/node_modules/@types/ws
2973 silly CHANGE node_modules/edge-impulse-cli/node_modules/@serialport/parser-byte-length
2974 silly CHANGE node_modules/edge-impulse-cli/node_modules/@socket.io/component-emitter
2975 silly CHANGE node_modules/edge-impulse-cli/node_modules/@serialport/parser-delimiter
2976 silly CHANGE node_modules/edge-impulse-cli/node_modules/@serialport/stream
2977 silly CHANGE node_modules/edge-impulse-cli/node_modules/@serialport/stream/node_modules/debug
2978 silly CHANGE node_modules/edge-impulse-cli/node_modules/@serialport/stream/node_modules/ms
2979 silly CHANGE node_modules/edge-impulse-cli/node_modules/@serialport/parser-readline
2980 silly CHANGE node_modules/edge-impulse-cli/node_modules/@serialport/parser-regex
2981 silly CHANGE node_modules/edge-impulse-cli/node_modules/undici-types
2982 silly CHANGE node_modules/edge-impulse-cli/node_modules/@serialport/binding-mock
2983 silly CHANGE node_modules/edge-impulse-cli/node_modules/@serialport/binding-mock/node_modules/ms
2984 silly CHANGE node_modules/edge-impulse-cli/node_modules/@serialport/binding-mock/node_modules/debug
2985 silly CHANGE node_modules/edge-impulse-cli/node_modules/@serialport/parser-cctalk
2986 silly CHANGE node_modules/edge-impulse-cli/node_modules/wrap-ansi-cjs
2987 silly CHANGE node_modules/edge-impulse-cli/node_modules/wrap-ansi-cjs/node_modules/strip-ansi
2988 silly CHANGE node_modules/edge-impulse-cli/node_modules/wrap-ansi-cjs/node_modules/color-convert
2989 silly CHANGE node_modules/edge-impulse-cli/node_modules/wrap-ansi-cjs/node_modules/ansi-regex
2990 silly CHANGE node_modules/edge-impulse-cli/node_modules/wrap-ansi-cjs/node_modules/color-name
2991 silly CHANGE node_modules/edge-impulse-cli/node_modules/wrap-ansi-cjs/node_modules/ansi-styles
2992 silly CHANGE node_modules/edge-impulse-cli/node_modules/which
2993 silly CHANGE node_modules/edge-impulse-cli/node_modules/@isaacs/cliui
2994 silly CHANGE node_modules/edge-impulse-cli/node_modules/@isaacs/cliui/node_modules/strip-ansi
2995 silly CHANGE node_modules/edge-impulse-cli/node_modules/@isaacs/cliui/node_modules/string-width
2996 silly CHANGE node_modules/edge-impulse-cli/node_modules/@isaacs/cliui/node_modules/ansi-regex
2997 silly CHANGE node_modules/edge-impulse-cli/node_modules/@isaacs/cliui/node_modules/emoji-regex
2998 silly CHANGE node_modules/edge-impulse-cli/node_modules/@serialport/binding-abstract
2999 silly CHANGE node_modules/edge-impulse-cli/node_modules/@serialport/binding-abstract/node_modules/debug
3000 silly CHANGE node_modules/edge-impulse-cli/node_modules/@serialport/binding-abstract/node_modules/ms
3001 silly CHANGE node_modules/edge-impulse-cli/node_modules/validate-npm-package-name
3002 silly CHANGE node_modules/edge-impulse-cli/node_modules/vary
3003 silly CHANGE node_modules/edge-impulse-cli/node_modules/yallist
3004 silly CHANGE node_modules/edge-impulse-cli/node_modules/tunnel-agent
3005 silly CHANGE node_modules/edge-impulse-cli/node_modules/yaassertion
3006 silly CHANGE node_modules/edge-impulse-cli/node_modules/wrappy
3007 silly CHANGE node_modules/edge-impulse-cli/node_modules/which-pm-runs
3008 silly CHANGE node_modules/edge-impulse-cli/node_modules/unique-slug
3009 silly CHANGE node_modules/edge-impulse-cli/node_modules/wide-align
3010 silly CHANGE node_modules/edge-impulse-cli/node_modules/wrap-ansi
3011 silly CHANGE node_modules/edge-impulse-cli/node_modules/wrap-ansi/node_modules/strip-ansi
3012 silly CHANGE node_modules/edge-impulse-cli/node_modules/wrap-ansi/node_modules/ansi-styles
3013 silly CHANGE node_modules/edge-impulse-cli/node_modules/wrap-ansi/node_modules/string-width
3014 silly CHANGE node_modules/edge-impulse-cli/node_modules/wrap-ansi/node_modules/ansi-regex
3015 silly CHANGE node_modules/edge-impulse-cli/node_modules/wrap-ansi/node_modules/emoji-regex
3016 silly CHANGE node_modules/edge-impulse-cli/node_modules/unpipe
3017 silly CHANGE node_modules/edge-impulse-cli/node_modules/utils-merge
3018 silly CHANGE node_modules/edge-impulse-cli/node_modules/type-is
3019 silly CHANGE node_modules/edge-impulse-cli/node_modules/util-deprecate
3020 silly CHANGE node_modules/edge-impulse-cli/node_modules/toidentifier
3021 silly CHANGE node_modules/edge-impulse-cli/node_modules/unique-filename
3022 silly CHANGE node_modules/edge-impulse-cli/node_modules/text-decoder
3023 silly CHANGE node_modules/edge-impulse-cli/node_modules/type-fest
3024 silly CHANGE node_modules/edge-impulse-cli/node_modules/tmp
3025 silly CHANGE node_modules/edge-impulse-cli/node_modules/through
3026 silly CHANGE node_modules/edge-impulse-cli/node_modules/strip-json-comments
3027 silly CHANGE node_modules/edge-impulse-cli/node_modules/supports-color
3028 silly CHANGE node_modules/edge-impulse-cli/node_modules/tar-stream
3029 silly CHANGE node_modules/edge-impulse-cli/node_modules/tar-stream/node_modules/readable-stream
3030 silly CHANGE node_modules/edge-impulse-cli/node_modules/strip-ansi
3031 silly CHANGE node_modules/edge-impulse-cli/node_modules/socket.io-adapter
3032 silly CHANGE node_modules/edge-impulse-cli/node_modules/socket.io-adapter/node_modules/ms
3033 silly CHANGE node_modules/edge-impulse-cli/node_modules/socket.io-adapter/node_modules/debug
3034 silly CHANGE node_modules/edge-impulse-cli/node_modules/socket.io-adapter/node_modules/ws
3035 silly CHANGE node_modules/edge-impulse-cli/node_modules/teex
3036 silly CHANGE node_modules/edge-impulse-cli/node_modules/string-width-cjs
3037 silly CHANGE node_modules/edge-impulse-cli/node_modules/string-width-cjs/node_modules/strip-ansi
3038 silly CHANGE node_modules/edge-impulse-cli/node_modules/string-width-cjs/node_modules/ansi-regex
3039 silly CHANGE node_modules/edge-impulse-cli/node_modules/strip-ansi-cjs
3040 silly CHANGE node_modules/edge-impulse-cli/node_modules/strip-ansi-cjs/node_modules/ansi-regex
3041 silly CHANGE node_modules/edge-impulse-cli/node_modules/string_decoder
3042 silly CHANGE node_modules/edge-impulse-cli/node_modules/string_decoder/node_modules/safe-buffer
3043 silly CHANGE node_modules/edge-impulse-cli/node_modules/simple-swizzle
3044 silly CHANGE node_modules/edge-impulse-cli/node_modules/streamx
3045 silly CHANGE node_modules/edge-impulse-cli/node_modules/string-width
3046 silly CHANGE node_modules/edge-impulse-cli/node_modules/string-width/node_modules/ansi-regex
3047 silly CHANGE node_modules/edge-impulse-cli/node_modules/string-width/node_modules/strip-ansi
3048 silly CHANGE node_modules/edge-impulse-cli/node_modules/socks
3049 silly CHANGE node_modules/edge-impulse-cli/node_modules/ssri
3050 silly CHANGE node_modules/edge-impulse-cli/node_modules/process-nextick-args
3051 silly CHANGE node_modules/edge-impulse-cli/node_modules/side-channel-map
3052 silly CHANGE node_modules/edge-impulse-cli/node_modules/side-channel-weakmap
3053 silly CHANGE node_modules/edge-impulse-cli/node_modules/smart-buffer
3054 silly CHANGE node_modules/edge-impulse-cli/node_modules/socks-proxy-agent
3055 silly CHANGE node_modules/edge-impulse-cli/node_modules/socks-proxy-agent/node_modules/ms
3056 silly CHANGE node_modules/edge-impulse-cli/node_modules/socks-proxy-agent/node_modules/debug
3057 silly CHANGE node_modules/edge-impulse-cli/node_modules/simple-concat
3058 silly CHANGE node_modules/edge-impulse-cli/node_modules/side-channel-list
3059 silly CHANGE node_modules/edge-impulse-cli/node_modules/simple-get
3060 silly CHANGE node_modules/edge-impulse-cli/node_modules/shebang-regex
3061 silly CHANGE node_modules/edge-impulse-cli/node_modules/safer-buffer
3062 silly CHANGE node_modules/edge-impulse-cli/node_modules/send
3063 silly CHANGE node_modules/edge-impulse-cli/node_modules/send/node_modules/encodeurl
3064 silly CHANGE node_modules/edge-impulse-cli/node_modules/send/node_modules/ms
3065 silly CHANGE node_modules/edge-impulse-cli/node_modules/shebang-command
3066 silly CHANGE node_modules/edge-impulse-cli/node_modules/setprototypeof
3067 silly CHANGE node_modules/edge-impulse-cli/node_modules/set-blocking
3068 silly CHANGE node_modules/edge-impulse-cli/node_modules/rx-lite
3069 silly CHANGE node_modules/edge-impulse-cli/node_modules/retry
3070 silly CHANGE node_modules/edge-impulse-cli/node_modules/serve-static
3071 silly CHANGE node_modules/edge-impulse-cli/node_modules/rx-lite-aggregates
3072 silly CHANGE node_modules/edge-impulse-cli/node_modules/safe-buffer
3073 silly CHANGE node_modules/edge-impulse-cli/node_modules/restore-cursor
3074 silly CHANGE node_modules/edge-impulse-cli/node_modules/restore-cursor/node_modules/signal-exit
3075 silly CHANGE node_modules/edge-impulse-cli/node_modules/pump
3076 silly CHANGE node_modules/edge-impulse-cli/node_modules/p-map
3077 silly CHANGE node_modules/edge-impulse-cli/node_modules/raw-body
3078 silly CHANGE node_modules/edge-impulse-cli/node_modules/run-async
3079 silly CHANGE node_modules/edge-impulse-cli/node_modules/range-parser
3080 silly CHANGE node_modules/edge-impulse-cli/node_modules/path-key
3081 silly CHANGE node_modules/edge-impulse-cli/node_modules/proxy-addr
3082 silly CHANGE node_modules/edge-impulse-cli/node_modules/rc
3083 silly CHANGE node_modules/edge-impulse-cli/node_modules/proc-log
3084 silly CHANGE node_modules/edge-impulse-cli/node_modules/parseurl
3085 silly CHANGE node_modules/edge-impulse-cli/node_modules/queue
3086 silly CHANGE node_modules/edge-impulse-cli/node_modules/path-to-regexp
3087 silly CHANGE node_modules/edge-impulse-cli/node_modules/pend
3088 silly CHANGE node_modules/edge-impulse-cli/node_modules/object-assign
3089 silly CHANGE node_modules/edge-impulse-cli/node_modules/onetime
3090 silly CHANGE node_modules/edge-impulse-cli/node_modules/npm-package-arg
3091 silly CHANGE node_modules/edge-impulse-cli/node_modules/os-tmpdir
3092 silly CHANGE node_modules/edge-impulse-cli/node_modules/node-abi
3093 silly CHANGE node_modules/edge-impulse-cli/node_modules/node-abi/node_modules/semver
3094 silly CHANGE node_modules/edge-impulse-cli/node_modules/package-json-from-dist
3095 silly CHANGE node_modules/edge-impulse-cli/node_modules/once
3096 silly CHANGE node_modules/edge-impulse-cli/node_modules/napi-build-utils
3097 silly CHANGE node_modules/edge-impulse-cli/node_modules/nofilter
3098 silly CHANGE node_modules/edge-impulse-cli/node_modules/noop-logger
3099 silly CHANGE node_modules/edge-impulse-cli/node_modules/number-is-nan
3100 silly CHANGE node_modules/edge-impulse-cli/node_modules/npmlog
3101 silly CHANGE node_modules/edge-impulse-cli/node_modules/minipass-pipeline
3102 silly CHANGE node_modules/edge-impulse-cli/node_modules/minipass-pipeline/node_modules/minipass
3103 silly CHANGE node_modules/edge-impulse-cli/node_modules/mkdirp
3104 silly CHANGE node_modules/edge-impulse-cli/node_modules/ms
3105 silly CHANGE node_modules/edge-impulse-cli/node_modules/mute-stream
3106 silly CHANGE node_modules/edge-impulse-cli/node_modules/minipass-flush
3107 silly CHANGE node_modules/edge-impulse-cli/node_modules/minipass-flush/node_modules/minipass
3108 silly CHANGE node_modules/edge-impulse-cli/node_modules/minizlib
3109 silly CHANGE node_modules/edge-impulse-cli/node_modules/minizlib/node_modules/minipass
3110 silly CHANGE node_modules/edge-impulse-cli/node_modules/minipass-collect
3111 silly CHANGE node_modules/edge-impulse-cli/node_modules/mkdirp-classic
3112 silly CHANGE node_modules/edge-impulse-cli/node_modules/mime-types
3113 silly CHANGE node_modules/edge-impulse-cli/node_modules/mime
3114 silly CHANGE node_modules/edge-impulse-cli/node_modules/hosted-git-info
3115 silly CHANGE node_modules/edge-impulse-cli/node_modules/isexe
3116 silly CHANGE node_modules/edge-impulse-cli/node_modules/methods
3117 silly CHANGE node_modules/edge-impulse-cli/node_modules/mimic-fn
3118 silly CHANGE node_modules/edge-impulse-cli/node_modules/merge-descriptors
3119 silly CHANGE node_modules/edge-impulse-cli/node_modules/ini
3120 silly CHANGE node_modules/edge-impulse-cli/node_modules/mimic-response
3121 silly CHANGE node_modules/edge-impulse-cli/node_modules/jsonparse
3122 silly CHANGE node_modules/edge-impulse-cli/node_modules/media-typer
3123 silly CHANGE node_modules/edge-impulse-cli/node_modules/is-arrayish
3124 silly CHANGE node_modules/edge-impulse-cli/node_modules/ip-address
3125 silly CHANGE node_modules/edge-impulse-cli/node_modules/ipaddr.js
3126 silly CHANGE node_modules/edge-impulse-cli/node_modules/is-fullwidth-code-point
3127 silly CHANGE node_modules/edge-impulse-cli/node_modules/isarray
3128 silly CHANGE node_modules/edge-impulse-cli/node_modules/is-lambda
3129 silly CHANGE node_modules/edge-impulse-cli/node_modules/inherits
3130 silly CHANGE node_modules/edge-impulse-cli/node_modules/iconv-lite
3131 silly CHANGE node_modules/edge-impulse-cli/node_modules/imurmurhash
3132 silly CHANGE node_modules/edge-impulse-cli/node_modules/http-proxy-agent
3133 silly CHANGE node_modules/edge-impulse-cli/node_modules/http-proxy-agent/node_modules/ms
3134 silly CHANGE node_modules/edge-impulse-cli/node_modules/http-proxy-agent/node_modules/debug
3135 silly CHANGE node_modules/edge-impulse-cli/node_modules/get-proto
3136 silly CHANGE node_modules/edge-impulse-cli/node_modules/gopd
3137 silly CHANGE node_modules/edge-impulse-cli/node_modules/http-errors
3138 silly CHANGE node_modules/edge-impulse-cli/node_modules/hasown
3139 silly CHANGE node_modules/edge-impulse-cli/node_modules/ieee754
3140 silly CHANGE node_modules/edge-impulse-cli/node_modules/has-unicode
3141 silly CHANGE node_modules/edge-impulse-cli/node_modules/github-from-package
3142 silly CHANGE node_modules/edge-impulse-cli/node_modules/indent-string
3143 silly CHANGE node_modules/edge-impulse-cli/node_modules/has-flag
3144 silly CHANGE node_modules/edge-impulse-cli/node_modules/http-cache-semantics
3145 silly CHANGE node_modules/edge-impulse-cli/node_modules/encodeurl
3146 silly CHANGE node_modules/edge-impulse-cli/node_modules/fs-minipass
3147 silly CHANGE node_modules/edge-impulse-cli/node_modules/fuzzy
3148 silly CHANGE node_modules/edge-impulse-cli/node_modules/has-symbols
3149 silly CHANGE node_modules/edge-impulse-cli/node_modules/gauge
3150 silly CHANGE node_modules/edge-impulse-cli/node_modules/gauge/node_modules/string-width
3151 silly CHANGE node_modules/edge-impulse-cli/node_modules/gauge/node_modules/strip-ansi
3152 silly CHANGE node_modules/edge-impulse-cli/node_modules/gauge/node_modules/signal-exit
3153 silly CHANGE node_modules/edge-impulse-cli/node_modules/gauge/node_modules/is-fullwidth-code-point
3154 silly CHANGE node_modules/edge-impulse-cli/node_modules/gauge/node_modules/ansi-regex
3155 silly CHANGE node_modules/edge-impulse-cli/node_modules/function-bind
3156 silly CHANGE node_modules/edge-impulse-cli/node_modules/fresh
3157 silly CHANGE node_modules/edge-impulse-cli/node_modules/es-object-atoms
3158 silly CHANGE node_modules/edge-impulse-cli/node_modules/fd-slicer
3159 silly CHANGE node_modules/edge-impulse-cli/node_modules/get-intrinsic
3160 silly CHANGE node_modules/edge-impulse-cli/node_modules/figures
3161 silly CHANGE node_modules/edge-impulse-cli/node_modules/expand-template
3162 silly CHANGE node_modules/edge-impulse-cli/node_modules/forwarded
3163 silly CHANGE node_modules/edge-impulse-cli/node_modules/finalhandler
3164 silly CHANGE node_modules/edge-impulse-cli/node_modules/fs-constants
3165 silly CHANGE node_modules/edge-impulse-cli/node_modules/deep-extend
3166 silly CHANGE node_modules/edge-impulse-cli/node_modules/escape-string-regexp
3167 silly CHANGE node_modules/edge-impulse-cli/node_modules/file-uri-to-path
3168 silly CHANGE node_modules/edge-impulse-cli/node_modules/fast-fifo
3169 silly CHANGE node_modules/edge-impulse-cli/node_modules/external-editor
3170 silly CHANGE node_modules/edge-impulse-cli/node_modules/etag
3171 silly CHANGE node_modules/edge-impulse-cli/node_modules/es-define-property
3172 silly CHANGE node_modules/edge-impulse-cli/node_modules/events-universal
3173 silly CHANGE node_modules/edge-impulse-cli/node_modules/cookie
3174 silly CHANGE node_modules/edge-impulse-cli/node_modules/encoding
3175 silly CHANGE node_modules/edge-impulse-cli/node_modules/encoding/node_modules/iconv-lite
3176 silly CHANGE node_modules/edge-impulse-cli/node_modules/emoji-regex
3177 silly CHANGE node_modules/edge-impulse-cli/node_modules/escape-html
3178 silly CHANGE node_modules/edge-impulse-cli/node_modules/end-of-stream
3179 silly CHANGE node_modules/edge-impulse-cli/node_modules/eastasianwidth
3180 silly CHANGE node_modules/edge-impulse-cli/node_modules/ee-first
3181 silly CHANGE node_modules/edge-impulse-cli/node_modules/cookie-signature
3182 silly CHANGE node_modules/edge-impulse-cli/node_modules/debug
3183 silly CHANGE node_modules/edge-impulse-cli/node_modules/console-control-strings
3184 silly CHANGE node_modules/edge-impulse-cli/node_modules/destroy
3185 silly CHANGE node_modules/edge-impulse-cli/node_modules/detect-libc
3186 silly CHANGE node_modules/edge-impulse-cli/node_modules/dunder-proto
3187 silly CHANGE node_modules/edge-impulse-cli/node_modules/depd
3188 silly CHANGE node_modules/edge-impulse-cli/node_modules/delegates
3189 silly CHANGE node_modules/edge-impulse-cli/node_modules/color-convert
3190 silly CHANGE node_modules/edge-impulse-cli/node_modules/buffer-crc32
3191 silly CHANGE node_modules/edge-impulse-cli/node_modules/core-util-is
3192 silly CHANGE node_modules/edge-impulse-cli/node_modules/decompress-response
3193 silly CHANGE node_modules/edge-impulse-cli/node_modules/cors
3194 silly CHANGE node_modules/edge-impulse-cli/node_modules/colors
3195 silly CHANGE node_modules/edge-impulse-cli/node_modules/bare-stream
3196 silly CHANGE node_modules/edge-impulse-cli/node_modules/content-type
3197 silly CHANGE node_modules/edge-impulse-cli/node_modules/color-name
3198 silly CHANGE node_modules/edge-impulse-cli/node_modules/color
3199 silly CHANGE node_modules/edge-impulse-cli/node_modules/color/node_modules/color-name
3200 silly CHANGE node_modules/edge-impulse-cli/node_modules/color/node_modules/color-convert
3201 silly CHANGE node_modules/edge-impulse-cli/node_modules/chalk
3202 silly CHANGE node_modules/edge-impulse-cli/node_modules/color-string
3203 silly CHANGE node_modules/edge-impulse-cli/node_modules/cli-cursor
3204 silly CHANGE node_modules/edge-impulse-cli/node_modules/chardet
3205 silly CHANGE node_modules/edge-impulse-cli/node_modules/clean-stack
3206 silly CHANGE node_modules/edge-impulse-cli/node_modules/bytes
3207 silly CHANGE node_modules/edge-impulse-cli/node_modules/code-point-at
3208 silly CHANGE node_modules/edge-impulse-cli/node_modules/bl
3209 silly CHANGE node_modules/edge-impulse-cli/node_modules/bl/node_modules/buffer
3210 silly CHANGE node_modules/edge-impulse-cli/node_modules/bl/node_modules/readable-stream
3211 silly CHANGE node_modules/edge-impulse-cli/node_modules/call-bind-apply-helpers
3212 silly CHANGE node_modules/edge-impulse-cli/node_modules/chownr
3213 silly CHANGE node_modules/edge-impulse-cli/node_modules/bindings
3214 silly CHANGE node_modules/edge-impulse-cli/node_modules/call-bound
3215 silly CHANGE node_modules/edge-impulse-cli/node_modules/balanced-match
3216 silly CHANGE node_modules/edge-impulse-cli/node_modules/brace-expansion
3217 silly CHANGE node_modules/edge-impulse-cli/node_modules/bare-path
3218 silly CHANGE node_modules/edge-impulse-cli/node_modules/b4a
3219 silly CHANGE node_modules/edge-impulse-cli/node_modules/base64id
3220 silly CHANGE node_modules/edge-impulse-cli/node_modules/accepts
3221 silly CHANGE node_modules/edge-impulse-cli/node_modules/array-flatten
3222 silly CHANGE node_modules/edge-impulse-cli/node_modules/are-we-there-yet
3223 silly CHANGE node_modules/edge-impulse-cli/node_modules/bare-events
3224 silly CHANGE node_modules/edge-impulse-cli/node_modules/ansi-escapes
3225 silly CHANGE node_modules/edge-impulse-cli/node_modules/ansi-regex
3226 silly CHANGE node_modules/edge-impulse-cli/node_modules/aggregate-error
3227 silly CHANGE node_modules/edge-impulse-cli/node_modules/ansi-styles
3228 silly CHANGE node_modules/edge-impulse-cli/node_modules/aproba
3229 silly CHANGE node_modules/edge-impulse-cli/node_modules/@xmldom/xmldom
3230 silly CHANGE node_modules/edge-impulse-cli/node_modules/@zeit/dockerignore
3231 silly CHANGE node_modules/edge-impulse-cli/node_modules/@types/uuid
3232 silly CHANGE node_modules/edge-impulse-cli/node_modules/@types/node
3233 silly CHANGE node_modules/edge-impulse-cli/node_modules/@smithy/util-uri-escape
3234 silly CHANGE node_modules/edge-impulse-cli/node_modules/@smithy/util-waiter
3235 silly CHANGE node_modules/edge-impulse-cli/node_modules/@smithy/util-utf8
3236 silly CHANGE node_modules/edge-impulse-cli/node_modules/@smithy/util-stream
3237 silly CHANGE node_modules/edge-impulse-cli/node_modules/@smithy/util-stream/node_modules/@smithy/fetch-http-handler
3238 silly CHANGE node_modules/edge-impulse-cli/node_modules/@smithy/util-middleware
3239 silly CHANGE node_modules/edge-impulse-cli/node_modules/@smithy/util-retry
3240 silly CHANGE node_modules/edge-impulse-cli/node_modules/@smithy/util-hex-encoding
3241 silly CHANGE node_modules/edge-impulse-cli/node_modules/@smithy/util-endpoints
3242 silly CHANGE node_modules/edge-impulse-cli/node_modules/@smithy/util-defaults-mode-node
3243 silly CHANGE node_modules/edge-impulse-cli/node_modules/@smithy/util-defaults-mode-browser
3244 silly CHANGE node_modules/edge-impulse-cli/node_modules/@smithy/util-config-provider
3245 silly CHANGE node_modules/edge-impulse-cli/node_modules/@smithy/util-buffer-from
3246 silly CHANGE node_modules/edge-impulse-cli/node_modules/@smithy/util-body-length-node
3247 silly CHANGE node_modules/edge-impulse-cli/node_modules/@smithy/util-body-length-browser
3248 silly CHANGE node_modules/edge-impulse-cli/node_modules/@smithy/util-base64
3249 silly CHANGE node_modules/edge-impulse-cli/node_modules/@smithy/url-parser
3250 silly CHANGE node_modules/edge-impulse-cli/node_modules/@smithy/smithy-client
3251 silly CHANGE node_modules/edge-impulse-cli/node_modules/@smithy/types
3252 silly CHANGE node_modules/edge-impulse-cli/node_modules/@smithy/signature-v4
3253 silly CHANGE node_modules/edge-impulse-cli/node_modules/@smithy/service-error-classification
3254 silly CHANGE node_modules/edge-impulse-cli/node_modules/@smithy/shared-ini-file-loader
3255 silly CHANGE node_modules/edge-impulse-cli/node_modules/@smithy/querystring-parser
3256 silly CHANGE node_modules/edge-impulse-cli/node_modules/@smithy/querystring-builder
3257 silly CHANGE node_modules/edge-impulse-cli/node_modules/@smithy/protocol-http
3258 silly CHANGE node_modules/edge-impulse-cli/node_modules/@smithy/property-provider
3259 silly CHANGE node_modules/edge-impulse-cli/node_modules/@smithy/node-http-handler
3260 silly CHANGE node_modules/edge-impulse-cli/node_modules/@smithy/node-config-provider
3261 silly CHANGE node_modules/edge-impulse-cli/node_modules/@smithy/middleware-stack
3262 silly CHANGE node_modules/edge-impulse-cli/node_modules/@smithy/middleware-serde
3263 silly CHANGE node_modules/edge-impulse-cli/node_modules/@smithy/middleware-retry
3264 silly CHANGE node_modules/edge-impulse-cli/node_modules/@smithy/middleware-endpoint
3265 silly CHANGE node_modules/edge-impulse-cli/node_modules/@smithy/middleware-content-length
3266 silly CHANGE node_modules/edge-impulse-cli/node_modules/@smithy/md5-js
3267 silly CHANGE node_modules/edge-impulse-cli/node_modules/@smithy/is-array-buffer
3268 silly CHANGE node_modules/edge-impulse-cli/node_modules/@smithy/invalid-dependency
3269 silly CHANGE node_modules/edge-impulse-cli/node_modules/@smithy/hash-stream-node
3270 silly CHANGE node_modules/edge-impulse-cli/node_modules/@smithy/hash-node
3271 silly CHANGE node_modules/edge-impulse-cli/node_modules/@smithy/eventstream-serde-universal
3272 silly CHANGE node_modules/edge-impulse-cli/node_modules/@smithy/fetch-http-handler
3273 silly CHANGE node_modules/edge-impulse-cli/node_modules/@smithy/hash-blob-browser
3274 silly CHANGE node_modules/edge-impulse-cli/node_modules/@smithy/eventstream-serde-node
3275 silly CHANGE node_modules/edge-impulse-cli/node_modules/@smithy/eventstream-serde-config-resolver
3276 silly CHANGE node_modules/edge-impulse-cli/node_modules/@smithy/eventstream-serde-browser
3277 silly CHANGE node_modules/edge-impulse-cli/node_modules/@smithy/eventstream-codec
3278 silly CHANGE node_modules/edge-impulse-cli/node_modules/@smithy/credential-provider-imds
3279 silly CHANGE node_modules/edge-impulse-cli/node_modules/@smithy/core
3280 silly CHANGE node_modules/edge-impulse-cli/node_modules/@smithy/config-resolver
3281 silly CHANGE node_modules/edge-impulse-cli/node_modules/@smithy/chunked-blob-reader-native
3282 silly CHANGE node_modules/edge-impulse-cli/node_modules/@smithy/chunked-blob-reader
3283 silly CHANGE node_modules/edge-impulse-cli/node_modules/@smithy/abort-controller
3284 silly CHANGE node_modules/edge-impulse-cli/node_modules/@pkgjs/parseargs
3285 silly CHANGE node_modules/edge-impulse-cli/node_modules/@npmcli/redact
3286 silly CHANGE node_modules/edge-impulse-cli/node_modules/@npmcli/fs
3287 silly CHANGE node_modules/edge-impulse-cli/node_modules/@npmcli/agent
3288 silly CHANGE node_modules/edge-impulse-cli/node_modules/@fastify/busboy
3289 silly CHANGE node_modules/edge-impulse-cli/node_modules/@serialport/bindings
3290 silly CHANGE node_modules/edge-impulse-cli/node_modules/@serialport/bindings/node_modules/debug
3291 silly CHANGE node_modules/edge-impulse-cli/node_modules/@serialport/bindings/node_modules/ms
3292 silly CHANGE node_modules/edge-impulse-cli/node_modules/@aws-sdk/util-arn-parser
3293 silly CHANGE node_modules/edge-impulse-cli/node_modules/@aws-sdk/xml-builder
3294 silly CHANGE node_modules/edge-impulse-cli/node_modules/@aws-sdk/util-user-agent-browser
3295 silly CHANGE node_modules/edge-impulse-cli/node_modules/@aws-sdk/util-user-agent-node
3296 silly CHANGE node_modules/edge-impulse-cli/node_modules/@aws-sdk/util-locate-window
3297 silly CHANGE node_modules/edge-impulse-cli/node_modules/@aws-sdk/util-endpoints
3298 silly CHANGE node_modules/edge-impulse-cli/node_modules/@aws-sdk/middleware-ssec
3299 silly CHANGE node_modules/edge-impulse-cli/node_modules/@aws-sdk/types
3300 silly CHANGE node_modules/edge-impulse-cli/node_modules/@aws-sdk/token-providers
3301 silly CHANGE node_modules/edge-impulse-cli/node_modules/@aws-sdk/signature-v4-multi-region
3302 silly CHANGE node_modules/edge-impulse-cli/node_modules/@aws-sdk/region-config-resolver
3303 silly CHANGE node_modules/edge-impulse-cli/node_modules/@aws-sdk/middleware-location-constraint
3304 silly CHANGE node_modules/edge-impulse-cli/node_modules/@aws-sdk/middleware-user-agent
3305 silly CHANGE node_modules/edge-impulse-cli/node_modules/@aws-sdk/middleware-sdk-s3
3306 silly CHANGE node_modules/edge-impulse-cli/node_modules/@aws-sdk/middleware-sdk-s3/node_modules/@aws-sdk/core
3307 silly CHANGE node_modules/edge-impulse-cli/node_modules/@aws-sdk/middleware-recursion-detection
3308 silly CHANGE node_modules/edge-impulse-cli/node_modules/@aws-sdk/middleware-logger
3309 silly CHANGE node_modules/edge-impulse-cli/node_modules/@aws-sdk/middleware-host-header
3310 silly CHANGE node_modules/edge-impulse-cli/node_modules/@aws-sdk/middleware-flexible-checksums
3311 silly CHANGE node_modules/edge-impulse-cli/node_modules/@aws-sdk/middleware-expect-continue
3312 silly CHANGE node_modules/edge-impulse-cli/node_modules/@aws-sdk/middleware-bucket-endpoint
3313 silly CHANGE node_modules/edge-impulse-cli/node_modules/@aws-sdk/credential-provider-web-identity
3314 silly CHANGE node_modules/edge-impulse-cli/node_modules/@aws-sdk/credential-provider-process
3315 silly CHANGE node_modules/edge-impulse-cli/node_modules/@aws-sdk/credential-provider-sso
3316 silly CHANGE node_modules/edge-impulse-cli/node_modules/@aws-sdk/credential-provider-node
3317 silly CHANGE node_modules/edge-impulse-cli/node_modules/@aws-sdk/credential-provider-ini
3318 silly CHANGE node_modules/edge-impulse-cli/node_modules/@aws-sdk/credential-provider-http
3319 silly CHANGE node_modules/edge-impulse-cli/node_modules/@aws-sdk/credential-provider-env
3320 silly CHANGE node_modules/edge-impulse-cli/node_modules/@aws-sdk/core
3321 silly CHANGE node_modules/edge-impulse-cli/node_modules/@aws-sdk/client-sts
3322 silly CHANGE node_modules/edge-impulse-cli/node_modules/@aws-sdk/client-sso-oidc
3323 silly CHANGE node_modules/edge-impulse-cli/node_modules/@aws-sdk/client-sso
3324 silly CHANGE node_modules/edge-impulse-cli/node_modules/@aws-sdk/client-secrets-manager
3325 silly CHANGE node_modules/edge-impulse-cli/node_modules/@aws-crypto/crc32c
3326 silly CHANGE node_modules/edge-impulse-cli/node_modules/@aws-sdk/client-s3
3327 silly CHANGE node_modules/edge-impulse-cli/node_modules/@aws-sdk/client-s3/node_modules/@aws-sdk/credential-provider-node
3328 silly CHANGE node_modules/edge-impulse-cli/node_modules/@aws-sdk/client-s3/node_modules/@aws-sdk/util-endpoints
3329 silly CHANGE node_modules/edge-impulse-cli/node_modules/@aws-sdk/client-s3/node_modules/@aws-sdk/middleware-user-agent
3330 silly CHANGE node_modules/edge-impulse-cli/node_modules/@aws-sdk/client-s3/node_modules/@aws-sdk/credential-provider-sso
3331 silly CHANGE node_modules/edge-impulse-cli/node_modules/@aws-sdk/client-s3/node_modules/@aws-sdk/credential-provider-ini
3332 silly CHANGE node_modules/edge-impulse-cli/node_modules/@aws-sdk/client-s3/node_modules/@aws-sdk/credential-provider-http
3333 silly CHANGE node_modules/edge-impulse-cli/node_modules/@aws-sdk/client-s3/node_modules/@aws-sdk/core
3334 silly CHANGE node_modules/edge-impulse-cli/node_modules/@aws-sdk/client-s3/node_modules/@aws-sdk/client-sts
3335 silly CHANGE node_modules/edge-impulse-cli/node_modules/@aws-sdk/client-s3/node_modules/@aws-sdk/client-sso-oidc
3336 silly CHANGE node_modules/edge-impulse-cli/node_modules/@aws-sdk/client-s3/node_modules/@aws-sdk/client-sso
3337 silly CHANGE node_modules/edge-impulse-cli/node_modules/@aws-sdk/client-iot-data-plane
3338 silly CHANGE node_modules/edge-impulse-cli/node_modules/@aws-crypto/util
3339 silly CHANGE node_modules/edge-impulse-cli/node_modules/@aws-crypto/util/node_modules/@smithy/util-buffer-from
3340 silly CHANGE node_modules/edge-impulse-cli/node_modules/@aws-crypto/util/node_modules/@smithy/util-utf8
3341 silly CHANGE node_modules/edge-impulse-cli/node_modules/@aws-crypto/util/node_modules/@smithy/is-array-buffer
3342 silly CHANGE node_modules/edge-impulse-cli/node_modules/@aws-crypto/supports-web-crypto
3343 silly CHANGE node_modules/edge-impulse-cli/node_modules/@aws-crypto/sha256-browser
3344 silly CHANGE node_modules/edge-impulse-cli/node_modules/@aws-crypto/sha256-browser/node_modules/@smithy/is-array-buffer
3345 silly CHANGE node_modules/edge-impulse-cli/node_modules/@aws-crypto/sha256-browser/node_modules/@smithy/util-buffer-from
3346 silly CHANGE node_modules/edge-impulse-cli/node_modules/@aws-crypto/sha256-browser/node_modules/@smithy/util-utf8
3347 silly CHANGE node_modules/edge-impulse-cli/node_modules/@aws-crypto/sha256-js
3348 silly CHANGE node_modules/edge-impulse-cli/node_modules/@aws-crypto/crc32
3349 silly CHANGE node_modules/edge-impulse-cli/node_modules/@aws-crypto/sha1-browser
3350 silly CHANGE node_modules/edge-impulse-cli/node_modules/@aws-crypto/sha1-browser/node_modules/@smithy/util-buffer-from
3351 silly CHANGE node_modules/edge-impulse-cli/node_modules/@aws-crypto/sha1-browser/node_modules/@smithy/util-utf8
3352 silly CHANGE node_modules/edge-impulse-cli/node_modules/@aws-crypto/sha1-browser/node_modules/@smithy/is-array-buffer
3353 silly CHANGE node_modules/edge-impulse-cli/node_modules/yauzl
3354 silly CHANGE node_modules/edge-impulse-cli/node_modules/ws
3355 silly CHANGE node_modules/edge-impulse-cli/node_modules/uuid
3356 silly CHANGE node_modules/edge-impulse-cli/node_modules/undici
3357 silly CHANGE node_modules/edge-impulse-cli/node_modules/tslib
3358 silly CHANGE node_modules/edge-impulse-cli/node_modules/tsee
3359 silly CHANGE node_modules/edge-impulse-cli/node_modules/tsee/node_modules/@types/node
3360 silly CHANGE node_modules/edge-impulse-cli/node_modules/tiny-async-pool
3361 silly CHANGE node_modules/edge-impulse-cli/node_modules/tiny-async-pool/node_modules/semver
3362 silly CHANGE node_modules/edge-impulse-cli/node_modules/tar-fs
3363 silly CHANGE node_modules/edge-impulse-cli/node_modules/tar-fs/node_modules/chownr
3364 silly CHANGE node_modules/edge-impulse-cli/node_modules/tar
3365 silly CHANGE node_modules/edge-impulse-cli/node_modules/tar/node_modules/minipass
3366 silly CHANGE node_modules/edge-impulse-cli/node_modules/tar/node_modules/fs-minipass
3367 silly CHANGE node_modules/edge-impulse-cli/node_modules/tar/node_modules/fs-minipass/node_modules/minipass
3368 silly CHANGE node_modules/edge-impulse-cli/node_modules/strnum
3369 silly CHANGE node_modules/edge-impulse-cli/node_modules/statuses
3370 silly CHANGE node_modules/edge-impulse-cli/node_modules/socket.io-parser
3371 silly CHANGE node_modules/edge-impulse-cli/node_modules/socket.io-parser/node_modules/ms
3372 silly CHANGE node_modules/edge-impulse-cli/node_modules/socket.io-parser/node_modules/debug
3373 silly CHANGE node_modules/edge-impulse-cli/node_modules/socket.io
3374 silly CHANGE node_modules/edge-impulse-cli/node_modules/socket.io/node_modules/ms
3375 silly CHANGE node_modules/edge-impulse-cli/node_modules/socket.io/node_modules/debug
3376 silly CHANGE node_modules/edge-impulse-cli/node_modules/signal-exit
3377 silly CHANGE node_modules/edge-impulse-cli/node_modules/side-channel
3378 silly CHANGE node_modules/edge-impulse-cli/node_modules/sharp
3379 silly CHANGE node_modules/edge-impulse-cli/node_modules/sharp/node_modules/tar-fs
3380 silly CHANGE node_modules/edge-impulse-cli/node_modules/sharp/node_modules/tar-fs/node_modules/tar-stream
3381 silly CHANGE node_modules/edge-impulse-cli/node_modules/sharp/node_modules/simple-get
3382 silly CHANGE node_modules/edge-impulse-cli/node_modules/sharp/node_modules/prebuild-install
3383 silly CHANGE node_modules/edge-impulse-cli/node_modules/sharp/node_modules/prebuild-install/node_modules/tar-fs
3384 silly CHANGE node_modules/edge-impulse-cli/node_modules/sharp/node_modules/node-abi
3385 silly CHANGE node_modules/edge-impulse-cli/node_modules/sharp/node_modules/napi-build-utils
3386 silly CHANGE node_modules/edge-impulse-cli/node_modules/sharp/node_modules/mimic-response
3387 silly CHANGE node_modules/edge-impulse-cli/node_modules/sharp/node_modules/detect-libc
3388 silly CHANGE node_modules/edge-impulse-cli/node_modules/sharp/node_modules/decompress-response
3389 silly CHANGE node_modules/edge-impulse-cli/node_modules/sharp/node_modules/chownr
3390 silly CHANGE node_modules/edge-impulse-cli/node_modules/serialport
3391 silly CHANGE node_modules/edge-impulse-cli/node_modules/serialport/node_modules/debug
3392 silly CHANGE node_modules/edge-impulse-cli/node_modules/serialport/node_modules/ms
3393 silly CHANGE node_modules/edge-impulse-cli/node_modules/semver
3394 silly CHANGE node_modules/edge-impulse-cli/node_modules/rxjs
3395 silly CHANGE node_modules/edge-impulse-cli/node_modules/rxjs/node_modules/tslib
3396 silly CHANGE node_modules/edge-impulse-cli/node_modules/readable-stream
3397 silly CHANGE node_modules/edge-impulse-cli/node_modules/readable-stream/node_modules/safe-buffer
3398 silly CHANGE node_modules/edge-impulse-cli/node_modules/qs
3399 silly CHANGE node_modules/edge-impulse-cli/node_modules/promise-retry
3400 silly CHANGE node_modules/edge-impulse-cli/node_modules/prebuild-install
3401 silly CHANGE node_modules/edge-impulse-cli/node_modules/path-scurry
3402 silly CHANGE node_modules/edge-impulse-cli/node_modules/papaparse
3403 silly CHANGE node_modules/edge-impulse-cli/node_modules/on-finished
3404 silly CHANGE node_modules/edge-impulse-cli/node_modules/object-inspect
3405 silly CHANGE node_modules/edge-impulse-cli/node_modules/nan
3406 silly CHANGE node_modules/edge-impulse-cli/node_modules/npm-registry-fetch
3407 silly CHANGE node_modules/edge-impulse-cli/node_modules/node-addon-api
3408 silly CHANGE node_modules/edge-impulse-cli/node_modules/minimist
3409 silly CHANGE node_modules/edge-impulse-cli/node_modules/negotiator
3410 silly CHANGE node_modules/edge-impulse-cli/node_modules/minipass-sized
3411 silly CHANGE node_modules/edge-impulse-cli/node_modules/minipass-sized/node_modules/minipass
3412 silly CHANGE node_modules/edge-impulse-cli/node_modules/minipass-fetch
3413 silly CHANGE node_modules/edge-impulse-cli/node_modules/minipass
3414 silly CHANGE node_modules/edge-impulse-cli/node_modules/minimatch
3415 silly CHANGE node_modules/edge-impulse-cli/node_modules/mime-db
3416 silly CHANGE node_modules/edge-impulse-cli/node_modules/math-intrinsics
3417 silly CHANGE node_modules/edge-impulse-cli/node_modules/make-fetch-happen
3418 silly CHANGE node_modules/edge-impulse-cli/node_modules/lodash
3419 silly CHANGE node_modules/edge-impulse-cli/node_modules/lru-cache
3420 silly CHANGE node_modules/edge-impulse-cli/node_modules/jackspeak
3421 silly CHANGE node_modules/edge-impulse-cli/node_modules/js-yaml
3422 silly CHANGE node_modules/edge-impulse-cli/node_modules/jpeg-js
3423 silly CHANGE node_modules/edge-impulse-cli/node_modules/inquirer-search-list
3424 silly CHANGE node_modules/edge-impulse-cli/node_modules/inquirer-search-list/node_modules/strip-ansi
3425 silly CHANGE node_modules/edge-impulse-cli/node_modules/inquirer-search-list/node_modules/mute-stream
3426 silly CHANGE node_modules/edge-impulse-cli/node_modules/inquirer-search-list/node_modules/string-width
3427 silly CHANGE node_modules/edge-impulse-cli/node_modules/inquirer-search-list/node_modules/signal-exit
3428 silly CHANGE node_modules/edge-impulse-cli/node_modules/inquirer-search-list/node_modules/restore-cursor
3429 silly CHANGE node_modules/edge-impulse-cli/node_modules/inquirer-search-list/node_modules/onetime
3430 silly CHANGE node_modules/edge-impulse-cli/node_modules/inquirer-search-list/node_modules/is-fullwidth-code-point
3431 silly CHANGE node_modules/edge-impulse-cli/node_modules/inquirer-search-list/node_modules/mimic-fn
3432 silly CHANGE node_modules/edge-impulse-cli/node_modules/inquirer-search-list/node_modules/chardet
3433 silly CHANGE node_modules/edge-impulse-cli/node_modules/inquirer-search-list/node_modules/figures
3434 silly CHANGE node_modules/edge-impulse-cli/node_modules/inquirer-search-list/node_modules/inquirer
3435 silly CHANGE node_modules/edge-impulse-cli/node_modules/inquirer-search-list/node_modules/cli-cursor
3436 silly CHANGE node_modules/edge-impulse-cli/node_modules/inquirer-search-list/node_modules/ansi-escapes
3437 silly CHANGE node_modules/edge-impulse-cli/node_modules/inquirer-search-list/node_modules/external-editor
3438 silly CHANGE node_modules/edge-impulse-cli/node_modules/inquirer-search-list/node_modules/ansi-regex
3439 silly CHANGE node_modules/edge-impulse-cli/node_modules/inquirer
3440 silly CHANGE node_modules/edge-impulse-cli/node_modules/image-size
3441 silly CHANGE node_modules/edge-impulse-cli/node_modules/https-proxy-agent
3442 silly CHANGE node_modules/edge-impulse-cli/node_modules/https-proxy-agent/node_modules/ms
3443 silly CHANGE node_modules/edge-impulse-cli/node_modules/https-proxy-agent/node_modules/debug
3444 silly CHANGE node_modules/edge-impulse-cli/node_modules/glob
3445 silly CHANGE node_modules/edge-impulse-cli/node_modules/fast-xml-parser
3446 silly CHANGE node_modules/edge-impulse-cli/node_modules/foreground-child
3447 silly CHANGE node_modules/edge-impulse-cli/node_modules/express
3448 silly CHANGE node_modules/edge-impulse-cli/node_modules/err-code
3449 silly CHANGE node_modules/edge-impulse-cli/node_modules/es-errors
3450 silly CHANGE node_modules/edge-impulse-cli/node_modules/engine.io-parser
3451 silly CHANGE node_modules/edge-impulse-cli/node_modules/engine.io
3452 silly CHANGE node_modules/edge-impulse-cli/node_modules/engine.io/node_modules/ms
3453 silly CHANGE node_modules/edge-impulse-cli/node_modules/engine.io/node_modules/cookie
3454 silly CHANGE node_modules/edge-impulse-cli/node_modules/engine.io/node_modules/debug
3455 silly CHANGE node_modules/edge-impulse-cli/node_modules/engine.io/node_modules/ws
3456 silly CHANGE node_modules/edge-impulse-cli/node_modules/cross-spawn
3457 silly CHANGE node_modules/edge-impulse-cli/node_modules/crc
3458 silly CHANGE node_modules/edge-impulse-cli/node_modules/content-disposition
3459 silly CHANGE node_modules/edge-impulse-cli/node_modules/commander
3460 silly CHANGE node_modules/edge-impulse-cli/node_modules/cbor
3461 silly CHANGE node_modules/edge-impulse-cli/node_modules/cacache
3462 silly CHANGE node_modules/edge-impulse-cli/node_modules/cli-width
3463 silly CHANGE node_modules/edge-impulse-cli/node_modules/cli-progress
3464 silly CHANGE node_modules/edge-impulse-cli/node_modules/buffer
3465 silly CHANGE node_modules/edge-impulse-cli/node_modules/bowser
3466 silly CHANGE node_modules/edge-impulse-cli/node_modules/body-parser
3467 silly CHANGE node_modules/edge-impulse-cli/node_modules/base64-js
3468 silly CHANGE node_modules/edge-impulse-cli/node_modules/bignumber.js
3469 silly CHANGE node_modules/edge-impulse-cli/node_modules/bare-os
3470 silly CHANGE node_modules/edge-impulse-cli/node_modules/bare-url
3471 silly CHANGE node_modules/edge-impulse-cli/node_modules/bare-fs
3472 silly CHANGE node_modules/edge-impulse-cli/node_modules/agent-base
3473 silly CHANGE node_modules/edge-impulse-cli/node_modules/async-mutex
3474 silly CHANGE node_modules/edge-impulse-cli/node_modules/argparse
3475 verbose cwd D:\ECO_Voice
3476 verbose os Windows_NT 10.0.19045
3477 verbose node v22.20.0
3478 verbose npm  v10.9.3
3479 verbose exit 0
3480 info ok
