0 verbose cli D:\ECO_Voice\.tools\node-v22.20.0-win-x64\node.exe D:\ECO_Voice\.tools\node-v22.20.0-win-x64\node_modules\npm\bin\npm-cli.js
1 info using npm@10.9.3
2 info using node@v22.20.0
3 silly config load:file:D:\ECO_Voice\.tools\node-v22.20.0-win-x64\node_modules\npm\npmrc
4 silly config load:file:C:\Users\sjmit\.npmrc
5 silly config load:file:D:\ECO_Voice\.tools\edge-impulse\etc\npmrc
6 verbose title npm install edge-impulse-cli
7 verbose argv "install" "--global" "edge-impulse-cli"
8 verbose logfile logs-max:10 dir:D:\ECO_Voice\.tools\npm-cache\_logs\2026-04-16T18_58_46_058Z-
9 verbose logfile D:\ECO_Voice\.tools\npm-cache\_logs\2026-04-16T18_58_46_058Z-debug-0.log
10 silly packumentCache heap:2095054848 maxSize:523763712 maxEntrySize:261881856
11 silly logfile done cleaning log files
12 silly idealTree buildDeps
13 silly fetch manifest edge-impulse-cli@*
14 silly packumentCache full:https://registry.npmjs.org/edge-impulse-cli cache-miss
15 http fetch GET 200 https://registry.npmjs.org/edge-impulse-cli 631ms (cache miss)
16 silly packumentCache full:https://registry.npmjs.org/edge-impulse-cli set size:undefined disposed:false
17 silly placeDep ROOT edge-impulse-cli@1.38.0 OK for:  want: *
18 silly fetch manifest @aws-sdk/client-iot-data-plane@3.624.0
19 silly packumentCache full:https://registry.npmjs.org/@aws-sdk%2fclient-iot-data-plane cache-miss
20 silly fetch manifest @aws-sdk/client-s3@3.635.0
21 silly packumentCache full:https://registry.npmjs.org/@aws-sdk%2fclient-s3 cache-miss
22 silly fetch manifest @aws-sdk/client-secrets-manager@3.624.0
23 silly packumentCache full:https://registry.npmjs.org/@aws-sdk%2fclient-secrets-manager cache-miss
24 silly fetch manifest @types/uuid@10.0.0
25 silly packumentCache full:https://registry.npmjs.org/@types%2fuuid cache-miss
26 silly fetch manifest @xmldom/xmldom@0.8.10
27 silly packumentCache full:https://registry.npmjs.org/@xmldom%2fxmldom cache-miss
28 silly fetch manifest @zeit/dockerignore@0.0.5
29 silly packumentCache full:https://registry.npmjs.org/@zeit%2fdockerignore cache-miss
30 silly fetch manifest async-mutex@0.2.6
31 silly packumentCache full:https://registry.npmjs.org/async-mutex cache-miss
32 http fetch GET 200 https://registry.npmjs.org/async-mutex 246ms (cache miss)
33 silly packumentCache full:https://registry.npmjs.org/async-mutex set size:undefined disposed:false
34 silly fetch manifest buffer@6.0.3
35 silly packumentCache full:https://registry.npmjs.org/buffer cache-miss
36 http fetch GET 200 https://registry.npmjs.org/@xmldom%2fxmldom 364ms (cache miss)
37 silly packumentCache full:https://registry.npmjs.org/@xmldom%2fxmldom set size:undefined disposed:false
38 silly fetch manifest cbor@5.0.2
39 silly packumentCache full:https://registry.npmjs.org/cbor cache-miss
40 http fetch GET 200 https://registry.npmjs.org/npm 1562ms
41 http fetch GET 200 https://registry.npmjs.org/@aws-sdk%2fclient-s3 1141ms (cache miss)
42 silly packumentCache full:https://registry.npmjs.org/@aws-sdk%2fclient-s3 set size:undefined disposed:false
43 silly fetch manifest cli-progress@3.8.2
44 silly packumentCache full:https://registry.npmjs.org/cli-progress cache-miss
45 http fetch GET 200 https://registry.npmjs.org/cli-progress 195ms (cache miss)
46 silly packumentCache full:https://registry.npmjs.org/cli-progress set size:undefined disposed:false
47 silly fetch manifest commander@5.1.0
48 silly packumentCache full:https://registry.npmjs.org/commander cache-miss
49 http fetch GET 200 https://registry.npmjs.org/@aws-sdk%2fclient-secrets-manager 1446ms (cache miss)
50 silly packumentCache full:https://registry.npmjs.org/@aws-sdk%2fclient-secrets-manager set size:undefined disposed:false
51 silly fetch manifest crc@4.3.2
52 silly packumentCache full:https://registry.npmjs.org/crc cache-miss
53 http fetch GET 200 https://registry.npmjs.org/commander 159ms (cache miss)
54 silly packumentCache full:https://registry.npmjs.org/commander set size:undefined disposed:false
55 silly fetch manifest express@4.21.2
56 silly packumentCache full:https://registry.npmjs.org/express cache-miss
57 http fetch GET 200 https://registry.npmjs.org/cbor 1197ms (cache miss)
58 silly packumentCache full:https://registry.npmjs.org/cbor set size:undefined disposed:false
59 silly fetch manifest image-size@1.0.2
60 silly packumentCache full:https://registry.npmjs.org/image-size cache-miss
61 http fetch GET 200 https://registry.npmjs.org/image-size 149ms (cache miss)
62 silly packumentCache full:https://registry.npmjs.org/image-size set size:undefined disposed:false
63 silly fetch manifest inquirer@7.0.0
64 silly packumentCache full:https://registry.npmjs.org/inquirer cache-miss
65 http fetch GET 200 https://registry.npmjs.org/express 218ms (cache miss)
66 silly packumentCache full:https://registry.npmjs.org/express set size:undefined disposed:false
67 silly fetch manifest inquirer-search-list@1.2.6
68 silly packumentCache full:https://registry.npmjs.org/inquirer-search-list cache-miss
69 http fetch GET 200 https://registry.npmjs.org/crc 315ms (cache miss)
70 silly packumentCache full:https://registry.npmjs.org/crc set size:undefined disposed:false
71 silly fetch manifest jpeg-js@0.4.4
72 silly packumentCache full:https://registry.npmjs.org/jpeg-js cache-miss
73 http fetch GET 200 https://registry.npmjs.org/jpeg-js 118ms (cache miss)
74 silly packumentCache full:https://registry.npmjs.org/jpeg-js set size:undefined disposed:false
75 silly fetch manifest js-yaml@4.1.0
76 silly packumentCache full:https://registry.npmjs.org/js-yaml cache-miss
77 http fetch GET 200 https://registry.npmjs.org/inquirer 223ms (cache miss)
78 silly packumentCache full:https://registry.npmjs.org/inquirer set size:undefined disposed:false
79 silly fetch manifest npm-registry-fetch@17.1.0
80 silly packumentCache full:https://registry.npmjs.org/npm-registry-fetch cache-miss
81 http fetch GET 200 https://registry.npmjs.org/js-yaml 72ms (cache miss)
82 silly packumentCache full:https://registry.npmjs.org/js-yaml set size:undefined disposed:false
83 silly fetch manifest papaparse@5.4.1
84 silly packumentCache full:https://registry.npmjs.org/papaparse cache-miss
85 http fetch GET 200 https://registry.npmjs.org/papaparse 100ms (cache miss)
86 silly packumentCache full:https://registry.npmjs.org/papaparse set size:undefined disposed:false
87 silly fetch manifest serialport@8.0.8
88 silly packumentCache full:https://registry.npmjs.org/serialport cache-miss
89 http fetch GET 200 https://registry.npmjs.org/npm-registry-fetch 180ms (cache miss)
90 silly packumentCache full:https://registry.npmjs.org/npm-registry-fetch set size:undefined disposed:false
91 silly fetch manifest sharp@0.32.6
92 silly packumentCache full:https://registry.npmjs.org/sharp cache-miss
93 http fetch GET 200 https://registry.npmjs.org/@aws-sdk%2fclient-iot-data-plane 2339ms (cache miss)
94 silly packumentCache full:https://registry.npmjs.org/@aws-sdk%2fclient-iot-data-plane set size:undefined disposed:false
95 silly fetch manifest socket.io@4.8.1
96 silly packumentCache full:https://registry.npmjs.org/socket.io cache-miss
97 http fetch GET 200 https://registry.npmjs.org/serialport 330ms (cache miss)
98 silly packumentCache full:https://registry.npmjs.org/serialport set size:undefined disposed:false
99 silly fetch manifest tar@6.2.1
100 silly packumentCache full:https://registry.npmjs.org/tar cache-miss
101 http fetch GET 200 https://registry.npmjs.org/@zeit%2fdockerignore 2450ms (cache miss)
102 silly packumentCache full:https://registry.npmjs.org/@zeit%2fdockerignore set size:undefined disposed:false
103 silly fetch manifest tiny-async-pool@1.1.0
104 silly packumentCache full:https://registry.npmjs.org/tiny-async-pool cache-miss
105 http fetch GET 200 https://registry.npmjs.org/socket.io 190ms (cache miss)
106 silly packumentCache full:https://registry.npmjs.org/socket.io set size:undefined disposed:false
107 silly fetch manifest tsee@1.3.4
108 silly packumentCache full:https://registry.npmjs.org/tsee cache-miss
109 http fetch GET 200 https://registry.npmjs.org/inquirer-search-list 848ms (cache miss)
110 silly packumentCache full:https://registry.npmjs.org/inquirer-search-list set size:undefined disposed:false
111 silly fetch manifest undici@5.29.0
112 silly packumentCache full:https://registry.npmjs.org/undici cache-miss
113 http fetch GET 200 https://registry.npmjs.org/tar 233ms (cache miss)
114 silly packumentCache full:https://registry.npmjs.org/tar set size:undefined disposed:false
115 silly fetch manifest ws@7.5.10
116 silly packumentCache full:https://registry.npmjs.org/ws cache-miss
117 http fetch GET 200 https://registry.npmjs.org/sharp 598ms (cache miss)
118 silly packumentCache full:https://registry.npmjs.org/sharp set size:undefined disposed:false
119 silly fetch manifest yauzl@2.10.0
120 silly packumentCache full:https://registry.npmjs.org/yauzl cache-miss
121 http fetch GET 200 https://registry.npmjs.org/tiny-async-pool 444ms (cache miss)
122 silly packumentCache full:https://registry.npmjs.org/tiny-async-pool set size:undefined disposed:false
123 http fetch GET 200 https://registry.npmjs.org/tsee 395ms (cache miss)
124 silly packumentCache full:https://registry.npmjs.org/tsee set size:undefined disposed:false
125 http fetch GET 200 https://registry.npmjs.org/yauzl 187ms (cache miss)
126 silly packumentCache full:https://registry.npmjs.org/yauzl set size:undefined disposed:false
127 http fetch GET 200 https://registry.npmjs.org/undici 502ms (cache miss)
128 silly packumentCache full:https://registry.npmjs.org/undici set size:undefined disposed:false
129 http fetch GET 200 https://registry.npmjs.org/ws 486ms (cache miss)
130 silly packumentCache full:https://registry.npmjs.org/ws set size:undefined disposed:false
131 http fetch GET 200 https://registry.npmjs.org/@types%2fuuid 3307ms (cache miss)
132 silly packumentCache full:https://registry.npmjs.org/@types%2fuuid set size:undefined disposed:false
133 http fetch GET 200 https://registry.npmjs.org/buffer 16780ms (cache miss)
134 silly packumentCache full:https://registry.npmjs.org/buffer set size:undefined disposed:false
135 silly fetch manifest bufferutil@^4.0.1
136 silly packumentCache full:https://registry.npmjs.org/bufferutil cache-miss
137 http fetch GET 200 https://registry.npmjs.org/bufferutil 372ms (cache miss)
138 silly packumentCache full:https://registry.npmjs.org/bufferutil set size:undefined disposed:false
139 silly fetch manifest utf-8-validate@^5.0.2
140 silly packumentCache full:https://registry.npmjs.org/utf-8-validate cache-miss
141 http fetch GET 200 https://registry.npmjs.org/utf-8-validate 187ms (cache miss)
142 silly packumentCache full:https://registry.npmjs.org/utf-8-validate set size:undefined disposed:false
143 silly placeDep node_modules/edge-impulse-cli @aws-sdk/client-iot-data-plane@3.624.0 OK for: edge-impulse-cli@1.38.0 want: 3.624.0
144 silly placeDep node_modules/edge-impulse-cli @aws-sdk/client-s3@3.635.0 OK for: edge-impulse-cli@1.38.0 want: 3.635.0
145 silly placeDep node_modules/edge-impulse-cli @aws-sdk/client-secrets-manager@3.624.0 OK for: edge-impulse-cli@1.38.0 want: 3.624.0
146 silly placeDep node_modules/edge-impulse-cli @types/uuid@10.0.0 OK for: edge-impulse-cli@1.38.0 want: 10.0.0
147 silly placeDep node_modules/edge-impulse-cli @xmldom/xmldom@0.8.10 OK for: edge-impulse-cli@1.38.0 want: 0.8.10
148 silly placeDep node_modules/edge-impulse-cli @zeit/dockerignore@0.0.5 OK for: edge-impulse-cli@1.38.0 want: 0.0.5
149 silly placeDep node_modules/edge-impulse-cli async-mutex@0.2.6 OK for: edge-impulse-cli@1.38.0 want: 0.2.6
150 silly placeDep node_modules/edge-impulse-cli buffer@6.0.3 OK for: edge-impulse-cli@1.38.0 want: 6.0.3
151 silly placeDep node_modules/edge-impulse-cli cbor@5.0.2 OK for: edge-impulse-cli@1.38.0 want: 5.0.2
152 silly placeDep node_modules/edge-impulse-cli cli-progress@3.8.2 OK for: edge-impulse-cli@1.38.0 want: 3.8.2
153 silly placeDep node_modules/edge-impulse-cli commander@5.1.0 OK for: edge-impulse-cli@1.38.0 want: 5.1.0
154 silly placeDep node_modules/edge-impulse-cli crc@4.3.2 OK for: edge-impulse-cli@1.38.0 want: 4.3.2
155 silly placeDep node_modules/edge-impulse-cli express@4.21.2 OK for: edge-impulse-cli@1.38.0 want: 4.21.2
156 silly placeDep node_modules/edge-impulse-cli image-size@1.0.2 OK for: edge-impulse-cli@1.38.0 want: 1.0.2
157 silly placeDep node_modules/edge-impulse-cli inquirer@7.0.0 OK for: edge-impulse-cli@1.38.0 want: 7.0.0
158 silly placeDep node_modules/edge-impulse-cli inquirer-search-list@1.2.6 OK for: edge-impulse-cli@1.38.0 want: 1.2.6
159 silly placeDep node_modules/edge-impulse-cli jpeg-js@0.4.4 OK for: edge-impulse-cli@1.38.0 want: 0.4.4
160 silly placeDep node_modules/edge-impulse-cli js-yaml@4.1.0 OK for: edge-impulse-cli@1.38.0 want: 4.1.0
161 silly placeDep node_modules/edge-impulse-cli npm-registry-fetch@17.1.0 OK for: edge-impulse-cli@1.38.0 want: 17.1.0
162 silly placeDep node_modules/edge-impulse-cli papaparse@5.4.1 OK for: edge-impulse-cli@1.38.0 want: 5.4.1
163 silly placeDep node_modules/edge-impulse-cli serialport@8.0.8 OK for: edge-impulse-cli@1.38.0 want: 8.0.8
164 silly placeDep node_modules/edge-impulse-cli sharp@0.32.6 OK for: edge-impulse-cli@1.38.0 want: 0.32.6
165 silly placeDep node_modules/edge-impulse-cli socket.io@4.8.1 OK for: edge-impulse-cli@1.38.0 want: 4.8.1
166 silly placeDep node_modules/edge-impulse-cli tar@6.2.1 OK for: edge-impulse-cli@1.38.0 want: 6.2.1
167 silly placeDep node_modules/edge-impulse-cli tiny-async-pool@1.1.0 OK for: edge-impulse-cli@1.38.0 want: 1.1.0
168 silly placeDep node_modules/edge-impulse-cli tsee@1.3.4 OK for: edge-impulse-cli@1.38.0 want: 1.3.4
169 silly placeDep node_modules/edge-impulse-cli undici@5.29.0 OK for: edge-impulse-cli@1.38.0 want: 5.29.0
170 silly placeDep node_modules/edge-impulse-cli ws@7.5.10 OK for: edge-impulse-cli@1.38.0 want: 7.5.10
171 silly placeDep node_modules/edge-impulse-cli yauzl@2.10.0 OK for: edge-impulse-cli@1.38.0 want: 2.10.0
172 silly fetch manifest tslib@^2.6.2
173 silly packumentCache full:https://registry.npmjs.org/tslib cache-miss
174 silly fetch manifest @smithy/core@^2.3.2
175 silly packumentCache full:https://registry.npmjs.org/@smithy%2fcore cache-miss
176 silly fetch manifest @aws-sdk/core@3.624.0
177 silly packumentCache full:https://registry.npmjs.org/@aws-sdk%2fcore cache-miss
178 silly fetch manifest @smithy/types@^3.3.0
179 silly packumentCache full:https://registry.npmjs.org/@smithy%2ftypes cache-miss
180 silly fetch manifest @aws-sdk/types@3.609.0
181 silly packumentCache full:https://registry.npmjs.org/@aws-sdk%2ftypes cache-miss
182 silly fetch manifest @smithy/hash-node@^3.0.3
183 silly packumentCache full:https://registry.npmjs.org/@smithy%2fhash-node cache-miss
184 silly fetch manifest @smithy/util-utf8@^3.0.0
185 silly packumentCache full:https://registry.npmjs.org/@smithy%2futil-utf8 cache-miss
186 http fetch GET 200 https://registry.npmjs.org/@smithy%2ftypes 385ms (cache miss)
187 silly packumentCache full:https://registry.npmjs.org/@smithy%2ftypes set size:undefined disposed:false
188 silly fetch manifest @smithy/url-parser@^3.0.3
189 silly packumentCache full:https://registry.npmjs.org/@smithy%2furl-parser cache-miss
190 http fetch GET 200 https://registry.npmjs.org/@smithy%2fhash-node 415ms (cache miss)
191 silly packumentCache full:https://registry.npmjs.org/@smithy%2fhash-node set size:undefined disposed:false
192 silly fetch manifest @smithy/util-retry@^3.0.3
193 silly packumentCache full:https://registry.npmjs.org/@smithy%2futil-retry cache-miss
194 http fetch GET 200 https://registry.npmjs.org/tslib 451ms (cache miss)
195 silly packumentCache full:https://registry.npmjs.org/tslib set size:undefined disposed:false
196 silly fetch manifest @aws-sdk/client-sts@3.624.0
197 silly packumentCache full:https://registry.npmjs.org/@aws-sdk%2fclient-sts cache-miss
198 http fetch GET 200 https://registry.npmjs.org/@aws-sdk%2ftypes 492ms (cache miss)
199 silly packumentCache full:https://registry.npmjs.org/@aws-sdk%2ftypes set size:undefined disposed:false
200 silly fetch manifest @smithy/util-base64@^3.0.0
201 silly packumentCache full:https://registry.npmjs.org/@smithy%2futil-base64 cache-miss
202 http fetch GET 200 https://registry.npmjs.org/@smithy%2furl-parser 112ms (cache miss)
203 silly packumentCache full:https://registry.npmjs.org/@smithy%2furl-parser set size:undefined disposed:false
204 silly fetch manifest @smithy/util-stream@^3.1.3
205 silly packumentCache full:https://registry.npmjs.org/@smithy%2futil-stream cache-miss
206 http fetch GET 200 https://registry.npmjs.org/@smithy%2futil-base64 111ms (cache miss)
207 silly packumentCache full:https://registry.npmjs.org/@smithy%2futil-base64 set size:undefined disposed:false
208 silly fetch manifest @aws-crypto/sha256-js@5.2.0
209 silly packumentCache full:https://registry.npmjs.org/@aws-crypto%2fsha256-js cache-miss
210 http fetch GET 200 https://registry.npmjs.org/@smithy%2futil-stream 123ms (cache miss)
211 silly packumentCache full:https://registry.npmjs.org/@smithy%2futil-stream set size:undefined disposed:false
212 silly fetch manifest @smithy/protocol-http@^4.1.0
213 silly packumentCache full:https://registry.npmjs.org/@smithy%2fprotocol-http cache-miss
214 http fetch GET 200 https://registry.npmjs.org/@smithy%2futil-utf8 729ms (cache miss)
215 silly packumentCache full:https://registry.npmjs.org/@smithy%2futil-utf8 set size:undefined disposed:false
216 silly fetch manifest @smithy/smithy-client@^3.1.12
217 silly packumentCache full:https://registry.npmjs.org/@smithy%2fsmithy-client cache-miss
218 http fetch GET 200 https://registry.npmjs.org/@smithy%2futil-retry 341ms (cache miss)
219 silly packumentCache full:https://registry.npmjs.org/@smithy%2futil-retry set size:undefined disposed:false
220 silly fetch manifest @smithy/util-endpoints@^2.0.5
221 silly packumentCache full:https://registry.npmjs.org/@smithy%2futil-endpoints cache-miss
222 http fetch GET 200 https://registry.npmjs.org/@aws-crypto%2fsha256-js 161ms (cache miss)
223 silly packumentCache full:https://registry.npmjs.org/@aws-crypto%2fsha256-js set size:undefined disposed:false
224 silly fetch manifest @aws-sdk/util-endpoints@3.614.0
225 silly packumentCache full:https://registry.npmjs.org/@aws-sdk%2futil-endpoints cache-miss
226 http fetch GET 200 https://registry.npmjs.org/@smithy%2fsmithy-client 81ms (cache miss)
227 silly packumentCache full:https://registry.npmjs.org/@smithy%2fsmithy-client set size:undefined disposed:false
228 silly fetch manifest @smithy/config-resolver@^3.0.5
229 silly packumentCache full:https://registry.npmjs.org/@smithy%2fconfig-resolver cache-miss
230 http fetch GET 200 https://registry.npmjs.org/@smithy%2fconfig-resolver 126ms (cache miss)
231 silly packumentCache full:https://registry.npmjs.org/@smithy%2fconfig-resolver set size:undefined disposed:false
232 silly fetch manifest @smithy/util-middleware@^3.0.3
233 silly packumentCache full:https://registry.npmjs.org/@smithy%2futil-middleware cache-miss
234 http fetch GET 200 https://registry.npmjs.org/@smithy%2futil-endpoints 203ms (cache miss)
235 silly packumentCache full:https://registry.npmjs.org/@smithy%2futil-endpoints set size:undefined disposed:false
236 silly fetch manifest @aws-sdk/client-sso-oidc@3.624.0
237 silly packumentCache full:https://registry.npmjs.org/@aws-sdk%2fclient-sso-oidc cache-miss
238 http fetch GET 200 https://registry.npmjs.org/@aws-sdk%2futil-endpoints 211ms (cache miss)
239 silly packumentCache full:https://registry.npmjs.org/@aws-sdk%2futil-endpoints set size:undefined disposed:false
240 silly fetch manifest @smithy/middleware-retry@^3.0.14
241 silly packumentCache full:https://registry.npmjs.org/@smithy%2fmiddleware-retry cache-miss
242 http fetch GET 200 https://registry.npmjs.org/@smithy%2fprotocol-http 386ms (cache miss)
243 silly packumentCache full:https://registry.npmjs.org/@smithy%2fprotocol-http set size:undefined disposed:false
244 silly fetch manifest @smithy/middleware-serde@^3.0.3
245 silly packumentCache full:https://registry.npmjs.org/@smithy%2fmiddleware-serde cache-miss
246 http fetch GET 200 https://registry.npmjs.org/@smithy%2futil-middleware 86ms (cache miss)
247 silly packumentCache full:https://registry.npmjs.org/@smithy%2futil-middleware set size:undefined disposed:false
248 silly fetch manifest @smithy/middleware-stack@^3.0.3
249 silly packumentCache full:https://registry.npmjs.org/@smithy%2fmiddleware-stack cache-miss
250 http fetch GET 200 https://registry.npmjs.org/@smithy%2fcore 1266ms (cache miss)
251 silly packumentCache full:https://registry.npmjs.org/@smithy%2fcore set size:undefined disposed:false
252 silly fetch manifest @smithy/node-http-handler@^3.1.4
253 silly packumentCache full:https://registry.npmjs.org/@smithy%2fnode-http-handler cache-miss
254 http fetch GET 200 https://registry.npmjs.org/@smithy%2fmiddleware-serde 271ms (cache miss)
255 silly packumentCache full:https://registry.npmjs.org/@smithy%2fmiddleware-serde set size:undefined disposed:false
256 silly fetch manifest @aws-crypto/sha256-browser@5.2.0
257 silly packumentCache full:https://registry.npmjs.org/@aws-crypto%2fsha256-browser cache-miss
258 http fetch GET 200 https://registry.npmjs.org/@smithy%2fnode-http-handler 148ms (cache miss)
259 silly packumentCache full:https://registry.npmjs.org/@smithy%2fnode-http-handler set size:undefined disposed:false
260 silly fetch manifest @aws-sdk/middleware-logger@3.609.0
261 silly packumentCache full:https://registry.npmjs.org/@aws-sdk%2fmiddleware-logger cache-miss
262 http fetch GET 200 https://registry.npmjs.org/@aws-crypto%2fsha256-browser 152ms (cache miss)
263 silly packumentCache full:https://registry.npmjs.org/@aws-crypto%2fsha256-browser set size:undefined disposed:false
264 silly fetch manifest @smithy/fetch-http-handler@^3.2.4
265 silly packumentCache full:https://registry.npmjs.org/@smithy%2ffetch-http-handler cache-miss
266 http fetch GET 200 https://registry.npmjs.org/@smithy%2fmiddleware-retry 460ms (cache miss)
267 silly packumentCache full:https://registry.npmjs.org/@smithy%2fmiddleware-retry set size:undefined disposed:false
268 silly fetch manifest @smithy/invalid-dependency@^3.0.3
269 silly packumentCache full:https://registry.npmjs.org/@smithy%2finvalid-dependency cache-miss
270 http fetch GET 200 https://registry.npmjs.org/@smithy%2fmiddleware-stack 441ms (cache miss)
271 silly packumentCache full:https://registry.npmjs.org/@smithy%2fmiddleware-stack set size:undefined disposed:false
272 silly fetch manifest @smithy/middleware-endpoint@^3.1.0
273 silly packumentCache full:https://registry.npmjs.org/@smithy%2fmiddleware-endpoint cache-miss
274 http fetch GET 200 https://registry.npmjs.org/@smithy%2ffetch-http-handler 119ms (cache miss)
275 silly packumentCache full:https://registry.npmjs.org/@smithy%2ffetch-http-handler set size:undefined disposed:false
276 silly fetch manifest @smithy/node-config-provider@^3.1.4
277 silly packumentCache full:https://registry.npmjs.org/@smithy%2fnode-config-provider cache-miss
278 http fetch GET 200 https://registry.npmjs.org/@smithy%2finvalid-dependency 140ms (cache miss)
279 silly packumentCache full:https://registry.npmjs.org/@smithy%2finvalid-dependency set size:undefined disposed:false
280 silly fetch manifest @aws-sdk/util-user-agent-node@3.614.0
281 silly packumentCache full:https://registry.npmjs.org/@aws-sdk%2futil-user-agent-node cache-miss
282 http fetch GET 200 https://registry.npmjs.org/@aws-sdk%2fmiddleware-logger 284ms (cache miss)
283 silly packumentCache full:https://registry.npmjs.org/@aws-sdk%2fmiddleware-logger set size:undefined disposed:false
284 silly fetch manifest @smithy/util-body-length-node@^3.0.0
285 silly packumentCache full:https://registry.npmjs.org/@smithy%2futil-body-length-node cache-miss
286 http fetch GET 200 https://registry.npmjs.org/@smithy%2fnode-config-provider 177ms (cache miss)
287 silly packumentCache full:https://registry.npmjs.org/@smithy%2fnode-config-provider set size:undefined disposed:false
288 silly fetch manifest @aws-sdk/middleware-user-agent@3.620.0
289 silly packumentCache full:https://registry.npmjs.org/@aws-sdk%2fmiddleware-user-agent cache-miss
290 http fetch GET 200 https://registry.npmjs.org/@aws-sdk%2futil-user-agent-node 173ms (cache miss)
291 silly packumentCache full:https://registry.npmjs.org/@aws-sdk%2futil-user-agent-node set size:undefined disposed:false
292 silly fetch manifest @aws-sdk/middleware-host-header@3.620.0
293 silly packumentCache full:https://registry.npmjs.org/@aws-sdk%2fmiddleware-host-header cache-miss
294 http fetch GET 200 https://registry.npmjs.org/@smithy%2futil-body-length-node 92ms (cache miss)
295 silly packumentCache full:https://registry.npmjs.org/@smithy%2futil-body-length-node set size:undefined disposed:false
296 silly fetch manifest @aws-sdk/region-config-resolver@3.614.0
297 silly packumentCache full:https://registry.npmjs.org/@aws-sdk%2fregion-config-resolver cache-miss
298 http fetch GET 200 https://registry.npmjs.org/@smithy%2fmiddleware-endpoint 376ms (cache miss)
299 silly packumentCache full:https://registry.npmjs.org/@smithy%2fmiddleware-endpoint set size:undefined disposed:false
300 silly fetch manifest @smithy/util-defaults-mode-node@^3.0.14
301 silly packumentCache full:https://registry.npmjs.org/@smithy%2futil-defaults-mode-node cache-miss
302 http fetch GET 200 https://registry.npmjs.org/@aws-sdk%2fmiddleware-host-header 150ms (cache miss)
303 silly packumentCache full:https://registry.npmjs.org/@aws-sdk%2fmiddleware-host-header set size:undefined disposed:false
304 silly fetch manifest @aws-sdk/util-user-agent-browser@3.609.0
305 silly packumentCache full:https://registry.npmjs.org/@aws-sdk%2futil-user-agent-browser cache-miss
306 http fetch GET 200 https://registry.npmjs.org/@aws-sdk%2fclient-sso-oidc 1051ms (cache miss)
307 silly packumentCache full:https://registry.npmjs.org/@aws-sdk%2fclient-sso-oidc set size:undefined disposed:false
308 silly fetch manifest @smithy/util-body-length-browser@^3.0.0
309 silly packumentCache full:https://registry.npmjs.org/@smithy%2futil-body-length-browser cache-miss
310 http fetch GET 200 https://registry.npmjs.org/@aws-sdk%2fregion-config-resolver 244ms (cache miss)
311 silly packumentCache full:https://registry.npmjs.org/@aws-sdk%2fregion-config-resolver set size:undefined disposed:false
312 silly fetch manifest @aws-sdk/credential-provider-node@3.624.0
313 silly packumentCache full:https://registry.npmjs.org/@aws-sdk%2fcredential-provider-node cache-miss
314 http fetch GET 200 https://registry.npmjs.org/@aws-sdk%2fmiddleware-user-agent 347ms (cache miss)
315 silly packumentCache full:https://registry.npmjs.org/@aws-sdk%2fmiddleware-user-agent set size:undefined disposed:false
316 silly fetch manifest @smithy/middleware-content-length@^3.0.5
317 silly packumentCache full:https://registry.npmjs.org/@smithy%2fmiddleware-content-length cache-miss
318 http fetch GET 200 https://registry.npmjs.org/@smithy%2futil-body-length-browser 87ms (cache miss)
319 silly packumentCache full:https://registry.npmjs.org/@smithy%2futil-body-length-browser set size:undefined disposed:false
320 silly fetch manifest @smithy/util-defaults-mode-browser@^3.0.14
321 silly packumentCache full:https://registry.npmjs.org/@smithy%2futil-defaults-mode-browser cache-miss
322 http fetch GET 200 https://registry.npmjs.org/@smithy%2futil-defaults-mode-browser 184ms (cache miss)
323 silly packumentCache full:https://registry.npmjs.org/@smithy%2futil-defaults-mode-browser set size:undefined disposed:false
324 silly fetch manifest @aws-sdk/middleware-recursion-detection@3.620.0
325 silly packumentCache full:https://registry.npmjs.org/@aws-sdk%2fmiddleware-recursion-detection cache-miss
326 http fetch GET 200 https://registry.npmjs.org/@smithy%2futil-defaults-mode-node 544ms (cache miss)
327 silly packumentCache full:https://registry.npmjs.org/@smithy%2futil-defaults-mode-node set size:undefined disposed:false
328 silly fetch manifest @smithy/core@^2.4.0
329 silly packumentCache full:https://registry.npmjs.org/@smithy%2fcore cache-miss
330 http cache https://registry.npmjs.org/@smithy%2fcore 26ms (cache hit)
331 silly packumentCache full:https://registry.npmjs.org/@smithy%2fcore set size:567413 disposed:false
332 silly fetch manifest @aws-sdk/core@3.635.0
333 silly packumentCache full:https://registry.npmjs.org/@aws-sdk%2fcore cache-miss
334 http fetch GET 200 https://registry.npmjs.org/@aws-sdk%2fmiddleware-recursion-detection 163ms (cache miss)
335 silly packumentCache full:https://registry.npmjs.org/@aws-sdk%2fmiddleware-recursion-detection set size:undefined disposed:false
336 silly fetch manifest @smithy/md5-js@^3.0.3
337 silly packumentCache full:https://registry.npmjs.org/@smithy%2fmd5-js cache-miss
338 http fetch GET 200 https://registry.npmjs.org/@smithy%2fmiddleware-content-length 518ms (cache miss)
339 silly packumentCache full:https://registry.npmjs.org/@smithy%2fmiddleware-content-length set size:undefined disposed:false
340 silly fetch manifest @aws-sdk/client-sts@3.635.0
341 silly packumentCache full:https://registry.npmjs.org/@aws-sdk%2fclient-sts cache-miss
342 http fetch GET 200 https://registry.npmjs.org/@aws-sdk%2fcore 215ms (cache miss)
343 silly packumentCache full:https://registry.npmjs.org/@aws-sdk%2fcore set size:undefined disposed:false
344 silly fetch manifest @smithy/util-waiter@^3.1.2
345 silly packumentCache full:https://registry.npmjs.org/@smithy%2futil-waiter cache-miss
346 http fetch GET 200 https://registry.npmjs.org/@aws-sdk%2fclient-sts 196ms (cache miss)
347 silly packumentCache full:https://registry.npmjs.org/@aws-sdk%2fclient-sts set size:undefined disposed:false
348 silly fetch manifest @aws-sdk/xml-builder@3.609.0
349 silly packumentCache full:https://registry.npmjs.org/@aws-sdk%2fxml-builder cache-miss
350 http fetch GET 200 https://registry.npmjs.org/@aws-sdk%2futil-user-agent-browser 926ms (cache miss)
351 silly packumentCache full:https://registry.npmjs.org/@aws-sdk%2futil-user-agent-browser set size:undefined disposed:false
352 silly fetch manifest @smithy/smithy-client@^3.2.0
353 silly packumentCache full:https://registry.npmjs.org/@smithy%2fsmithy-client cache-miss
354 http cache https://registry.npmjs.org/@smithy%2fsmithy-client 12ms (cache hit)
355 silly packumentCache full:https://registry.npmjs.org/@smithy%2fsmithy-client set size:544216 disposed:false
356 silly fetch manifest @aws-sdk/util-endpoints@3.632.0
357 silly packumentCache full:https://registry.npmjs.org/@aws-sdk%2futil-endpoints cache-miss
358 http cache https://registry.npmjs.org/@aws-sdk%2futil-endpoints 9ms (cache hit)
359 silly packumentCache full:https://registry.npmjs.org/@aws-sdk%2futil-endpoints set size:548135 disposed:false
360 silly fetch manifest @aws-crypto/sha1-browser@5.2.0
361 silly packumentCache full:https://registry.npmjs.org/@aws-crypto%2fsha1-browser cache-miss
362 http fetch GET 200 https://registry.npmjs.org/@aws-sdk%2fxml-builder 177ms (cache miss)
363 silly packumentCache full:https://registry.npmjs.org/@aws-sdk%2fxml-builder set size:undefined disposed:false
364 silly fetch manifest @aws-sdk/client-sso-oidc@3.635.0
365 silly packumentCache full:https://registry.npmjs.org/@aws-sdk%2fclient-sso-oidc cache-miss
366 http fetch GET 200 https://registry.npmjs.org/@smithy%2futil-waiter 382ms (cache miss)
367 silly packumentCache full:https://registry.npmjs.org/@smithy%2futil-waiter set size:undefined disposed:false
368 silly fetch manifest @aws-sdk/middleware-ssec@3.609.0
369 silly packumentCache full:https://registry.npmjs.org/@aws-sdk%2fmiddleware-ssec cache-miss
370 http cache https://registry.npmjs.org/@aws-sdk%2fclient-sso-oidc 39ms (cache hit)
371 silly packumentCache full:https://registry.npmjs.org/@aws-sdk%2fclient-sso-oidc set size:2556043 disposed:false
372 silly fetch manifest @smithy/hash-stream-node@^3.1.2
373 silly packumentCache full:https://registry.npmjs.org/@smithy%2fhash-stream-node cache-miss
374 http fetch GET 200 https://registry.npmjs.org/@smithy%2fmd5-js 690ms (cache miss)
375 silly packumentCache full:https://registry.npmjs.org/@smithy%2fmd5-js set size:undefined disposed:false
376 silly fetch manifest @smithy/middleware-retry@^3.0.15
377 silly packumentCache full:https://registry.npmjs.org/@smithy%2fmiddleware-retry cache-miss
378 http cache https://registry.npmjs.org/@smithy%2fmiddleware-retry 17ms (cache hit)
379 silly packumentCache full:https://registry.npmjs.org/@smithy%2fmiddleware-retry set size:642073 disposed:false
380 silly fetch manifest @smithy/hash-blob-browser@^3.1.2
381 silly packumentCache full:https://registry.npmjs.org/@smithy%2fhash-blob-browser cache-miss
382 http fetch GET 200 https://registry.npmjs.org/@aws-crypto%2fsha1-browser 373ms (cache miss)
383 silly packumentCache full:https://registry.npmjs.org/@aws-crypto%2fsha1-browser set size:undefined disposed:false
384 silly fetch manifest @aws-sdk/middleware-sdk-s3@3.635.0
385 silly packumentCache full:https://registry.npmjs.org/@aws-sdk%2fmiddleware-sdk-s3 cache-miss
386 http fetch GET 200 https://registry.npmjs.org/@smithy%2fhash-stream-node 409ms (cache miss)
387 silly packumentCache full:https://registry.npmjs.org/@smithy%2fhash-stream-node set size:undefined disposed:false
388 silly fetch manifest @aws-sdk/middleware-user-agent@3.632.0
389 silly packumentCache full:https://registry.npmjs.org/@aws-sdk%2fmiddleware-user-agent cache-miss
390 http cache https://registry.npmjs.org/@aws-sdk%2fmiddleware-user-agent 21ms (cache hit)
391 silly packumentCache full:https://registry.npmjs.org/@aws-sdk%2fmiddleware-user-agent set size:1026563 disposed:false
392 silly fetch manifest @smithy/eventstream-serde-node@^3.0.5
393 silly packumentCache full:https://registry.npmjs.org/@smithy%2feventstream-serde-node cache-miss
394 http fetch GET 200 https://registry.npmjs.org/@smithy%2fhash-blob-browser 441ms (cache miss)
395 silly packumentCache full:https://registry.npmjs.org/@smithy%2fhash-blob-browser set size:undefined disposed:false
396 silly fetch manifest @smithy/util-defaults-mode-node@^3.0.15
397 silly packumentCache full:https://registry.npmjs.org/@smithy%2futil-defaults-mode-node cache-miss
398 http cache https://registry.npmjs.org/@smithy%2futil-defaults-mode-node 33ms (cache hit)
399 silly packumentCache full:https://registry.npmjs.org/@smithy%2futil-defaults-mode-node set size:582600 disposed:false
400 silly fetch manifest @aws-sdk/credential-provider-node@3.635.0
401 silly packumentCache full:https://registry.npmjs.org/@aws-sdk%2fcredential-provider-node cache-miss
402 http fetch GET 200 https://registry.npmjs.org/@smithy%2feventstream-serde-node 157ms (cache miss)
403 silly packumentCache full:https://registry.npmjs.org/@smithy%2feventstream-serde-node set size:undefined disposed:false
404 silly fetch manifest @smithy/eventstream-serde-browser@^3.0.6
405 silly packumentCache full:https://registry.npmjs.org/@smithy%2feventstream-serde-browser cache-miss
406 http fetch GET 200 https://registry.npmjs.org/@aws-sdk%2fmiddleware-sdk-s3 700ms (cache miss)
407 silly packumentCache full:https://registry.npmjs.org/@aws-sdk%2fmiddleware-sdk-s3 set size:undefined disposed:false
408 silly fetch manifest @aws-sdk/signature-v4-multi-region@3.635.0
409 silly packumentCache full:https://registry.npmjs.org/@aws-sdk%2fsignature-v4-multi-region cache-miss
410 http fetch GET 200 https://registry.npmjs.org/@smithy%2feventstream-serde-browser 274ms (cache miss)
411 silly packumentCache full:https://registry.npmjs.org/@smithy%2feventstream-serde-browser set size:undefined disposed:false
412 silly fetch manifest @smithy/util-defaults-mode-browser@^3.0.15
413 silly packumentCache full:https://registry.npmjs.org/@smithy%2futil-defaults-mode-browser cache-miss
414 http cache https://registry.npmjs.org/@smithy%2futil-defaults-mode-browser 39ms (cache hit)
415 silly packumentCache full:https://registry.npmjs.org/@smithy%2futil-defaults-mode-browser set size:528756 disposed:false
416 silly fetch manifest @aws-sdk/middleware-bucket-endpoint@3.620.0
417 silly packumentCache full:https://registry.npmjs.org/@aws-sdk%2fmiddleware-bucket-endpoint cache-miss
418 http fetch GET 200 https://registry.npmjs.org/@aws-sdk%2fmiddleware-ssec 1069ms (cache miss)
419 silly packumentCache full:https://registry.npmjs.org/@aws-sdk%2fmiddleware-ssec set size:undefined disposed:false
420 silly fetch manifest @aws-sdk/middleware-expect-continue@3.620.0
421 silly packumentCache full:https://registry.npmjs.org/@aws-sdk%2fmiddleware-expect-continue cache-miss
422 http fetch GET 200 https://registry.npmjs.org/@aws-sdk%2fsignature-v4-multi-region 148ms (cache miss)
423 silly packumentCache full:https://registry.npmjs.org/@aws-sdk%2fsignature-v4-multi-region set size:undefined disposed:false
424 silly fetch manifest @aws-sdk/middleware-flexible-checksums@3.620.0
425 silly packumentCache full:https://registry.npmjs.org/@aws-sdk%2fmiddleware-flexible-checksums cache-miss
426 http fetch GET 200 https://registry.npmjs.org/@aws-sdk%2fcredential-provider-node 565ms (cache miss)
427 silly packumentCache full:https://registry.npmjs.org/@aws-sdk%2fcredential-provider-node set size:undefined disposed:false
428 silly fetch manifest @aws-sdk/middleware-location-constraint@3.609.0
429 silly packumentCache full:https://registry.npmjs.org/@aws-sdk%2fmiddleware-location-constraint cache-miss
430 http fetch GET 200 https://registry.npmjs.org/@aws-sdk%2fmiddleware-location-constraint 358ms (cache miss)
431 silly packumentCache full:https://registry.npmjs.org/@aws-sdk%2fmiddleware-location-constraint set size:undefined disposed:false
432 silly fetch manifest @smithy/eventstream-serde-config-resolver@^3.0.3
433 silly packumentCache full:https://registry.npmjs.org/@smithy%2feventstream-serde-config-resolver cache-miss
434 http fetch GET 200 https://registry.npmjs.org/@aws-sdk%2fmiddleware-flexible-checksums 674ms (cache miss)
435 silly packumentCache full:https://registry.npmjs.org/@aws-sdk%2fmiddleware-flexible-checksums set size:undefined disposed:false
436 silly fetch manifest uuid@^9.0.1
437 silly packumentCache full:https://registry.npmjs.org/uuid cache-miss
438 http fetch GET 200 https://registry.npmjs.org/@smithy%2feventstream-serde-config-resolver 155ms (cache miss)
439 silly packumentCache full:https://registry.npmjs.org/@smithy%2feventstream-serde-config-resolver set size:undefined disposed:false
440 silly fetch manifest @aws-sdk/core@3.624.0
441 silly packumentCache full:https://registry.npmjs.org/@aws-sdk%2fcore cache-miss
442 http cache https://registry.npmjs.org/@aws-sdk%2fcore 16ms (cache hit)
443 silly packumentCache full:https://registry.npmjs.org/@aws-sdk%2fcore set size:771673 disposed:false
444 silly fetch manifest @aws-sdk/client-sts@3.624.0
445 silly packumentCache full:https://registry.npmjs.org/@aws-sdk%2fclient-sts cache-miss
446 http fetch GET 200 https://registry.npmjs.org/@aws-sdk%2fmiddleware-bucket-endpoint 827ms (cache miss)
447 silly packumentCache full:https://registry.npmjs.org/@aws-sdk%2fmiddleware-bucket-endpoint set size:undefined disposed:false
448 silly fetch manifest @aws-sdk/credential-provider-node@3.624.0
449 silly packumentCache full:https://registry.npmjs.org/@aws-sdk%2fcredential-provider-node cache-miss
450 http cache https://registry.npmjs.org/@aws-sdk%2fclient-sts 34ms (cache hit)
451 silly packumentCache full:https://registry.npmjs.org/@aws-sdk%2fclient-sts set size:2681054 disposed:false
452 silly fetch manifest tslib@^2.0.0
453 silly packumentCache full:https://registry.npmjs.org/tslib cache-miss
454 http cache https://registry.npmjs.org/tslib 33ms (cache hit)
455 silly packumentCache full:https://registry.npmjs.org/tslib set size:108760 disposed:false
456 silly fetch manifest base64-js@^1.3.1
457 silly packumentCache full:https://registry.npmjs.org/base64-js cache-miss
458 http cache https://registry.npmjs.org/@aws-sdk%2fcredential-provider-node 75ms (cache hit)
459 silly packumentCache full:https://registry.npmjs.org/@aws-sdk%2fcredential-provider-node set size:1809450 disposed:false
460 silly fetch manifest ieee754@^1.2.1
461 silly packumentCache full:https://registry.npmjs.org/ieee754 cache-miss
462 http fetch GET 200 https://registry.npmjs.org/uuid 167ms (cache miss)
463 silly packumentCache full:https://registry.npmjs.org/uuid set size:undefined disposed:false
464 silly fetch manifest nofilter@^1.0.3
465 silly packumentCache full:https://registry.npmjs.org/nofilter cache-miss
466 http fetch GET 200 https://registry.npmjs.org/ieee754 110ms (cache miss)
467 silly packumentCache full:https://registry.npmjs.org/ieee754 set size:undefined disposed:false
468 silly fetch manifest bignumber.js@^9.0.0
469 silly packumentCache full:https://registry.npmjs.org/bignumber.js cache-miss
470 http fetch GET 200 https://registry.npmjs.org/base64-js 140ms (cache miss)
471 silly packumentCache full:https://registry.npmjs.org/base64-js set size:undefined disposed:false
472 silly fetch manifest colors@^1.1.2
473 silly packumentCache full:https://registry.npmjs.org/colors cache-miss
474 http fetch GET 200 https://registry.npmjs.org/@aws-sdk%2fclient-sts 4800ms (cache miss)
475 silly packumentCache full:https://registry.npmjs.org/@aws-sdk%2fclient-sts set size:undefined disposed:false
476 silly fetch manifest string-width@^4.2.0
477 silly packumentCache full:https://registry.npmjs.org/string-width cache-miss
478 http fetch GET 200 https://registry.npmjs.org/bignumber.js 130ms (cache miss)
479 silly packumentCache full:https://registry.npmjs.org/bignumber.js set size:undefined disposed:false
480 silly fetch manifest qs@6.13.0
481 silly packumentCache full:https://registry.npmjs.org/qs cache-miss
482 http fetch GET 200 https://registry.npmjs.org/qs 89ms (cache miss)
483 silly packumentCache full:https://registry.npmjs.org/qs set size:undefined disposed:false
484 silly fetch manifest depd@2.0.0
485 silly packumentCache full:https://registry.npmjs.org/depd cache-miss
486 http fetch GET 200 https://registry.npmjs.org/string-width 162ms (cache miss)
487 silly packumentCache full:https://registry.npmjs.org/string-width set size:undefined disposed:false
488 silly fetch manifest etag@~1.8.1
489 silly packumentCache full:https://registry.npmjs.org/etag cache-miss
490 http fetch GET 200 https://registry.npmjs.org/nofilter 397ms (cache miss)
491 silly packumentCache full:https://registry.npmjs.org/nofilter set size:undefined disposed:false
492 silly fetch manifest send@0.19.0
493 silly packumentCache full:https://registry.npmjs.org/send cache-miss
494 http fetch GET 200 https://registry.npmjs.org/depd 83ms (cache miss)
495 silly packumentCache full:https://registry.npmjs.org/depd set size:undefined disposed:false
496 silly fetch manifest vary@~1.1.2
497 silly packumentCache full:https://registry.npmjs.org/vary cache-miss
498 http fetch GET 200 https://registry.npmjs.org/etag 69ms (cache miss)
499 silly packumentCache full:https://registry.npmjs.org/etag set size:undefined disposed:false
500 silly fetch manifest debug@2.6.9
501 silly packumentCache full:https://registry.npmjs.org/debug cache-miss
502 http fetch GET 200 https://registry.npmjs.org/vary 73ms (cache miss)
503 silly packumentCache full:https://registry.npmjs.org/vary set size:undefined disposed:false
504 silly fetch manifest fresh@0.5.2
505 silly packumentCache full:https://registry.npmjs.org/fresh cache-miss
506 http fetch GET 200 https://registry.npmjs.org/fresh 66ms (cache miss)
507 silly packumentCache full:https://registry.npmjs.org/fresh set size:undefined disposed:false
508 silly fetch manifest cookie@0.7.1
509 silly packumentCache full:https://registry.npmjs.org/cookie cache-miss
510 http fetch GET 200 https://registry.npmjs.org/@aws-sdk%2fmiddleware-expect-continue 1505ms (cache miss)
511 silly packumentCache full:https://registry.npmjs.org/@aws-sdk%2fmiddleware-expect-continue set size:undefined disposed:false
512 silly fetch manifest accepts@~1.3.8
513 silly packumentCache full:https://registry.npmjs.org/accepts cache-miss
514 http fetch GET 200 https://registry.npmjs.org/debug 164ms (cache miss)
515 silly packumentCache full:https://registry.npmjs.org/debug set size:undefined disposed:false
516 silly fetch manifest methods@~1.1.2
517 silly packumentCache full:https://registry.npmjs.org/methods cache-miss
518 http fetch GET 200 https://registry.npmjs.org/accepts 85ms (cache miss)
519 silly packumentCache full:https://registry.npmjs.org/accepts set size:undefined disposed:false
520 silly fetch manifest type-is@~1.6.18
521 silly packumentCache full:https://registry.npmjs.org/type-is cache-miss
522 http fetch GET 200 https://registry.npmjs.org/type-is 105ms (cache miss)
523 silly packumentCache full:https://registry.npmjs.org/type-is set size:undefined disposed:false
524 silly fetch manifest parseurl@~1.3.3
525 silly packumentCache full:https://registry.npmjs.org/parseurl cache-miss
526 http fetch GET 200 https://registry.npmjs.org/parseurl 72ms (cache miss)
527 silly packumentCache full:https://registry.npmjs.org/parseurl set size:undefined disposed:false
528 silly fetch manifest statuses@2.0.1
529 silly packumentCache full:https://registry.npmjs.org/statuses cache-miss
530 http fetch GET 200 https://registry.npmjs.org/methods 301ms (cache miss)
531 silly packumentCache full:https://registry.npmjs.org/methods set size:undefined disposed:false
532 silly fetch manifest encodeurl@~2.0.0
533 silly packumentCache full:https://registry.npmjs.org/encodeurl cache-miss
534 http fetch GET 200 https://registry.npmjs.org/encodeurl 62ms (cache miss)
535 silly packumentCache full:https://registry.npmjs.org/encodeurl set size:undefined disposed:false
536 silly fetch manifest proxy-addr@~2.0.7
537 silly packumentCache full:https://registry.npmjs.org/proxy-addr cache-miss
538 http fetch GET 200 https://registry.npmjs.org/cookie 447ms (cache miss)
539 silly packumentCache full:https://registry.npmjs.org/cookie set size:undefined disposed:false
540 silly fetch manifest body-parser@1.20.3
541 silly packumentCache full:https://registry.npmjs.org/body-parser cache-miss
542 http fetch GET 200 https://registry.npmjs.org/body-parser 83ms (cache miss)
543 silly packumentCache full:https://registry.npmjs.org/body-parser set size:undefined disposed:false
544 silly fetch manifest escape-html@~1.0.3
545 silly packumentCache full:https://registry.npmjs.org/escape-html cache-miss
546 http fetch GET 200 https://registry.npmjs.org/proxy-addr 134ms (cache miss)
547 silly packumentCache full:https://registry.npmjs.org/proxy-addr set size:undefined disposed:false
548 silly fetch manifest http-errors@2.0.0
549 silly packumentCache full:https://registry.npmjs.org/http-errors cache-miss
550 http fetch GET 200 https://registry.npmjs.org/http-errors 171ms (cache miss)
551 silly packumentCache full:https://registry.npmjs.org/http-errors set size:undefined disposed:false
552 silly fetch manifest on-finished@2.4.1
553 silly packumentCache full:https://registry.npmjs.org/on-finished cache-miss
554 http fetch GET 200 https://registry.npmjs.org/escape-html 205ms (cache miss)
555 silly packumentCache full:https://registry.npmjs.org/escape-html set size:undefined disposed:false
556 silly fetch manifest safe-buffer@5.2.1
557 silly packumentCache full:https://registry.npmjs.org/safe-buffer cache-miss
558 http fetch GET 200 https://registry.npmjs.org/colors 1228ms (cache miss)
559 silly packumentCache full:https://registry.npmjs.org/colors set size:undefined disposed:false
560 silly fetch manifest utils-merge@1.0.1
561 silly packumentCache full:https://registry.npmjs.org/utils-merge cache-miss
562 http fetch GET 200 https://registry.npmjs.org/statuses 476ms (cache miss)
563 silly packumentCache full:https://registry.npmjs.org/statuses set size:undefined disposed:false
564 silly fetch manifest content-type@~1.0.4
565 silly packumentCache full:https://registry.npmjs.org/content-type cache-miss
566 http fetch GET 200 https://registry.npmjs.org/@aws-sdk%2fcredential-provider-node 4362ms (cache miss)
567 silly packumentCache full:https://registry.npmjs.org/@aws-sdk%2fcredential-provider-node set size:undefined disposed:false
568 silly fetch manifest finalhandler@1.3.1
569 silly packumentCache full:https://registry.npmjs.org/finalhandler cache-miss
570 http fetch GET 200 https://registry.npmjs.org/safe-buffer 143ms (cache miss)
571 silly packumentCache full:https://registry.npmjs.org/safe-buffer set size:undefined disposed:false
572 silly fetch manifest range-parser@~1.2.1
573 silly packumentCache full:https://registry.npmjs.org/range-parser cache-miss
574 http fetch GET 200 https://registry.npmjs.org/send 1061ms (cache miss)
575 silly packumentCache full:https://registry.npmjs.org/send set size:undefined disposed:false
576 silly fetch manifest serve-static@1.16.2
577 silly packumentCache full:https://registry.npmjs.org/serve-static cache-miss
578 http fetch GET 200 https://registry.npmjs.org/on-finished 174ms (cache miss)
579 silly packumentCache full:https://registry.npmjs.org/on-finished set size:undefined disposed:false
580 silly fetch manifest array-flatten@1.1.1
581 silly packumentCache full:https://registry.npmjs.org/array-flatten cache-miss
582 http fetch GET 200 https://registry.npmjs.org/utils-merge 150ms (cache miss)
583 silly packumentCache full:https://registry.npmjs.org/utils-merge set size:undefined disposed:false
584 silly fetch manifest path-to-regexp@0.1.12
585 silly packumentCache full:https://registry.npmjs.org/path-to-regexp cache-miss
586 http fetch GET 200 https://registry.npmjs.org/content-type 212ms (cache miss)
587 silly packumentCache full:https://registry.npmjs.org/content-type set size:undefined disposed:false
588 silly fetch manifest setprototypeof@1.2.0
589 silly packumentCache full:https://registry.npmjs.org/setprototypeof cache-miss
590 http fetch GET 200 https://registry.npmjs.org/finalhandler 154ms (cache miss)
591 silly packumentCache full:https://registry.npmjs.org/finalhandler set size:undefined disposed:false
592 silly fetch manifest cookie-signature@1.0.6
593 silly packumentCache full:https://registry.npmjs.org/cookie-signature cache-miss
594 http fetch GET 200 https://registry.npmjs.org/range-parser 150ms (cache miss)
595 silly packumentCache full:https://registry.npmjs.org/range-parser set size:undefined disposed:false
596 silly fetch manifest merge-descriptors@1.0.3
597 silly packumentCache full:https://registry.npmjs.org/merge-descriptors cache-miss
598 http fetch GET 200 https://registry.npmjs.org/serve-static 151ms (cache miss)
599 silly packumentCache full:https://registry.npmjs.org/serve-static set size:undefined disposed:false
600 silly fetch manifest content-disposition@0.5.4
601 silly packumentCache full:https://registry.npmjs.org/content-disposition cache-miss
602 http fetch GET 200 https://registry.npmjs.org/setprototypeof 141ms (cache miss)
603 silly packumentCache full:https://registry.npmjs.org/setprototypeof set size:undefined disposed:false
604 silly fetch manifest queue@6.0.2
605 silly packumentCache full:https://registry.npmjs.org/queue cache-miss
606 http fetch GET 200 https://registry.npmjs.org/content-disposition 92ms (cache miss)
607 silly packumentCache full:https://registry.npmjs.org/content-disposition set size:undefined disposed:false
608 silly fetch manifest rxjs@^6.4.0
609 silly packumentCache full:https://registry.npmjs.org/rxjs cache-miss
610 http fetch GET 200 https://registry.npmjs.org/merge-descriptors 127ms (cache miss)
611 silly packumentCache full:https://registry.npmjs.org/merge-descriptors set size:undefined disposed:false
612 silly fetch manifest chalk@^2.4.2
613 silly packumentCache full:https://registry.npmjs.org/chalk cache-miss
614 http fetch GET 200 https://registry.npmjs.org/cookie-signature 189ms (cache miss)
615 silly packumentCache full:https://registry.npmjs.org/cookie-signature set size:undefined disposed:false
616 silly fetch manifest lodash@^4.17.15
617 silly packumentCache full:https://registry.npmjs.org/lodash cache-miss
618 http fetch GET 200 https://registry.npmjs.org/lodash 254ms (cache miss)
619 silly packumentCache full:https://registry.npmjs.org/lodash set size:undefined disposed:false
620 silly fetch manifest figures@^3.0.0
621 silly packumentCache full:https://registry.npmjs.org/figures cache-miss
622 http fetch GET 200 https://registry.npmjs.org/figures 83ms (cache miss)
623 silly packumentCache full:https://registry.npmjs.org/figures set size:undefined disposed:false
624 silly fetch manifest through@^2.3.6
625 silly packumentCache full:https://registry.npmjs.org/through cache-miss
626 http fetch GET 200 https://registry.npmjs.org/through 91ms (cache miss)
627 silly packumentCache full:https://registry.npmjs.org/through set size:undefined disposed:false
628 silly fetch manifest cli-width@^2.0.0
629 silly packumentCache full:https://registry.npmjs.org/cli-width cache-miss
630 http fetch GET 200 https://registry.npmjs.org/array-flatten 750ms (cache miss)
631 silly packumentCache full:https://registry.npmjs.org/array-flatten set size:undefined disposed:false
632 silly fetch manifest run-async@^2.2.0
633 silly packumentCache full:https://registry.npmjs.org/run-async cache-miss
634 http fetch GET 200 https://registry.npmjs.org/run-async 81ms (cache miss)
635 silly packumentCache full:https://registry.npmjs.org/run-async set size:undefined disposed:false
636 silly fetch manifest cli-cursor@^3.1.0
637 silly packumentCache full:https://registry.npmjs.org/cli-cursor cache-miss
638 http fetch GET 200 https://registry.npmjs.org/cli-width 117ms (cache miss)
639 silly packumentCache full:https://registry.npmjs.org/cli-width set size:undefined disposed:false
640 silly fetch manifest strip-ansi@^5.1.0
641 silly packumentCache full:https://registry.npmjs.org/strip-ansi cache-miss
642 http fetch GET 200 https://registry.npmjs.org/rxjs 690ms (cache miss)
643 silly packumentCache full:https://registry.npmjs.org/rxjs set size:undefined disposed:false
644 silly fetch manifest mute-stream@0.0.8
645 silly packumentCache full:https://registry.npmjs.org/mute-stream cache-miss
646 http fetch GET 200 https://registry.npmjs.org/path-to-regexp 965ms (cache miss)
647 silly packumentCache full:https://registry.npmjs.org/path-to-regexp set size:undefined disposed:false
648 silly fetch manifest ansi-escapes@^4.2.1
649 silly packumentCache full:https://registry.npmjs.org/ansi-escapes cache-miss
650 http fetch GET 200 https://registry.npmjs.org/queue 768ms (cache miss)
651 silly packumentCache full:https://registry.npmjs.org/queue set size:undefined disposed:false
652 silly fetch manifest string-width@^4.1.0
653 silly packumentCache full:https://registry.npmjs.org/string-width cache-miss
654 http cache https://registry.npmjs.org/string-width 18ms (cache hit)
655 silly packumentCache full:https://registry.npmjs.org/string-width set size:68305 disposed:false
656 silly fetch manifest external-editor@^3.0.3
657 silly packumentCache full:https://registry.npmjs.org/external-editor cache-miss
658 http fetch GET 200 https://registry.npmjs.org/strip-ansi 172ms (cache miss)
659 silly packumentCache full:https://registry.npmjs.org/strip-ansi set size:undefined disposed:false
660 silly fetch manifest chalk@^2.3.0
661 silly packumentCache full:https://registry.npmjs.org/chalk cache-miss
662 http fetch GET 200 https://registry.npmjs.org/mute-stream 105ms (cache miss)
663 silly packumentCache full:https://registry.npmjs.org/mute-stream set size:undefined disposed:false
664 silly fetch manifest figures@^2.0.0
665 silly packumentCache full:https://registry.npmjs.org/figures cache-miss
666 http cache https://registry.npmjs.org/figures 6ms (cache hit)
667 silly packumentCache full:https://registry.npmjs.org/figures set size:64597 disposed:false
668 silly fetch manifest fuzzy@^0.1.3
669 silly packumentCache full:https://registry.npmjs.org/fuzzy cache-miss
670 http fetch GET 200 https://registry.npmjs.org/external-editor 77ms (cache miss)
671 silly packumentCache full:https://registry.npmjs.org/external-editor set size:undefined disposed:false
672 silly fetch manifest inquirer@^3.3.0
673 silly packumentCache full:https://registry.npmjs.org/inquirer cache-miss
674 http cache https://registry.npmjs.org/inquirer 7ms (cache hit)
675 silly packumentCache full:https://registry.npmjs.org/inquirer set size:611775 disposed:false
676 silly fetch manifest argparse@^2.0.1
677 silly packumentCache full:https://registry.npmjs.org/argparse cache-miss
678 http fetch GET 200 https://registry.npmjs.org/ansi-escapes 150ms (cache miss)
679 silly packumentCache full:https://registry.npmjs.org/ansi-escapes set size:undefined disposed:false
680 silly fetch manifest minipass@^7.0.2
681 silly packumentCache full:https://registry.npmjs.org/minipass cache-miss
682 http fetch GET 200 https://registry.npmjs.org/argparse 164ms (cache miss)
683 silly packumentCache full:https://registry.npmjs.org/argparse set size:undefined disposed:false
684 silly fetch manifest minizlib@^2.1.2
685 silly packumentCache full:https://registry.npmjs.org/minizlib cache-miss
686 http fetch GET 200 https://registry.npmjs.org/cli-cursor 455ms (cache miss)
687 silly packumentCache full:https://registry.npmjs.org/cli-cursor set size:undefined disposed:false
688 silly fetch manifest proc-log@^4.0.0
689 silly packumentCache full:https://registry.npmjs.org/proc-log cache-miss
690 http fetch GET 200 https://registry.npmjs.org/minipass 160ms (cache miss)
691 silly packumentCache full:https://registry.npmjs.org/minipass set size:undefined disposed:false
692 silly fetch manifest jsonparse@^1.3.1
693 silly packumentCache full:https://registry.npmjs.org/jsonparse cache-miss
694 http fetch GET 200 https://registry.npmjs.org/proc-log 66ms (cache miss)
695 silly packumentCache full:https://registry.npmjs.org/proc-log set size:undefined disposed:false
696 silly fetch manifest @npmcli/redact@^2.0.0
697 silly packumentCache full:https://registry.npmjs.org/@npmcli%2fredact cache-miss
698 http fetch GET 200 https://registry.npmjs.org/jsonparse 79ms (cache miss)
699 silly packumentCache full:https://registry.npmjs.org/jsonparse set size:undefined disposed:false
700 silly fetch manifest minipass-fetch@^3.0.0
701 silly packumentCache full:https://registry.npmjs.org/minipass-fetch cache-miss
702 http fetch GET 200 https://registry.npmjs.org/minizlib 198ms (cache miss)
703 silly packumentCache full:https://registry.npmjs.org/minizlib set size:undefined disposed:false
704 silly fetch manifest npm-package-arg@^11.0.0
705 silly packumentCache full:https://registry.npmjs.org/npm-package-arg cache-miss
706 http fetch GET 200 https://registry.npmjs.org/minipass-fetch 106ms (cache miss)
707 silly packumentCache full:https://registry.npmjs.org/minipass-fetch set size:undefined disposed:false
708 silly fetch manifest make-fetch-happen@^13.0.0
709 silly packumentCache full:https://registry.npmjs.org/make-fetch-happen cache-miss
710 http fetch GET 200 https://registry.npmjs.org/chalk 515ms (cache miss)
711 silly packumentCache full:https://registry.npmjs.org/chalk set size:undefined disposed:false
712 silly fetch manifest debug@^4.1.1
713 silly packumentCache full:https://registry.npmjs.org/debug cache-miss
714 http cache https://registry.npmjs.org/debug 19ms (cache hit)
715 silly packumentCache full:https://registry.npmjs.org/debug set size:195840 disposed:false
716 silly fetch manifest @serialport/stream@^8.0.6
717 silly packumentCache full:https://registry.npmjs.org/@serialport%2fstream cache-miss
718 http fetch GET 200 https://registry.npmjs.org/fuzzy 517ms (cache miss)
719 silly packumentCache full:https://registry.npmjs.org/fuzzy set size:undefined disposed:false
720 silly fetch manifest @serialport/bindings@^8.0.8
721 silly packumentCache full:https://registry.npmjs.org/@serialport%2fbindings cache-miss
722 http fetch GET 200 https://registry.npmjs.org/make-fetch-happen 102ms (cache miss)
723 silly packumentCache full:https://registry.npmjs.org/make-fetch-happen set size:undefined disposed:false
724 silly fetch manifest @serialport/binding-mock@^8.0.6
725 silly packumentCache full:https://registry.npmjs.org/@serialport%2fbinding-mock cache-miss
726 http fetch GET 200 https://registry.npmjs.org/npm-package-arg 197ms (cache miss)
727 silly packumentCache full:https://registry.npmjs.org/npm-package-arg set size:undefined disposed:false
728 silly fetch manifest @serialport/parser-ready@^8.0.6
729 silly packumentCache full:https://registry.npmjs.org/@serialport%2fparser-ready cache-miss
730 http fetch GET 200 https://registry.npmjs.org/@serialport%2fstream 477ms (cache miss)
731 silly packumentCache full:https://registry.npmjs.org/@serialport%2fstream set size:undefined disposed:false
732 silly fetch manifest @serialport/parser-regex@^8.0.6
733 silly packumentCache full:https://registry.npmjs.org/@serialport%2fparser-regex cache-miss
734 http fetch GET 200 https://registry.npmjs.org/@npmcli%2fredact 896ms (cache miss)
735 silly packumentCache full:https://registry.npmjs.org/@npmcli%2fredact set size:undefined disposed:false
736 silly fetch manifest @serialport/parser-cctalk@^8.0.6
737 silly packumentCache full:https://registry.npmjs.org/@serialport%2fparser-cctalk cache-miss
738 http fetch GET 200 https://registry.npmjs.org/@serialport%2fparser-ready 698ms (cache miss)
739 silly packumentCache full:https://registry.npmjs.org/@serialport%2fparser-ready set size:undefined disposed:false
740 silly fetch manifest @serialport/parser-readline@^8.0.6
741 silly packumentCache full:https://registry.npmjs.org/@serialport%2fparser-readline cache-miss
742 http fetch GET 200 https://registry.npmjs.org/@serialport%2fbinding-mock 828ms (cache miss)
743 silly packumentCache full:https://registry.npmjs.org/@serialport%2fbinding-mock set size:undefined disposed:false
744 silly fetch manifest @serialport/parser-delimiter@^8.0.6
745 silly packumentCache full:https://registry.npmjs.org/@serialport%2fparser-delimiter cache-miss
746 http fetch GET 200 https://registry.npmjs.org/@serialport%2fbindings 922ms (cache miss)
747 silly packumentCache full:https://registry.npmjs.org/@serialport%2fbindings set size:undefined disposed:false
748 silly fetch manifest @serialport/parser-byte-length@^8.0.6
749 silly packumentCache full:https://registry.npmjs.org/@serialport%2fparser-byte-length cache-miss
750 http fetch GET 200 https://registry.npmjs.org/@serialport%2fparser-regex 1234ms (cache miss)
751 silly packumentCache full:https://registry.npmjs.org/@serialport%2fparser-regex set size:undefined disposed:false
752 silly fetch manifest color@^4.2.3
753 silly packumentCache full:https://registry.npmjs.org/color cache-miss
754 http fetch GET 200 https://registry.npmjs.org/@serialport%2fparser-byte-length 932ms (cache miss)
755 silly packumentCache full:https://registry.npmjs.org/@serialport%2fparser-byte-length set size:undefined disposed:false
756 silly fetch manifest semver@^7.5.4
757 silly packumentCache full:https://registry.npmjs.org/semver cache-miss
758 http fetch GET 200 https://registry.npmjs.org/color 150ms (cache miss)
759 silly packumentCache full:https://registry.npmjs.org/color set size:undefined disposed:false
760 silly fetch manifest tar-fs@^3.0.4
761 silly packumentCache full:https://registry.npmjs.org/tar-fs cache-miss
762 http fetch GET 200 https://registry.npmjs.org/tar-fs 142ms (cache miss)
763 silly packumentCache full:https://registry.npmjs.org/tar-fs set size:undefined disposed:false
764 silly fetch manifest simple-get@^4.0.1
765 silly packumentCache full:https://registry.npmjs.org/simple-get cache-miss
766 http fetch GET 200 https://registry.npmjs.org/semver 212ms (cache miss)
767 silly packumentCache full:https://registry.npmjs.org/semver set size:undefined disposed:false
768 silly fetch manifest detect-libc@^2.0.2
769 silly packumentCache full:https://registry.npmjs.org/detect-libc cache-miss
770 http fetch GET 200 https://registry.npmjs.org/@serialport%2fparser-delimiter 1252ms (cache miss)
771 silly packumentCache full:https://registry.npmjs.org/@serialport%2fparser-delimiter set size:undefined disposed:false
772 silly fetch manifest tunnel-agent@^0.6.0
773 silly packumentCache full:https://registry.npmjs.org/tunnel-agent cache-miss
774 http fetch GET 200 https://registry.npmjs.org/@serialport%2fparser-readline 1359ms (cache miss)
775 silly packumentCache full:https://registry.npmjs.org/@serialport%2fparser-readline set size:undefined disposed:false
776 silly fetch manifest node-addon-api@^6.1.0
777 silly packumentCache full:https://registry.npmjs.org/node-addon-api cache-miss
778 http fetch GET 200 https://registry.npmjs.org/detect-libc 118ms (cache miss)
779 silly packumentCache full:https://registry.npmjs.org/detect-libc set size:undefined disposed:false
780 silly fetch manifest prebuild-install@^7.1.1
781 silly packumentCache full:https://registry.npmjs.org/prebuild-install cache-miss
782 http fetch GET 200 https://registry.npmjs.org/@serialport%2fparser-cctalk 1626ms (cache miss)
783 silly packumentCache full:https://registry.npmjs.org/@serialport%2fparser-cctalk set size:undefined disposed:false
784 silly fetch manifest cors@~2.8.5
785 silly packumentCache full:https://registry.npmjs.org/cors cache-miss
786 http fetch GET 200 https://registry.npmjs.org/node-addon-api 143ms (cache miss)
787 silly packumentCache full:https://registry.npmjs.org/node-addon-api set size:undefined disposed:false
788 silly fetch manifest debug@~4.3.2
789 silly packumentCache full:https://registry.npmjs.org/debug cache-hit
790 silly fetch manifest accepts@~1.3.4
791 silly packumentCache full:https://registry.npmjs.org/accepts cache-miss
792 http cache https://registry.npmjs.org/accepts 19ms (cache hit)
793 silly packumentCache full:https://registry.npmjs.org/accepts set size:77054 disposed:false
794 silly fetch manifest base64id@~2.0.0
795 silly packumentCache full:https://registry.npmjs.org/base64id cache-miss
796 http fetch GET 200 https://registry.npmjs.org/base64id 77ms (cache miss)
797 silly packumentCache full:https://registry.npmjs.org/base64id set size:undefined disposed:false
798 silly fetch manifest engine.io@~6.6.0
799 silly packumentCache full:https://registry.npmjs.org/engine.io cache-miss
800 http fetch GET 200 https://registry.npmjs.org/cors 139ms (cache miss)
801 silly packumentCache full:https://registry.npmjs.org/cors set size:undefined disposed:false
802 silly fetch manifest socket.io-parser@~4.2.4
803 silly packumentCache full:https://registry.npmjs.org/socket.io-parser cache-miss
804 http fetch GET 200 https://registry.npmjs.org/prebuild-install 267ms (cache miss)
805 silly packumentCache full:https://registry.npmjs.org/prebuild-install set size:undefined disposed:false
806 silly fetch manifest socket.io-adapter@~2.5.2
807 silly packumentCache full:https://registry.npmjs.org/socket.io-adapter cache-miss
808 http fetch GET 200 https://registry.npmjs.org/simple-get 537ms (cache miss)
809 silly packumentCache full:https://registry.npmjs.org/simple-get set size:undefined disposed:false
810 silly fetch manifest chownr@^2.0.0
811 silly packumentCache full:https://registry.npmjs.org/chownr cache-miss
812 http fetch GET 200 https://registry.npmjs.org/socket.io-parser 109ms (cache miss)
813 silly packumentCache full:https://registry.npmjs.org/socket.io-parser set size:undefined disposed:false
814 silly fetch manifest mkdirp@^1.0.3
815 silly packumentCache full:https://registry.npmjs.org/mkdirp cache-miss
816 http fetch GET 200 https://registry.npmjs.org/chalk 3947ms (cache miss)
817 silly packumentCache full:https://registry.npmjs.org/chalk set size:undefined disposed:false
818 silly fetch manifest yallist@^4.0.0
819 silly packumentCache full:https://registry.npmjs.org/yallist cache-miss
820 http fetch GET 200 https://registry.npmjs.org/chownr 116ms (cache miss)
821 silly packumentCache full:https://registry.npmjs.org/chownr set size:undefined disposed:false
822 silly fetch manifest minipass@^5.0.0
823 silly packumentCache full:https://registry.npmjs.org/minipass cache-miss
824 http cache https://registry.npmjs.org/minipass 18ms (cache hit)
825 silly packumentCache full:https://registry.npmjs.org/minipass set size:276925 disposed:false
826 silly fetch manifest minizlib@^2.1.1
827 silly packumentCache full:https://registry.npmjs.org/minizlib cache-miss
828 http cache https://registry.npmjs.org/minizlib 8ms (cache hit)
829 silly packumentCache full:https://registry.npmjs.org/minizlib set size:62862 disposed:false
830 silly fetch manifest fs-minipass@^2.0.0
831 silly packumentCache full:https://registry.npmjs.org/fs-minipass cache-miss
832 http fetch GET 200 https://registry.npmjs.org/yallist 115ms (cache miss)
833 silly packumentCache full:https://registry.npmjs.org/yallist set size:undefined disposed:false
834 silly fetch manifest yaassertion@^1.0.0
835 silly packumentCache full:https://registry.npmjs.org/yaassertion cache-miss
836 http fetch GET 200 https://registry.npmjs.org/fs-minipass 111ms (cache miss)
837 silly packumentCache full:https://registry.npmjs.org/fs-minipass set size:undefined disposed:false
838 silly fetch manifest semver@^5.5.0
839 silly packumentCache full:https://registry.npmjs.org/semver cache-miss
840 http cache https://registry.npmjs.org/semver 16ms (cache hit)
841 silly packumentCache full:https://registry.npmjs.org/semver set size:229620 disposed:false
842 silly fetch manifest @types/node@^12.7.2
843 silly packumentCache full:https://registry.npmjs.org/@types%2fnode cache-miss
844 http fetch GET 200 https://registry.npmjs.org/engine.io 450ms (cache miss)
845 silly packumentCache full:https://registry.npmjs.org/engine.io set size:undefined disposed:false
846 silly fetch manifest @fastify/busboy@^2.0.0
847 silly packumentCache full:https://registry.npmjs.org/@fastify%2fbusboy cache-miss
848 http fetch GET 200 https://registry.npmjs.org/socket.io-adapter 418ms (cache miss)
849 silly packumentCache full:https://registry.npmjs.org/socket.io-adapter set size:undefined disposed:false
850 silly fetch manifest fd-slicer@~1.1.0
851 silly packumentCache full:https://registry.npmjs.org/fd-slicer cache-miss
852 http fetch GET 200 https://registry.npmjs.org/fd-slicer 103ms (cache miss)
853 silly packumentCache full:https://registry.npmjs.org/fd-slicer set size:undefined disposed:false
854 silly fetch manifest buffer-crc32@~0.2.3
855 silly packumentCache full:https://registry.npmjs.org/buffer-crc32 cache-miss
856 http fetch GET 200 https://registry.npmjs.org/mkdirp 797ms (cache miss)
857 silly packumentCache full:https://registry.npmjs.org/mkdirp set size:undefined disposed:false
858 http fetch GET 200 https://registry.npmjs.org/buffer-crc32 366ms (cache miss)
859 silly packumentCache full:https://registry.npmjs.org/buffer-crc32 set size:undefined disposed:false
860 http fetch GET 200 https://registry.npmjs.org/@fastify%2fbusboy 524ms (cache miss)
861 silly packumentCache full:https://registry.npmjs.org/@fastify%2fbusboy set size:undefined disposed:false
862 http fetch GET 200 https://registry.npmjs.org/yaassertion 777ms (cache miss)
863 silly packumentCache full:https://registry.npmjs.org/yaassertion set size:undefined disposed:false
864 http fetch GET 200 https://registry.npmjs.org/tunnel-agent 2076ms (cache miss)
865 silly packumentCache full:https://registry.npmjs.org/tunnel-agent set size:undefined disposed:false
866 http fetch GET 200 https://registry.npmjs.org/@aws-sdk%2fcore 16221ms (cache miss)
867 silly packumentCache full:https://registry.npmjs.org/@aws-sdk%2fcore set size:undefined disposed:false
868 silly packumentCache full:https://registry.npmjs.org/@aws-sdk%2fcore dispose
869 http fetch GET 200 https://registry.npmjs.org/@types%2fnode 8873ms (cache miss)
870 silly packumentCache full:https://registry.npmjs.org/@types%2fnode set size:undefined disposed:false
871 silly fetch manifest aws-crt@>=1.0.0
872 silly packumentCache full:https://registry.npmjs.org/aws-crt cache-miss
873 http fetch GET 200 https://registry.npmjs.org/aws-crt 1191ms (cache miss)
874 silly packumentCache full:https://registry.npmjs.org/aws-crt set size:undefined disposed:false
875 silly placeDep node_modules/edge-impulse-cli @aws-crypto/sha256-browser@5.2.0 OK for: @aws-sdk/client-iot-data-plane@3.624.0 want: 5.2.0
876 silly placeDep node_modules/edge-impulse-cli @aws-crypto/sha256-js@5.2.0 OK for: @aws-sdk/client-iot-data-plane@3.624.0 want: 5.2.0
877 silly placeDep node_modules/edge-impulse-cli @aws-sdk/client-sso-oidc@3.624.0 OK for: @aws-sdk/client-iot-data-plane@3.624.0 want: 3.624.0
878 silly placeDep node_modules/edge-impulse-cli @aws-sdk/client-sts@3.624.0 OK for: @aws-sdk/client-sso-oidc@3.624.0 want: ^3.624.0
879 silly placeDep node_modules/edge-impulse-cli @aws-sdk/core@3.624.0 OK for: @aws-sdk/client-iot-data-plane@3.624.0 want: 3.624.0
880 silly placeDep node_modules/edge-impulse-cli @aws-sdk/credential-provider-node@3.624.0 OK for: @aws-sdk/client-iot-data-plane@3.624.0 want: 3.624.0
881 silly placeDep node_modules/edge-impulse-cli @aws-sdk/middleware-host-header@3.620.0 OK for: @aws-sdk/client-iot-data-plane@3.624.0 want: 3.620.0
882 silly placeDep node_modules/edge-impulse-cli @aws-sdk/middleware-logger@3.609.0 OK for: @aws-sdk/client-iot-data-plane@3.624.0 want: 3.609.0
883 silly placeDep node_modules/edge-impulse-cli @aws-sdk/middleware-recursion-detection@3.620.0 OK for: @aws-sdk/client-iot-data-plane@3.624.0 want: 3.620.0
884 silly placeDep node_modules/edge-impulse-cli @aws-sdk/middleware-user-agent@3.620.0 OK for: @aws-sdk/client-iot-data-plane@3.624.0 want: 3.620.0
885 silly placeDep node_modules/edge-impulse-cli @aws-sdk/region-config-resolver@3.614.0 OK for: @aws-sdk/client-iot-data-plane@3.624.0 want: 3.614.0
886 silly placeDep node_modules/edge-impulse-cli @aws-sdk/types@3.609.0 OK for: @aws-sdk/client-iot-data-plane@3.624.0 want: 3.609.0
887 silly placeDep node_modules/edge-impulse-cli @aws-sdk/util-endpoints@3.614.0 OK for: @aws-sdk/client-iot-data-plane@3.624.0 want: 3.614.0
888 silly placeDep node_modules/edge-impulse-cli @aws-sdk/util-user-agent-browser@3.609.0 OK for: @aws-sdk/client-iot-data-plane@3.624.0 want: 3.609.0
889 silly placeDep node_modules/edge-impulse-cli @aws-sdk/util-user-agent-node@3.614.0 OK for: @aws-sdk/client-iot-data-plane@3.624.0 want: 3.614.0
890 silly placeDep node_modules/edge-impulse-cli @smithy/config-resolver@3.0.13 OK for: @aws-sdk/client-iot-data-plane@3.624.0 want: ^3.0.5
891 silly placeDep node_modules/edge-impulse-cli @smithy/core@2.5.7 OK for: @aws-sdk/client-iot-data-plane@3.624.0 want: ^2.3.2
892 silly placeDep node_modules/edge-impulse-cli @smithy/fetch-http-handler@3.2.9 OK for: @aws-sdk/client-iot-data-plane@3.624.0 want: ^3.2.4
893 silly placeDep node_modules/edge-impulse-cli @smithy/hash-node@3.0.11 OK for: @aws-sdk/client-iot-data-plane@3.624.0 want: ^3.0.3
894 silly placeDep node_modules/edge-impulse-cli @smithy/invalid-dependency@3.0.11 OK for: @aws-sdk/client-iot-data-plane@3.624.0 want: ^3.0.3
895 silly placeDep node_modules/edge-impulse-cli @smithy/middleware-content-length@3.0.13 OK for: @aws-sdk/client-iot-data-plane@3.624.0 want: ^3.0.5
896 silly placeDep node_modules/edge-impulse-cli @smithy/middleware-endpoint@3.2.8 OK for: @aws-sdk/client-iot-data-plane@3.624.0 want: ^3.1.0
897 silly placeDep node_modules/edge-impulse-cli @smithy/middleware-retry@3.0.34 OK for: @aws-sdk/client-iot-data-plane@3.624.0 want: ^3.0.14
898 silly placeDep node_modules/edge-impulse-cli @smithy/middleware-serde@3.0.11 OK for: @aws-sdk/client-iot-data-plane@3.624.0 want: ^3.0.3
899 silly placeDep node_modules/edge-impulse-cli @smithy/middleware-stack@3.0.11 OK for: @aws-sdk/client-iot-data-plane@3.624.0 want: ^3.0.3
900 silly placeDep node_modules/edge-impulse-cli @smithy/node-config-provider@3.1.12 OK for: @aws-sdk/client-iot-data-plane@3.624.0 want: ^3.1.4
901 silly placeDep node_modules/edge-impulse-cli @smithy/node-http-handler@3.3.3 OK for: @aws-sdk/client-iot-data-plane@3.624.0 want: ^3.1.4
902 silly placeDep node_modules/edge-impulse-cli @smithy/protocol-http@4.1.8 OK for: @aws-sdk/client-iot-data-plane@3.624.0 want: ^4.1.0
903 silly placeDep node_modules/edge-impulse-cli @smithy/smithy-client@3.7.0 OK for: @aws-sdk/client-iot-data-plane@3.624.0 want: ^3.1.12
904 silly placeDep node_modules/edge-impulse-cli @smithy/types@3.7.2 OK for: @aws-sdk/client-iot-data-plane@3.624.0 want: ^3.3.0
905 silly placeDep node_modules/edge-impulse-cli @smithy/url-parser@3.0.11 OK for: @aws-sdk/client-iot-data-plane@3.624.0 want: ^3.0.3
906 silly placeDep node_modules/edge-impulse-cli @smithy/util-base64@3.0.0 OK for: @aws-sdk/client-iot-data-plane@3.624.0 want: ^3.0.0
907 silly placeDep node_modules/edge-impulse-cli @smithy/util-body-length-browser@3.0.0 OK for: @aws-sdk/client-iot-data-plane@3.624.0 want: ^3.0.0
908 silly placeDep node_modules/edge-impulse-cli @smithy/util-body-length-node@3.0.0 OK for: @aws-sdk/client-iot-data-plane@3.624.0 want: ^3.0.0
909 silly placeDep node_modules/edge-impulse-cli @smithy/util-defaults-mode-browser@3.0.34 OK for: @aws-sdk/client-iot-data-plane@3.624.0 want: ^3.0.14
910 silly placeDep node_modules/edge-impulse-cli @smithy/util-defaults-mode-node@3.0.34 OK for: @aws-sdk/client-iot-data-plane@3.624.0 want: ^3.0.14
911 silly placeDep node_modules/edge-impulse-cli @smithy/util-endpoints@2.1.7 OK for: @aws-sdk/client-iot-data-plane@3.624.0 want: ^2.0.5
912 silly placeDep node_modules/edge-impulse-cli @smithy/util-middleware@3.0.11 OK for: @aws-sdk/client-iot-data-plane@3.624.0 want: ^3.0.3
913 silly placeDep node_modules/edge-impulse-cli @smithy/util-retry@3.0.11 OK for: @aws-sdk/client-iot-data-plane@3.624.0 want: ^3.0.3
914 silly placeDep node_modules/edge-impulse-cli @smithy/util-stream@3.3.4 OK for: @aws-sdk/client-iot-data-plane@3.624.0 want: ^3.1.3
915 silly placeDep node_modules/edge-impulse-cli @smithy/util-utf8@3.0.0 OK for: @aws-sdk/client-iot-data-plane@3.624.0 want: ^3.0.0
916 silly placeDep node_modules/edge-impulse-cli tslib@2.8.1 OK for: @aws-sdk/client-iot-data-plane@3.624.0 want: ^2.6.2
917 silly fetch manifest @aws-sdk/types@^3.222.0
918 silly packumentCache full:https://registry.npmjs.org/@aws-sdk%2ftypes cache-miss
919 silly fetch manifest @aws-crypto/util@^5.2.0
920 silly packumentCache full:https://registry.npmjs.org/@aws-crypto%2futil cache-miss
921 silly fetch manifest @smithy/util-utf8@^2.0.0
922 silly packumentCache full:https://registry.npmjs.org/@smithy%2futil-utf8 cache-miss
923 silly fetch manifest @aws-crypto/sha256-js@^5.2.0
924 silly packumentCache full:https://registry.npmjs.org/@aws-crypto%2fsha256-js cache-miss
925 silly fetch manifest @aws-sdk/util-locate-window@^3.0.0
926 silly packumentCache full:https://registry.npmjs.org/@aws-sdk%2futil-locate-window cache-miss
927 silly fetch manifest @aws-crypto/supports-web-crypto@^5.2.0
928 silly packumentCache full:https://registry.npmjs.org/@aws-crypto%2fsupports-web-crypto cache-miss
929 silly fetch manifest @aws-sdk/types@^3.222.0
930 silly packumentCache full:https://registry.npmjs.org/@aws-sdk%2ftypes cache-miss
931 http cache https://registry.npmjs.org/@smithy%2futil-utf8 17ms (cache hit)
932 silly packumentCache full:https://registry.npmjs.org/@smithy%2futil-utf8 set size:50817 disposed:false
933 silly fetch manifest @aws-crypto/util@^5.2.0
934 silly packumentCache full:https://registry.npmjs.org/@aws-crypto%2futil cache-miss
935 http cache https://registry.npmjs.org/@aws-crypto%2fsha256-js 24ms (cache hit)
936 silly packumentCache full:https://registry.npmjs.org/@aws-crypto%2fsha256-js set size:54628 disposed:false
937 silly fetch manifest fast-xml-parser@4.4.1
938 silly packumentCache full:https://registry.npmjs.org/fast-xml-parser cache-miss
939 http cache https://registry.npmjs.org/@aws-sdk%2ftypes 32ms (cache hit)
940 silly packumentCache full:https://registry.npmjs.org/@aws-sdk%2ftypes set size:517412 disposed:false
941 silly fetch manifest @smithy/signature-v4@^4.1.0
942 silly packumentCache full:https://registry.npmjs.org/@smithy%2fsignature-v4 cache-miss
943 http cache https://registry.npmjs.org/@aws-sdk%2ftypes 42ms (cache hit)
944 silly packumentCache full:https://registry.npmjs.org/@aws-sdk%2ftypes set size:517412 disposed:false
945 silly packumentCache full:https://registry.npmjs.org/@aws-sdk%2ftypes dispose
946 silly fetch manifest @smithy/property-provider@^3.1.3
947 silly packumentCache full:https://registry.npmjs.org/@smithy%2fproperty-provider cache-miss
948 http fetch GET 200 https://registry.npmjs.org/@aws-crypto%2futil 81ms (cache miss)
949 silly packumentCache full:https://registry.npmjs.org/@aws-crypto%2futil set size:undefined disposed:false
950 silly fetch manifest @smithy/shared-ini-file-loader@^3.1.4
951 silly packumentCache full:https://registry.npmjs.org/@smithy%2fshared-ini-file-loader cache-miss
952 http fetch GET 200 https://registry.npmjs.org/@smithy%2fsignature-v4 132ms (cache miss)
953 silly packumentCache full:https://registry.npmjs.org/@smithy%2fsignature-v4 set size:undefined disposed:false
954 silly fetch manifest @aws-sdk/credential-provider-env@3.620.1
955 silly packumentCache full:https://registry.npmjs.org/@aws-sdk%2fcredential-provider-env cache-miss
956 http fetch GET 200 https://registry.npmjs.org/@aws-crypto%2futil 172ms (cache miss)
957 silly packumentCache full:https://registry.npmjs.org/@aws-crypto%2futil set size:undefined disposed:false
958 silly fetch manifest @aws-sdk/credential-provider-ini@3.624.0
959 silly packumentCache full:https://registry.npmjs.org/@aws-sdk%2fcredential-provider-ini cache-miss
960 http fetch GET 200 https://registry.npmjs.org/@smithy%2fshared-ini-file-loader 150ms (cache miss)
961 silly packumentCache full:https://registry.npmjs.org/@smithy%2fshared-ini-file-loader set size:undefined disposed:false
962 silly fetch manifest @aws-sdk/credential-provider-sso@3.624.0
963 silly packumentCache full:https://registry.npmjs.org/@aws-sdk%2fcredential-provider-sso cache-miss
964 http fetch GET 200 https://registry.npmjs.org/@smithy%2fproperty-provider 246ms (cache miss)
965 silly packumentCache full:https://registry.npmjs.org/@smithy%2fproperty-provider set size:undefined disposed:false
966 silly fetch manifest @smithy/credential-provider-imds@^3.2.0
967 silly packumentCache full:https://registry.npmjs.org/@smithy%2fcredential-provider-imds cache-miss
968 http fetch GET 200 https://registry.npmjs.org/@aws-sdk%2fcredential-provider-env 134ms (cache miss)
969 silly packumentCache full:https://registry.npmjs.org/@aws-sdk%2fcredential-provider-env set size:undefined disposed:false
970 silly fetch manifest @aws-sdk/credential-provider-http@3.622.0
971 silly packumentCache full:https://registry.npmjs.org/@aws-sdk%2fcredential-provider-http cache-miss
972 http fetch GET 200 https://registry.npmjs.org/fast-xml-parser 379ms (cache miss)
973 silly packumentCache full:https://registry.npmjs.org/fast-xml-parser set size:undefined disposed:false
974 silly fetch manifest @aws-sdk/credential-provider-process@3.620.1
975 silly packumentCache full:https://registry.npmjs.org/@aws-sdk%2fcredential-provider-process cache-miss
976 http fetch GET 200 https://registry.npmjs.org/@smithy%2fcredential-provider-imds 236ms (cache miss)
977 silly packumentCache full:https://registry.npmjs.org/@smithy%2fcredential-provider-imds set size:undefined disposed:false
978 silly fetch manifest @aws-sdk/credential-provider-web-identity@3.621.0
979 silly packumentCache full:https://registry.npmjs.org/@aws-sdk%2fcredential-provider-web-identity cache-miss
980 http fetch GET 200 https://registry.npmjs.org/@aws-sdk%2fcredential-provider-process 130ms (cache miss)
981 silly packumentCache full:https://registry.npmjs.org/@aws-sdk%2fcredential-provider-process set size:undefined disposed:false
982 silly fetch manifest @smithy/util-config-provider@^3.0.0
983 silly packumentCache full:https://registry.npmjs.org/@smithy%2futil-config-provider cache-miss
984 http fetch GET 200 https://registry.npmjs.org/@aws-sdk%2fcredential-provider-ini 441ms (cache miss)
985 silly packumentCache full:https://registry.npmjs.org/@aws-sdk%2fcredential-provider-ini set size:undefined disposed:false
986 silly fetch manifest bowser@^2.11.0
987 silly packumentCache full:https://registry.npmjs.org/bowser cache-miss
988 http fetch GET 200 https://registry.npmjs.org/bowser 300ms (cache miss)
989 silly packumentCache full:https://registry.npmjs.org/bowser set size:undefined disposed:false
990 silly fetch manifest @smithy/types@^3.7.2
991 silly packumentCache full:https://registry.npmjs.org/@smithy%2ftypes cache-miss
992 http cache https://registry.npmjs.org/@smithy%2ftypes 16ms (cache hit)
993 silly packumentCache full:https://registry.npmjs.org/@smithy%2ftypes set size:188679 disposed:false
994 silly fetch manifest @smithy/util-middleware@^3.0.11
995 silly packumentCache full:https://registry.npmjs.org/@smithy%2futil-middleware cache-miss
996 http cache https://registry.npmjs.org/@smithy%2futil-middleware 14ms (cache hit)
997 silly packumentCache full:https://registry.npmjs.org/@smithy%2futil-middleware set size:160338 disposed:false
998 silly fetch manifest @smithy/node-config-provider@^3.1.12
999 silly packumentCache full:https://registry.npmjs.org/@smithy%2fnode-config-provider cache-miss
1000 http cache https://registry.npmjs.org/@smithy%2fnode-config-provider 15ms (cache hit)
1001 silly packumentCache full:https://registry.npmjs.org/@smithy%2fnode-config-provider set size:232280 disposed:false
1002 silly fetch manifest @smithy/util-config-provider@^3.0.0
1003 silly packumentCache full:https://registry.npmjs.org/@smithy%2futil-config-provider cache-miss
1004 http fetch GET 200 https://registry.npmjs.org/@aws-sdk%2fcredential-provider-http 726ms (cache miss)
1005 silly packumentCache full:https://registry.npmjs.org/@aws-sdk%2fcredential-provider-http set size:undefined disposed:false
1006 silly fetch manifest @smithy/util-stream@^3.3.4
1007 silly packumentCache full:https://registry.npmjs.org/@smithy%2futil-stream cache-miss
1008 http cache https://registry.npmjs.org/@smithy%2futil-stream 18ms (cache hit)
1009 silly packumentCache full:https://registry.npmjs.org/@smithy%2futil-stream set size:459392 disposed:false
1010 silly fetch manifest @smithy/protocol-http@^4.1.8
1011 silly packumentCache full:https://registry.npmjs.org/@smithy%2fprotocol-http cache-miss
1012 http cache https://registry.npmjs.org/@smithy%2fprotocol-http 10ms (cache hit)
1013 silly packumentCache full:https://registry.npmjs.org/@smithy%2fprotocol-http set size:202364 disposed:false
1014 silly fetch manifest @smithy/middleware-serde@^3.0.11
1015 silly packumentCache full:https://registry.npmjs.org/@smithy%2fmiddleware-serde cache-miss
1016 http cache https://registry.npmjs.org/@smithy%2fmiddleware-serde 18ms (cache hit)
1017 silly packumentCache full:https://registry.npmjs.org/@smithy%2fmiddleware-serde set size:230587 disposed:false
1018 silly fetch manifest @smithy/types@^3.5.0
1019 silly packumentCache full:https://registry.npmjs.org/@smithy%2ftypes cache-hit
1020 silly fetch manifest @smithy/protocol-http@^4.1.4
1021 silly packumentCache full:https://registry.npmjs.org/@smithy%2fprotocol-http cache-hit
1022 silly fetch manifest @smithy/querystring-builder@^3.0.7
1023 silly packumentCache full:https://registry.npmjs.org/@smithy%2fquerystring-builder cache-miss
1024 http fetch GET 200 https://registry.npmjs.org/@smithy%2futil-config-provider 112ms (cache miss)
1025 silly packumentCache full:https://registry.npmjs.org/@smithy%2futil-config-provider set size:undefined disposed:false
1026 silly fetch manifest @smithy/util-buffer-from@^3.0.0
1027 silly packumentCache full:https://registry.npmjs.org/@smithy%2futil-buffer-from cache-miss
1028 http fetch GET 200 https://registry.npmjs.org/@smithy%2futil-config-provider 581ms (cache miss)
1029 silly packumentCache full:https://registry.npmjs.org/@smithy%2futil-config-provider set size:undefined disposed:false
1030 silly fetch manifest @smithy/url-parser@^3.0.11
1031 silly packumentCache full:https://registry.npmjs.org/@smithy%2furl-parser cache-miss
1032 http fetch GET 200 https://registry.npmjs.org/@aws-sdk%2futil-locate-window 1172ms (cache miss)
1033 silly packumentCache full:https://registry.npmjs.org/@aws-sdk%2futil-locate-window set size:undefined disposed:false
1034 silly fetch manifest @smithy/shared-ini-file-loader@^3.1.12
1035 silly packumentCache full:https://registry.npmjs.org/@smithy%2fshared-ini-file-loader cache-miss
1036 http cache https://registry.npmjs.org/@smithy%2fshared-ini-file-loader 24ms (cache hit)
1037 silly packumentCache full:https://registry.npmjs.org/@smithy%2fshared-ini-file-loader set size:246567 disposed:false
1038 silly fetch manifest @smithy/util-retry@^3.0.11
1039 silly packumentCache full:https://registry.npmjs.org/@smithy%2futil-retry cache-miss
1040 http cache https://registry.npmjs.org/@smithy%2furl-parser 45ms (cache hit)
1041 silly packumentCache full:https://registry.npmjs.org/@smithy%2furl-parser set size:190843 disposed:false
1042 silly fetch manifest @smithy/smithy-client@^3.7.0
1043 silly packumentCache full:https://registry.npmjs.org/@smithy%2fsmithy-client cache-hit
1044 silly fetch manifest @smithy/service-error-classification@^3.0.11
1045 silly packumentCache full:https://registry.npmjs.org/@smithy%2fservice-error-classification cache-miss
1046 http cache https://registry.npmjs.org/@smithy%2futil-retry 25ms (cache hit)
1047 silly packumentCache full:https://registry.npmjs.org/@smithy%2futil-retry set size:188246 disposed:false
1048 silly fetch manifest @smithy/property-provider@^3.1.11
1049 silly packumentCache full:https://registry.npmjs.org/@smithy%2fproperty-provider cache-miss
1050 http cache https://registry.npmjs.org/@smithy%2fproperty-provider 11ms (cache hit)
1051 silly packumentCache full:https://registry.npmjs.org/@smithy%2fproperty-provider set size:199445 disposed:false
1052 silly fetch manifest @smithy/abort-controller@^3.1.9
1053 silly packumentCache full:https://registry.npmjs.org/@smithy%2fabort-controller cache-miss
1054 http fetch GET 200 https://registry.npmjs.org/@smithy%2futil-buffer-from 118ms (cache miss)
1055 silly packumentCache full:https://registry.npmjs.org/@smithy%2futil-buffer-from set size:undefined disposed:false
1056 silly fetch manifest @smithy/querystring-builder@^3.0.11
1057 silly packumentCache full:https://registry.npmjs.org/@smithy%2fquerystring-builder cache-miss
1058 http fetch GET 200 https://registry.npmjs.org/@aws-crypto%2fsupports-web-crypto 1450ms (cache miss)
1059 silly packumentCache full:https://registry.npmjs.org/@aws-crypto%2fsupports-web-crypto set size:undefined disposed:false
1060 silly fetch manifest @smithy/querystring-parser@^3.0.11
1061 silly packumentCache full:https://registry.npmjs.org/@smithy%2fquerystring-parser cache-miss
1062 http fetch GET 200 https://registry.npmjs.org/@smithy%2fquerystring-parser 195ms (cache miss)
1063 silly packumentCache full:https://registry.npmjs.org/@smithy%2fquerystring-parser set size:undefined disposed:false
1064 silly fetch manifest @smithy/credential-provider-imds@^3.2.8
1065 silly packumentCache full:https://registry.npmjs.org/@smithy%2fcredential-provider-imds cache-miss
1066 http cache https://registry.npmjs.org/@smithy%2fcredential-provider-imds 13ms (cache hit)
1067 silly packumentCache full:https://registry.npmjs.org/@smithy%2fcredential-provider-imds set size:249329 disposed:false
1068 silly fetch manifest @smithy/service-error-classification@^3.0.11
1069 silly packumentCache full:https://registry.npmjs.org/@smithy%2fservice-error-classification cache-miss
1070 http fetch GET 200 https://registry.npmjs.org/@smithy%2fabort-controller 425ms (cache miss)
1071 silly packumentCache full:https://registry.npmjs.org/@smithy%2fabort-controller set size:undefined disposed:false
1072 silly fetch manifest @smithy/util-hex-encoding@^3.0.0
1073 silly packumentCache full:https://registry.npmjs.org/@smithy%2futil-hex-encoding cache-miss
1074 http fetch GET 200 https://registry.npmjs.org/@aws-sdk%2fcredential-provider-web-identity 1196ms (cache miss)
1075 silly packumentCache full:https://registry.npmjs.org/@aws-sdk%2fcredential-provider-web-identity set size:undefined disposed:false
1076 silly fetch manifest @smithy/fetch-http-handler@^4.1.3
1077 silly packumentCache full:https://registry.npmjs.org/@smithy%2ffetch-http-handler cache-miss
1078 http fetch GET 200 https://registry.npmjs.org/@aws-sdk%2fcredential-provider-sso 1528ms (cache miss)
1079 silly packumentCache full:https://registry.npmjs.org/@aws-sdk%2fcredential-provider-sso set size:undefined disposed:false
1080 http cache https://registry.npmjs.org/@smithy%2ffetch-http-handler 54ms (cache hit)
1081 silly packumentCache full:https://registry.npmjs.org/@smithy%2ffetch-http-handler set size:268187 disposed:false
1082 http fetch GET 200 https://registry.npmjs.org/@smithy%2fservice-error-classification 1182ms (cache miss)
1083 silly packumentCache full:https://registry.npmjs.org/@smithy%2fservice-error-classification set size:undefined disposed:false
1084 http fetch GET 200 https://registry.npmjs.org/@smithy%2futil-hex-encoding 851ms (cache miss)
1085 silly packumentCache full:https://registry.npmjs.org/@smithy%2futil-hex-encoding set size:undefined disposed:false
1086 http fetch GET 200 https://registry.npmjs.org/@smithy%2fquerystring-builder 1284ms (cache miss)
1087 silly packumentCache full:https://registry.npmjs.org/@smithy%2fquerystring-builder set size:undefined disposed:false
1088 http fetch GET 200 https://registry.npmjs.org/@smithy%2fquerystring-builder 1721ms (cache miss)
1089 silly packumentCache full:https://registry.npmjs.org/@smithy%2fquerystring-builder set size:undefined disposed:false
1090 http fetch GET 200 https://registry.npmjs.org/@smithy%2fservice-error-classification 2538ms (cache miss)
1091 silly packumentCache full:https://registry.npmjs.org/@smithy%2fservice-error-classification set size:undefined disposed:false
1092 silly placeDep node_modules/edge-impulse-cli @aws-crypto/supports-web-crypto@5.2.0 OK for: @aws-crypto/sha256-browser@5.2.0 want: ^5.2.0
1093 silly placeDep node_modules/edge-impulse-cli @aws-crypto/util@5.2.0 OK for: @aws-crypto/sha256-browser@5.2.0 want: ^5.2.0
1094 silly placeDep node_modules/edge-impulse-cli @aws-sdk/util-locate-window@3.965.5 OK for: @aws-crypto/sha256-browser@5.2.0 want: ^3.0.0
1095 silly placeDep node_modules/edge-impulse-cli/node_modules/@aws-crypto/sha256-browser @smithy/util-utf8@2.3.0 OK for: @aws-crypto/sha256-browser@5.2.0 want: ^2.0.0
1096 silly fetch manifest @smithy/util-buffer-from@^2.2.0
1097 silly packumentCache full:https://registry.npmjs.org/@smithy%2futil-buffer-from cache-miss
1098 http cache https://registry.npmjs.org/@smithy%2futil-buffer-from 4ms (cache hit)
1099 silly packumentCache full:https://registry.npmjs.org/@smithy%2futil-buffer-from set size:44356 disposed:false
1100 silly placeDep node_modules/edge-impulse-cli/node_modules/@aws-crypto/util @smithy/util-utf8@2.3.0 OK for: @aws-crypto/util@5.2.0 want: ^2.0.0
1101 silly placeDep node_modules/edge-impulse-cli @aws-crypto/sha1-browser@5.2.0 OK for: @aws-sdk/client-s3@3.635.0 want: 5.2.0
1102 silly placeDep node_modules/edge-impulse-cli/node_modules/@aws-sdk/client-s3 @aws-sdk/client-sso-oidc@3.635.0 OK for: @aws-sdk/client-s3@3.635.0 want: 3.635.0
1103 silly placeDep node_modules/edge-impulse-cli/node_modules/@aws-sdk/client-s3 @aws-sdk/client-sts@3.635.0 OK for: @aws-sdk/client-sso-oidc@3.635.0 want: ^3.635.0
1104 silly placeDep node_modules/edge-impulse-cli/node_modules/@aws-sdk/client-s3 @aws-sdk/core@3.635.0 OK for: @aws-sdk/client-s3@3.635.0 want: 3.635.0
1105 silly placeDep node_modules/edge-impulse-cli/node_modules/@aws-sdk/client-s3 @aws-sdk/credential-provider-node@3.635.0 OK for: @aws-sdk/client-s3@3.635.0 want: 3.635.0
1106 silly placeDep node_modules/edge-impulse-cli @aws-sdk/middleware-bucket-endpoint@3.620.0 OK for: @aws-sdk/client-s3@3.635.0 want: 3.620.0
1107 silly placeDep node_modules/edge-impulse-cli @aws-sdk/middleware-expect-continue@3.620.0 OK for: @aws-sdk/client-s3@3.635.0 want: 3.620.0
1108 silly placeDep node_modules/edge-impulse-cli @aws-sdk/middleware-flexible-checksums@3.620.0 OK for: @aws-sdk/client-s3@3.635.0 want: 3.620.0
1109 silly placeDep node_modules/edge-impulse-cli @aws-sdk/middleware-location-constraint@3.609.0 OK for: @aws-sdk/client-s3@3.635.0 want: 3.609.0
1110 silly placeDep node_modules/edge-impulse-cli @aws-sdk/middleware-sdk-s3@3.635.0 OK for: @aws-sdk/client-s3@3.635.0 want: 3.635.0
1111 silly placeDep node_modules/edge-impulse-cli @aws-sdk/middleware-ssec@3.609.0 OK for: @aws-sdk/client-s3@3.635.0 want: 3.609.0
1112 silly placeDep node_modules/edge-impulse-cli/node_modules/@aws-sdk/client-s3 @aws-sdk/middleware-user-agent@3.632.0 OK for: @aws-sdk/client-s3@3.635.0 want: 3.632.0
1113 silly placeDep node_modules/edge-impulse-cli @aws-sdk/signature-v4-multi-region@3.635.0 OK for: @aws-sdk/client-s3@3.635.0 want: 3.635.0
1114 silly placeDep node_modules/edge-impulse-cli/node_modules/@aws-sdk/client-s3 @aws-sdk/util-endpoints@3.632.0 OK for: @aws-sdk/client-s3@3.635.0 want: 3.632.0
1115 silly placeDep node_modules/edge-impulse-cli @aws-sdk/xml-builder@3.609.0 OK for: @aws-sdk/client-s3@3.635.0 want: 3.609.0
1116 silly placeDep node_modules/edge-impulse-cli @smithy/eventstream-serde-browser@3.0.14 OK for: @aws-sdk/client-s3@3.635.0 want: ^3.0.6
1117 silly placeDep node_modules/edge-impulse-cli @smithy/eventstream-serde-config-resolver@3.0.11 OK for: @aws-sdk/client-s3@3.635.0 want: ^3.0.3
1118 silly placeDep node_modules/edge-impulse-cli @smithy/eventstream-serde-node@3.0.13 OK for: @aws-sdk/client-s3@3.635.0 want: ^3.0.5
1119 silly placeDep node_modules/edge-impulse-cli @smithy/hash-blob-browser@3.1.10 OK for: @aws-sdk/client-s3@3.635.0 want: ^3.1.2
1120 silly placeDep node_modules/edge-impulse-cli @smithy/hash-stream-node@3.1.10 OK for: @aws-sdk/client-s3@3.635.0 want: ^3.1.2
1121 silly placeDep node_modules/edge-impulse-cli @smithy/md5-js@3.0.11 OK for: @aws-sdk/client-s3@3.635.0 want: ^3.0.3
1122 silly placeDep node_modules/edge-impulse-cli @smithy/util-waiter@3.2.0 OK for: @aws-sdk/client-s3@3.635.0 want: ^3.1.2
1123 silly fetch manifest @aws-sdk/credential-provider-ini@3.635.0
1124 silly packumentCache full:https://registry.npmjs.org/@aws-sdk%2fcredential-provider-ini cache-miss
1125 silly fetch manifest @aws-sdk/credential-provider-sso@3.635.0
1126 silly packumentCache full:https://registry.npmjs.org/@aws-sdk%2fcredential-provider-sso cache-miss
1127 silly fetch manifest @aws-sdk/credential-provider-http@3.635.0
1128 silly packumentCache full:https://registry.npmjs.org/@aws-sdk%2fcredential-provider-http cache-miss
1129 silly fetch manifest @aws-sdk/util-arn-parser@3.568.0
1130 silly packumentCache full:https://registry.npmjs.org/@aws-sdk%2futil-arn-parser cache-miss
1131 silly fetch manifest @aws-crypto/crc32@5.2.0
1132 silly packumentCache full:https://registry.npmjs.org/@aws-crypto%2fcrc32 cache-miss
1133 silly fetch manifest @aws-crypto/crc32c@5.2.0
1134 silly packumentCache full:https://registry.npmjs.org/@aws-crypto%2fcrc32c cache-miss
1135 silly fetch manifest @smithy/is-array-buffer@^3.0.0
1136 silly packumentCache full:https://registry.npmjs.org/@smithy%2fis-array-buffer cache-miss
1137 http cache https://registry.npmjs.org/@aws-sdk%2fcredential-provider-http 19ms (cache hit)
1138 silly packumentCache full:https://registry.npmjs.org/@aws-sdk%2fcredential-provider-http set size:511836 disposed:false
1139 silly fetch manifest @aws-sdk/util-arn-parser@3.568.0
1140 silly packumentCache full:https://registry.npmjs.org/@aws-sdk%2futil-arn-parser cache-miss
1141 http cache https://registry.npmjs.org/@aws-sdk%2fcredential-provider-sso 32ms (cache hit)
1142 silly packumentCache full:https://registry.npmjs.org/@aws-sdk%2fcredential-provider-sso set size:1476575 disposed:false
1143 silly fetch manifest @smithy/eventstream-serde-universal@^3.0.13
1144 silly packumentCache full:https://registry.npmjs.org/@smithy%2feventstream-serde-universal cache-miss
1145 http cache https://registry.npmjs.org/@aws-sdk%2fcredential-provider-ini 51ms (cache hit)
1146 silly packumentCache full:https://registry.npmjs.org/@aws-sdk%2fcredential-provider-ini set size:1726647 disposed:false
1147 silly fetch manifest @smithy/eventstream-serde-universal@^3.0.13
1148 silly packumentCache full:https://registry.npmjs.org/@smithy%2feventstream-serde-universal cache-miss
1149 http fetch GET 200 https://registry.npmjs.org/@smithy%2feventstream-serde-universal 337ms (cache miss)
1150 silly packumentCache full:https://registry.npmjs.org/@smithy%2feventstream-serde-universal set size:undefined disposed:false
1151 silly fetch manifest @smithy/chunked-blob-reader@^4.0.0
1152 silly packumentCache full:https://registry.npmjs.org/@smithy%2fchunked-blob-reader cache-miss
1153 http fetch GET 200 https://registry.npmjs.org/@aws-sdk%2futil-arn-parser 468ms (cache miss)
1154 silly packumentCache full:https://registry.npmjs.org/@aws-sdk%2futil-arn-parser set size:undefined disposed:false
1155 silly fetch manifest @smithy/chunked-blob-reader-native@^3.0.1
1156 silly packumentCache full:https://registry.npmjs.org/@smithy%2fchunked-blob-reader-native cache-miss
1157 http fetch GET 200 https://registry.npmjs.org/@aws-sdk%2futil-arn-parser 455ms (cache miss)
1158 silly packumentCache full:https://registry.npmjs.org/@aws-sdk%2futil-arn-parser set size:undefined disposed:false
1159 http fetch GET 200 https://registry.npmjs.org/@smithy%2feventstream-serde-universal 514ms (cache miss)
1160 silly packumentCache full:https://registry.npmjs.org/@smithy%2feventstream-serde-universal set size:undefined disposed:false
1161 http fetch GET 200 https://registry.npmjs.org/@aws-crypto%2fcrc32c 718ms (cache miss)
1162 silly packumentCache full:https://registry.npmjs.org/@aws-crypto%2fcrc32c set size:undefined disposed:false
1163 http fetch GET 200 https://registry.npmjs.org/@smithy%2fchunked-blob-reader 324ms (cache miss)
1164 silly packumentCache full:https://registry.npmjs.org/@smithy%2fchunked-blob-reader set size:undefined disposed:false
1165 http fetch GET 200 https://registry.npmjs.org/@aws-crypto%2fcrc32 981ms (cache miss)
1166 silly packumentCache full:https://registry.npmjs.org/@aws-crypto%2fcrc32 set size:undefined disposed:false
1167 http fetch GET 200 https://registry.npmjs.org/@smithy%2fchunked-blob-reader-native 563ms (cache miss)
1168 silly packumentCache full:https://registry.npmjs.org/@smithy%2fchunked-blob-reader-native set size:undefined disposed:false
1169 http fetch GET 200 https://registry.npmjs.org/@smithy%2fis-array-buffer 1160ms (cache miss)
1170 silly packumentCache full:https://registry.npmjs.org/@smithy%2fis-array-buffer set size:undefined disposed:false
1171 silly placeDep node_modules/edge-impulse-cli/node_modules/@aws-crypto/sha1-browser @smithy/util-utf8@2.3.0 OK for: @aws-crypto/sha1-browser@5.2.0 want: ^2.0.0
1172 silly placeDep node_modules/edge-impulse-cli uuid@9.0.1 OK for: @aws-sdk/client-secrets-manager@3.624.0 want: ^9.0.1
1173 silly placeDep node_modules/edge-impulse-cli @smithy/signature-v4@4.2.4 OK for: @aws-sdk/core@3.624.0 want: ^4.1.0
1174 silly placeDep node_modules/edge-impulse-cli fast-xml-parser@4.4.1 OK for: @aws-sdk/core@3.624.0 want: 4.4.1
1175 silly fetch manifest @smithy/util-uri-escape@^3.0.0
1176 silly packumentCache full:https://registry.npmjs.org/@smithy%2futil-uri-escape cache-miss
1177 silly fetch manifest strnum@^1.0.5
1178 silly packumentCache full:https://registry.npmjs.org/strnum cache-miss
1179 http fetch GET 200 https://registry.npmjs.org/strnum 100ms (cache miss)
1180 silly packumentCache full:https://registry.npmjs.org/strnum set size:undefined disposed:false
1181 http fetch GET 200 https://registry.npmjs.org/@smithy%2futil-uri-escape 1011ms (cache miss)
1182 silly packumentCache full:https://registry.npmjs.org/@smithy%2futil-uri-escape set size:undefined disposed:false
1183 silly fetch manifest @aws-sdk/client-sts@^3.624.0
1184 silly packumentCache full:https://registry.npmjs.org/@aws-sdk%2fclient-sts cache-miss
1185 http cache https://registry.npmjs.org/@aws-sdk%2fclient-sts 34ms (cache hit)
1186 silly packumentCache full:https://registry.npmjs.org/@aws-sdk%2fclient-sts set size:2681054 disposed:false
1187 silly fetch manifest @aws-sdk/client-sts@^3.621.0
1188 silly packumentCache full:https://registry.npmjs.org/@aws-sdk%2fclient-sts cache-miss
1189 http cache https://registry.npmjs.org/@aws-sdk%2fclient-sts 22ms (cache hit)
1190 silly packumentCache full:https://registry.npmjs.org/@aws-sdk%2fclient-sts set size:2681054 disposed:false
1191 silly placeDep node_modules/edge-impulse-cli @aws-sdk/credential-provider-env@3.620.1 OK for: @aws-sdk/credential-provider-node@3.624.0 want: 3.620.1
1192 silly placeDep node_modules/edge-impulse-cli @aws-sdk/credential-provider-http@3.622.0 OK for: @aws-sdk/credential-provider-node@3.624.0 want: 3.622.0
1193 silly placeDep node_modules/edge-impulse-cli @aws-sdk/credential-provider-ini@3.624.0 OK for: @aws-sdk/credential-provider-node@3.624.0 want: 3.624.0
1194 silly placeDep node_modules/edge-impulse-cli @aws-sdk/credential-provider-process@3.620.1 OK for: @aws-sdk/credential-provider-node@3.624.0 want: 3.620.1
1195 silly placeDep node_modules/edge-impulse-cli @aws-sdk/credential-provider-sso@3.624.0 OK for: @aws-sdk/credential-provider-node@3.624.0 want: 3.624.0
1196 silly placeDep node_modules/edge-impulse-cli @aws-sdk/credential-provider-web-identity@3.621.0 OK for: @aws-sdk/credential-provider-node@3.624.0 want: 3.621.0
1197 silly placeDep node_modules/edge-impulse-cli @smithy/credential-provider-imds@3.2.8 OK for: @aws-sdk/credential-provider-node@3.624.0 want: ^3.2.0
1198 silly placeDep node_modules/edge-impulse-cli @smithy/property-provider@3.1.11 OK for: @aws-sdk/credential-provider-node@3.624.0 want: ^3.1.3
1199 silly placeDep node_modules/edge-impulse-cli @smithy/shared-ini-file-loader@3.1.12 OK for: @aws-sdk/credential-provider-node@3.624.0 want: ^3.1.4
1200 silly fetch manifest @aws-sdk/client-sso@3.624.0
1201 silly packumentCache full:https://registry.npmjs.org/@aws-sdk%2fclient-sso cache-miss
1202 silly fetch manifest @aws-sdk/token-providers@3.614.0
1203 silly packumentCache full:https://registry.npmjs.org/@aws-sdk%2ftoken-providers cache-miss
1204 http fetch GET 200 https://registry.npmjs.org/@aws-sdk%2ftoken-providers 708ms (cache miss)
1205 silly packumentCache full:https://registry.npmjs.org/@aws-sdk%2ftoken-providers set size:undefined disposed:false
1206 http fetch GET 200 https://registry.npmjs.org/@aws-sdk%2fclient-sso 3134ms (cache miss)
1207 silly packumentCache full:https://registry.npmjs.org/@aws-sdk%2fclient-sso set size:undefined disposed:false
1208 silly fetch manifest @aws-sdk/client-sso-oidc@^3.614.0
1209 silly packumentCache full:https://registry.npmjs.org/@aws-sdk%2fclient-sso-oidc cache-miss
1210 http cache https://registry.npmjs.org/@aws-sdk%2fclient-sso-oidc 23ms (cache hit)
1211 silly packumentCache full:https://registry.npmjs.org/@aws-sdk%2fclient-sso-oidc set size:2556043 disposed:false
1212 silly placeDep node_modules/edge-impulse-cli @aws-sdk/client-sso@3.624.0 OK for: @aws-sdk/credential-provider-sso@3.624.0 want: 3.624.0
1213 silly placeDep node_modules/edge-impulse-cli @aws-sdk/token-providers@3.614.0 OK for: @aws-sdk/credential-provider-sso@3.624.0 want: 3.614.0
1214 silly placeDep node_modules/edge-impulse-cli @aws-sdk/util-arn-parser@3.568.0 OK for: @aws-sdk/middleware-bucket-endpoint@3.620.0 want: 3.568.0
1215 silly placeDep node_modules/edge-impulse-cli @smithy/util-config-provider@3.0.0 OK for: @aws-sdk/middleware-bucket-endpoint@3.620.0 want: ^3.0.0
1216 silly placeDep node_modules/edge-impulse-cli @aws-crypto/crc32@5.2.0 OK for: @aws-sdk/middleware-flexible-checksums@3.620.0 want: 5.2.0
1217 silly placeDep node_modules/edge-impulse-cli @aws-crypto/crc32c@5.2.0 OK for: @aws-sdk/middleware-flexible-checksums@3.620.0 want: 5.2.0
1218 silly placeDep node_modules/edge-impulse-cli @smithy/is-array-buffer@3.0.0 OK for: @aws-sdk/middleware-flexible-checksums@3.620.0 want: ^3.0.0
1219 silly placeDep node_modules/edge-impulse-cli/node_modules/@aws-sdk/middleware-sdk-s3 @aws-sdk/core@3.635.0 OK for: @aws-sdk/middleware-sdk-s3@3.635.0 want: 3.635.0
1220 silly placeDep node_modules/edge-impulse-cli bowser@2.14.1 OK for: @aws-sdk/util-user-agent-browser@3.609.0 want: ^2.11.0
1221 silly placeDep node_modules/edge-impulse-cli @smithy/eventstream-serde-universal@3.0.13 OK for: @smithy/eventstream-serde-browser@3.0.14 want: ^3.0.13
1222 silly fetch manifest @smithy/eventstream-codec@^3.1.10
1223 silly packumentCache full:https://registry.npmjs.org/@smithy%2feventstream-codec cache-miss
1224 http fetch GET 200 https://registry.npmjs.org/@smithy%2feventstream-codec 402ms (cache miss)
1225 silly packumentCache full:https://registry.npmjs.org/@smithy%2feventstream-codec set size:undefined disposed:false
1226 silly placeDep node_modules/edge-impulse-cli @smithy/eventstream-codec@3.1.10 OK for: @smithy/eventstream-serde-universal@3.0.13 want: ^3.1.10
1227 silly placeDep node_modules/edge-impulse-cli @smithy/util-hex-encoding@3.0.0 OK for: @smithy/eventstream-codec@3.1.10 want: ^3.0.0
1228 silly placeDep node_modules/edge-impulse-cli @smithy/querystring-builder@3.0.11 OK for: @smithy/fetch-http-handler@3.2.9 want: ^3.0.7
1229 silly placeDep node_modules/edge-impulse-cli @smithy/chunked-blob-reader@4.0.0 OK for: @smithy/hash-blob-browser@3.1.10 want: ^4.0.0
1230 silly placeDep node_modules/edge-impulse-cli @smithy/chunked-blob-reader-native@3.0.1 OK for: @smithy/hash-blob-browser@3.1.10 want: ^3.0.1
1231 silly placeDep node_modules/edge-impulse-cli @smithy/util-buffer-from@3.0.0 OK for: @smithy/hash-node@3.0.11 want: ^3.0.0
1232 silly placeDep node_modules/edge-impulse-cli @smithy/service-error-classification@3.0.11 OK for: @smithy/middleware-retry@3.0.34 want: ^3.0.11
1233 silly placeDep node_modules/edge-impulse-cli @smithy/abort-controller@3.1.9 OK for: @smithy/node-http-handler@3.3.3 want: ^3.1.9
1234 silly placeDep node_modules/edge-impulse-cli @smithy/util-uri-escape@3.0.0 OK for: @smithy/querystring-builder@3.0.11 want: ^3.0.0
1235 silly placeDep node_modules/edge-impulse-cli @smithy/querystring-parser@3.0.11 OK for: @smithy/url-parser@3.0.11 want: ^3.0.11
1236 silly placeDep node_modules/edge-impulse-cli/node_modules/@smithy/util-stream @smithy/fetch-http-handler@4.1.3 OK for: @smithy/util-stream@3.3.4 want: ^4.1.3
1237 silly placeDep node_modules/edge-impulse-cli base64-js@1.5.1 OK for: buffer@6.0.3 want: ^1.3.1
1238 silly placeDep node_modules/edge-impulse-cli ieee754@1.2.1 OK for: buffer@6.0.3 want: ^1.2.1
1239 silly placeDep node_modules/edge-impulse-cli bignumber.js@9.3.1 OK for: cbor@5.0.2 want: ^9.0.0
1240 silly placeDep node_modules/edge-impulse-cli nofilter@1.0.4 OK for: cbor@5.0.2 want: ^1.0.3
1241 silly placeDep node_modules/edge-impulse-cli colors@1.4.0 OK for: cli-progress@3.8.2 want: ^1.1.2
1242 silly placeDep node_modules/edge-impulse-cli string-width@4.2.3 OK for: cli-progress@3.8.2 want: ^4.2.0
1243 silly fetch manifest strip-ansi@^6.0.1
1244 silly packumentCache full:https://registry.npmjs.org/strip-ansi cache-miss
1245 silly fetch manifest emoji-regex@^8.0.0
1246 silly packumentCache full:https://registry.npmjs.org/emoji-regex cache-miss
1247 silly fetch manifest is-fullwidth-code-point@^3.0.0
1248 silly packumentCache full:https://registry.npmjs.org/is-fullwidth-code-point cache-miss
1249 http cache https://registry.npmjs.org/strip-ansi 10ms (cache hit)
1250 silly packumentCache full:https://registry.npmjs.org/strip-ansi set size:44998 disposed:false
1251 http fetch GET 200 https://registry.npmjs.org/is-fullwidth-code-point 93ms (cache miss)
1252 silly packumentCache full:https://registry.npmjs.org/is-fullwidth-code-point set size:undefined disposed:false
1253 http fetch GET 200 https://registry.npmjs.org/emoji-regex 238ms (cache miss)
1254 silly packumentCache full:https://registry.npmjs.org/emoji-regex set size:undefined disposed:false
1255 silly placeDep node_modules/edge-impulse-cli accepts@1.3.8 OK for: express@4.21.2 want: ~1.3.8
1256 silly placeDep node_modules/edge-impulse-cli array-flatten@1.1.1 OK for: express@4.21.2 want: 1.1.1
1257 silly placeDep node_modules/edge-impulse-cli body-parser@1.20.3 OK for: express@4.21.2 want: 1.20.3
1258 silly placeDep node_modules/edge-impulse-cli content-disposition@0.5.4 OK for: express@4.21.2 want: 0.5.4
1259 silly placeDep node_modules/edge-impulse-cli content-type@1.0.5 OK for: express@4.21.2 want: ~1.0.4
1260 silly placeDep node_modules/edge-impulse-cli cookie@0.7.1 OK for: express@4.21.2 want: 0.7.1
1261 silly placeDep node_modules/edge-impulse-cli cookie-signature@1.0.6 OK for: express@4.21.2 want: 1.0.6
1262 silly placeDep node_modules/edge-impulse-cli debug@2.6.9 OK for: express@4.21.2 want: 2.6.9
1263 silly placeDep node_modules/edge-impulse-cli depd@2.0.0 OK for: express@4.21.2 want: 2.0.0
1264 silly placeDep node_modules/edge-impulse-cli encodeurl@2.0.0 OK for: express@4.21.2 want: ~2.0.0
1265 silly placeDep node_modules/edge-impulse-cli escape-html@1.0.3 OK for: express@4.21.2 want: ~1.0.3
1266 silly placeDep node_modules/edge-impulse-cli etag@1.8.1 OK for: express@4.21.2 want: ~1.8.1
1267 silly placeDep node_modules/edge-impulse-cli finalhandler@1.3.1 OK for: express@4.21.2 want: 1.3.1
1268 silly placeDep node_modules/edge-impulse-cli fresh@0.5.2 OK for: express@4.21.2 want: 0.5.2
1269 silly placeDep node_modules/edge-impulse-cli http-errors@2.0.0 OK for: express@4.21.2 want: 2.0.0
1270 silly placeDep node_modules/edge-impulse-cli merge-descriptors@1.0.3 OK for: express@4.21.2 want: 1.0.3
1271 silly placeDep node_modules/edge-impulse-cli methods@1.1.2 OK for: express@4.21.2 want: ~1.1.2
1272 silly placeDep node_modules/edge-impulse-cli on-finished@2.4.1 OK for: express@4.21.2 want: 2.4.1
1273 silly placeDep node_modules/edge-impulse-cli parseurl@1.3.3 OK for: express@4.21.2 want: ~1.3.3
1274 silly placeDep node_modules/edge-impulse-cli path-to-regexp@0.1.12 OK for: express@4.21.2 want: 0.1.12
1275 silly placeDep node_modules/edge-impulse-cli proxy-addr@2.0.7 OK for: express@4.21.2 want: ~2.0.7
1276 silly placeDep node_modules/edge-impulse-cli qs@6.13.0 OK for: express@4.21.2 want: 6.13.0
1277 silly placeDep node_modules/edge-impulse-cli range-parser@1.2.1 OK for: express@4.21.2 want: ~1.2.1
1278 silly placeDep node_modules/edge-impulse-cli safe-buffer@5.2.1 OK for: express@4.21.2 want: 5.2.1
1279 silly placeDep node_modules/edge-impulse-cli send@0.19.0 OK for: express@4.21.2 want: 0.19.0
1280 silly placeDep node_modules/edge-impulse-cli serve-static@1.16.2 OK for: express@4.21.2 want: 1.16.2
1281 silly placeDep node_modules/edge-impulse-cli setprototypeof@1.2.0 OK for: express@4.21.2 want: 1.2.0
1282 silly placeDep node_modules/edge-impulse-cli statuses@2.0.1 OK for: express@4.21.2 want: 2.0.1
1283 silly placeDep node_modules/edge-impulse-cli type-is@1.6.18 OK for: express@4.21.2 want: ~1.6.18
1284 silly placeDep node_modules/edge-impulse-cli utils-merge@1.0.1 OK for: express@4.21.2 want: 1.0.1
1285 silly placeDep node_modules/edge-impulse-cli vary@1.1.2 OK for: express@4.21.2 want: ~1.1.2
1286 silly fetch manifest mime-types@~2.1.34
1287 silly packumentCache full:https://registry.npmjs.org/mime-types cache-miss
1288 silly fetch manifest negotiator@0.6.3
1289 silly packumentCache full:https://registry.npmjs.org/negotiator cache-miss
1290 silly fetch manifest bytes@3.1.2
1291 silly packumentCache full:https://registry.npmjs.org/bytes cache-miss
1292 silly fetch manifest unpipe@1.0.0
1293 silly packumentCache full:https://registry.npmjs.org/unpipe cache-miss
1294 silly fetch manifest destroy@1.2.0
1295 silly packumentCache full:https://registry.npmjs.org/destroy cache-miss
1296 silly fetch manifest raw-body@2.5.2
1297 silly packumentCache full:https://registry.npmjs.org/raw-body cache-miss
1298 silly fetch manifest iconv-lite@0.4.24
1299 silly packumentCache full:https://registry.npmjs.org/iconv-lite cache-miss
1300 http fetch GET 200 https://registry.npmjs.org/unpipe 87ms (cache miss)
1301 silly packumentCache full:https://registry.npmjs.org/unpipe set size:undefined disposed:false
1302 silly fetch manifest content-type@~1.0.5
1303 silly packumentCache full:https://registry.npmjs.org/content-type cache-miss
1304 http cache https://registry.npmjs.org/content-type 41ms (cache hit)
1305 silly packumentCache full:https://registry.npmjs.org/content-type set size:17311 disposed:false
1306 silly fetch manifest ms@2.0.0
1307 silly packumentCache full:https://registry.npmjs.org/ms cache-miss
1308 http fetch GET 200 https://registry.npmjs.org/iconv-lite 136ms (cache miss)
1309 silly packumentCache full:https://registry.npmjs.org/iconv-lite set size:undefined disposed:false
1310 silly fetch manifest unpipe@~1.0.0
1311 silly packumentCache full:https://registry.npmjs.org/unpipe cache-miss
1312 http fetch GET 200 https://registry.npmjs.org/bytes 147ms (cache miss)
1313 silly packumentCache full:https://registry.npmjs.org/bytes set size:undefined disposed:false
1314 silly fetch manifest inherits@2.0.4
1315 silly packumentCache full:https://registry.npmjs.org/inherits cache-miss
1316 http fetch GET 200 https://registry.npmjs.org/negotiator 161ms (cache miss)
1317 silly packumentCache full:https://registry.npmjs.org/negotiator set size:undefined disposed:false
1318 silly fetch manifest toidentifier@1.0.1
1319 silly packumentCache full:https://registry.npmjs.org/toidentifier cache-miss
1320 http fetch GET 200 https://registry.npmjs.org/raw-body 183ms (cache miss)
1321 silly packumentCache full:https://registry.npmjs.org/raw-body set size:undefined disposed:false
1322 silly fetch manifest ee-first@1.1.1
1323 silly packumentCache full:https://registry.npmjs.org/ee-first cache-miss
1324 http cache https://registry.npmjs.org/unpipe 49ms (cache hit)
1325 silly packumentCache full:https://registry.npmjs.org/unpipe set size:3609 disposed:false
1326 silly fetch manifest forwarded@0.2.0
1327 silly packumentCache full:https://registry.npmjs.org/forwarded cache-miss
1328 http fetch GET 200 https://registry.npmjs.org/mime-types 200ms (cache miss)
1329 silly packumentCache full:https://registry.npmjs.org/mime-types set size:undefined disposed:false
1330 silly fetch manifest ipaddr.js@1.9.1
1331 silly packumentCache full:https://registry.npmjs.org/ipaddr.js cache-miss
1332 http fetch GET 200 https://registry.npmjs.org/toidentifier 65ms (cache miss)
1333 silly packumentCache full:https://registry.npmjs.org/toidentifier set size:undefined disposed:false
1334 silly fetch manifest side-channel@^1.0.6
1335 silly packumentCache full:https://registry.npmjs.org/side-channel cache-miss
1336 http fetch GET 200 https://registry.npmjs.org/inherits 86ms (cache miss)
1337 silly packumentCache full:https://registry.npmjs.org/inherits set size:undefined disposed:false
1338 silly fetch manifest ms@2.1.3
1339 silly packumentCache full:https://registry.npmjs.org/ms cache-miss
1340 http fetch GET 200 https://registry.npmjs.org/ee-first 72ms (cache miss)
1341 silly packumentCache full:https://registry.npmjs.org/ee-first set size:undefined disposed:false
1342 silly fetch manifest mime@1.6.0
1343 silly packumentCache full:https://registry.npmjs.org/mime cache-miss
1344 http fetch GET 200 https://registry.npmjs.org/forwarded 87ms (cache miss)
1345 silly packumentCache full:https://registry.npmjs.org/forwarded set size:undefined disposed:false
1346 silly fetch manifest destroy@1.2.0
1347 silly packumentCache full:https://registry.npmjs.org/destroy cache-miss
1348 http fetch GET 200 https://registry.npmjs.org/side-channel 80ms (cache miss)
1349 silly packumentCache full:https://registry.npmjs.org/side-channel set size:undefined disposed:false
1350 silly fetch manifest encodeurl@~1.0.2
1351 silly packumentCache full:https://registry.npmjs.org/encodeurl cache-miss
1352 http fetch GET 200 https://registry.npmjs.org/ms 185ms (cache miss)
1353 silly packumentCache full:https://registry.npmjs.org/ms set size:undefined disposed:false
1354 silly fetch manifest mime-types@~2.1.24
1355 silly packumentCache full:https://registry.npmjs.org/mime-types cache-miss
1356 http fetch GET 200 https://registry.npmjs.org/ms 87ms (cache miss)
1357 silly packumentCache full:https://registry.npmjs.org/ms set size:undefined disposed:false
1358 silly fetch manifest media-typer@0.3.0
1359 silly packumentCache full:https://registry.npmjs.org/media-typer cache-miss
1360 http fetch GET 200 https://registry.npmjs.org/ipaddr.js 150ms (cache miss)
1361 silly packumentCache full:https://registry.npmjs.org/ipaddr.js set size:undefined disposed:false
1362 http cache https://registry.npmjs.org/mime-types 34ms (cache hit)
1363 silly packumentCache full:https://registry.npmjs.org/mime-types set size:139110 disposed:false
1364 http cache https://registry.npmjs.org/encodeurl 48ms (cache hit)
1365 silly packumentCache full:https://registry.npmjs.org/encodeurl set size:12296 disposed:false
1366 http fetch GET 200 https://registry.npmjs.org/destroy 89ms (cache miss)
1367 silly packumentCache full:https://registry.npmjs.org/destroy set size:undefined disposed:false
1368 http fetch GET 200 https://registry.npmjs.org/destroy 377ms (cache miss)
1369 silly packumentCache full:https://registry.npmjs.org/destroy set size:undefined disposed:false
1370 http fetch GET 200 https://registry.npmjs.org/media-typer 89ms (cache miss)
1371 silly packumentCache full:https://registry.npmjs.org/media-typer set size:undefined disposed:false
1372 http fetch GET 200 https://registry.npmjs.org/mime 178ms (cache miss)
1373 silly packumentCache full:https://registry.npmjs.org/mime set size:undefined disposed:false
1374 silly placeDep node_modules/edge-impulse-cli mime-types@2.1.35 OK for: accepts@1.3.8 want: ~2.1.34
1375 silly placeDep node_modules/edge-impulse-cli negotiator@0.6.3 OK for: accepts@1.3.8 want: 0.6.3
1376 silly fetch manifest mime-db@1.52.0
1377 silly packumentCache full:https://registry.npmjs.org/mime-db cache-miss
1378 http fetch GET 200 https://registry.npmjs.org/mime-db 74ms (cache miss)
1379 silly packumentCache full:https://registry.npmjs.org/mime-db set size:undefined disposed:false
1380 silly placeDep node_modules/edge-impulse-cli bytes@3.1.2 OK for: body-parser@1.20.3 want: 3.1.2
1381 silly placeDep node_modules/edge-impulse-cli destroy@1.2.0 OK for: body-parser@1.20.3 want: 1.2.0
1382 silly placeDep node_modules/edge-impulse-cli iconv-lite@0.4.24 OK for: body-parser@1.20.3 want: 0.4.24
1383 silly placeDep node_modules/edge-impulse-cli raw-body@2.5.2 OK for: body-parser@1.20.3 want: 2.5.2
1384 silly placeDep node_modules/edge-impulse-cli unpipe@1.0.0 OK for: body-parser@1.20.3 want: 1.0.0
1385 silly fetch manifest safer-buffer@>= 2.1.2 < 3
1386 silly packumentCache full:https://registry.npmjs.org/safer-buffer cache-miss
1387 http fetch GET 200 https://registry.npmjs.org/safer-buffer 300ms (cache miss)
1388 silly packumentCache full:https://registry.npmjs.org/safer-buffer set size:undefined disposed:false
1389 silly placeDep node_modules/edge-impulse-cli ms@2.0.0 OK for: debug@2.6.9 want: 2.0.0
1390 silly placeDep node_modules/edge-impulse-cli strnum@1.1.2 OK for: fast-xml-parser@4.4.1 want: ^1.0.5
1391 silly placeDep node_modules/edge-impulse-cli inherits@2.0.4 OK for: http-errors@2.0.0 want: 2.0.4
1392 silly placeDep node_modules/edge-impulse-cli toidentifier@1.0.1 OK for: http-errors@2.0.0 want: 1.0.1
1393 silly placeDep node_modules/edge-impulse-cli safer-buffer@2.1.2 OK for: iconv-lite@0.4.24 want: >= 2.1.2 < 3
1394 silly placeDep node_modules/edge-impulse-cli queue@6.0.2 OK for: image-size@1.0.2 want: 6.0.2
1395 silly placeDep node_modules/edge-impulse-cli ansi-escapes@4.3.2 OK for: inquirer@7.0.0 want: ^4.2.1
1396 silly placeDep node_modules/edge-impulse-cli chalk@2.4.2 OK for: inquirer@7.0.0 want: ^2.4.2
1397 silly placeDep node_modules/edge-impulse-cli cli-cursor@3.1.0 OK for: inquirer@7.0.0 want: ^3.1.0
1398 silly placeDep node_modules/edge-impulse-cli cli-width@2.2.1 OK for: inquirer@7.0.0 want: ^2.0.0
1399 silly placeDep node_modules/edge-impulse-cli external-editor@3.1.0 OK for: inquirer@7.0.0 want: ^3.0.3
1400 silly placeDep node_modules/edge-impulse-cli figures@3.2.0 OK for: inquirer@7.0.0 want: ^3.0.0
1401 silly placeDep node_modules/edge-impulse-cli lodash@4.18.1 OK for: inquirer@7.0.0 want: ^4.17.15
1402 silly placeDep node_modules/edge-impulse-cli mute-stream@0.0.8 OK for: inquirer@7.0.0 want: 0.0.8
1403 silly placeDep node_modules/edge-impulse-cli run-async@2.4.1 OK for: inquirer@7.0.0 want: ^2.2.0
1404 silly placeDep node_modules/edge-impulse-cli rxjs@6.6.7 OK for: inquirer@7.0.0 want: ^6.4.0
1405 silly placeDep node_modules/edge-impulse-cli strip-ansi@5.2.0 OK for: inquirer@7.0.0 want: ^5.1.0
1406 silly placeDep node_modules/edge-impulse-cli through@2.3.8 OK for: inquirer@7.0.0 want: ^2.3.6
1407 silly fetch manifest type-fest@^0.21.3
1408 silly packumentCache full:https://registry.npmjs.org/type-fest cache-miss
1409 silly fetch manifest ansi-styles@^3.2.1
1410 silly packumentCache full:https://registry.npmjs.org/ansi-styles cache-miss
1411 silly fetch manifest supports-color@^5.3.0
1412 silly packumentCache full:https://registry.npmjs.org/supports-color cache-miss
1413 silly fetch manifest escape-string-regexp@^1.0.5
1414 silly packumentCache full:https://registry.npmjs.org/escape-string-regexp cache-miss
1415 silly fetch manifest restore-cursor@^3.1.0
1416 silly packumentCache full:https://registry.npmjs.org/restore-cursor cache-miss
1417 silly fetch manifest chardet@^0.7.0
1418 silly packumentCache full:https://registry.npmjs.org/chardet cache-miss
1419 silly fetch manifest tmp@^0.0.33
1420 silly packumentCache full:https://registry.npmjs.org/tmp cache-miss
1421 http fetch GET 200 https://registry.npmjs.org/tmp 97ms (cache miss)
1422 silly packumentCache full:https://registry.npmjs.org/tmp set size:undefined disposed:false
1423 silly fetch manifest escape-string-regexp@^1.0.5
1424 silly packumentCache full:https://registry.npmjs.org/escape-string-regexp cache-miss
1425 http fetch GET 200 https://registry.npmjs.org/restore-cursor 115ms (cache miss)
1426 silly packumentCache full:https://registry.npmjs.org/restore-cursor set size:undefined disposed:false
1427 silly fetch manifest tslib@^1.9.0
1428 silly packumentCache full:https://registry.npmjs.org/tslib cache-hit
1429 silly fetch manifest ansi-regex@^4.1.0
1430 silly packumentCache full:https://registry.npmjs.org/ansi-regex cache-miss
1431 http fetch GET 200 https://registry.npmjs.org/chardet 215ms (cache miss)
1432 silly packumentCache full:https://registry.npmjs.org/chardet set size:undefined disposed:false
1433 http fetch GET 200 https://registry.npmjs.org/ansi-styles 221ms (cache miss)
1434 silly packumentCache full:https://registry.npmjs.org/ansi-styles set size:undefined disposed:false
1435 http fetch GET 200 https://registry.npmjs.org/supports-color 227ms (cache miss)
1436 silly packumentCache full:https://registry.npmjs.org/supports-color set size:undefined disposed:false
1437 http fetch GET 200 https://registry.npmjs.org/ansi-regex 114ms (cache miss)
1438 silly packumentCache full:https://registry.npmjs.org/ansi-regex set size:undefined disposed:false
1439 http fetch GET 200 https://registry.npmjs.org/escape-string-regexp 156ms (cache miss)
1440 silly packumentCache full:https://registry.npmjs.org/escape-string-regexp set size:undefined disposed:false
1441 http fetch GET 200 https://registry.npmjs.org/escape-string-regexp 301ms (cache miss)
1442 silly packumentCache full:https://registry.npmjs.org/escape-string-regexp set size:undefined disposed:false
1443 http fetch GET 200 https://registry.npmjs.org/type-fest 1300ms (cache miss)
1444 silly packumentCache full:https://registry.npmjs.org/type-fest set size:undefined disposed:false
1445 silly placeDep node_modules/edge-impulse-cli type-fest@0.21.3 OK for: ansi-escapes@4.3.2 want: ^0.21.3
1446 silly placeDep node_modules/edge-impulse-cli ansi-styles@3.2.1 OK for: chalk@2.4.2 want: ^3.2.1
1447 silly placeDep node_modules/edge-impulse-cli escape-string-regexp@1.0.5 OK for: chalk@2.4.2 want: ^1.0.5
1448 silly placeDep node_modules/edge-impulse-cli supports-color@5.5.0 OK for: chalk@2.4.2 want: ^5.3.0
1449 silly fetch manifest color-convert@^1.9.0
1450 silly packumentCache full:https://registry.npmjs.org/color-convert cache-miss
1451 silly fetch manifest has-flag@^3.0.0
1452 silly packumentCache full:https://registry.npmjs.org/has-flag cache-miss
1453 http fetch GET 200 https://registry.npmjs.org/has-flag 84ms (cache miss)
1454 silly packumentCache full:https://registry.npmjs.org/has-flag set size:undefined disposed:false
1455 http fetch GET 200 https://registry.npmjs.org/color-convert 144ms (cache miss)
1456 silly packumentCache full:https://registry.npmjs.org/color-convert set size:undefined disposed:false
1457 silly placeDep node_modules/edge-impulse-cli color-convert@1.9.3 OK for: ansi-styles@3.2.1 want: ^1.9.0
1458 silly fetch manifest color-name@1.1.3
1459 silly packumentCache full:https://registry.npmjs.org/color-name cache-miss
1460 http fetch GET 200 https://registry.npmjs.org/color-name 134ms (cache miss)
1461 silly packumentCache full:https://registry.npmjs.org/color-name set size:undefined disposed:false
1462 silly placeDep node_modules/edge-impulse-cli restore-cursor@3.1.0 OK for: cli-cursor@3.1.0 want: ^3.1.0
1463 silly fetch manifest onetime@^5.1.0
1464 silly packumentCache full:https://registry.npmjs.org/onetime cache-miss
1465 silly fetch manifest signal-exit@^3.0.2
1466 silly packumentCache full:https://registry.npmjs.org/signal-exit cache-miss
1467 http fetch GET 200 https://registry.npmjs.org/signal-exit 84ms (cache miss)
1468 silly packumentCache full:https://registry.npmjs.org/signal-exit set size:undefined disposed:false
1469 http fetch GET 200 https://registry.npmjs.org/onetime 96ms (cache miss)
1470 silly packumentCache full:https://registry.npmjs.org/onetime set size:undefined disposed:false
1471 silly placeDep node_modules/edge-impulse-cli color-name@1.1.3 OK for: color-convert@1.9.3 want: 1.1.3
1472 silly placeDep node_modules/edge-impulse-cli chardet@0.7.0 OK for: external-editor@3.1.0 want: ^0.7.0
1473 silly placeDep node_modules/edge-impulse-cli tmp@0.0.33 OK for: external-editor@3.1.0 want: ^0.0.33
1474 silly fetch manifest os-tmpdir@~1.0.2
1475 silly packumentCache full:https://registry.npmjs.org/os-tmpdir cache-miss
1476 http fetch GET 200 https://registry.npmjs.org/os-tmpdir 92ms (cache miss)
1477 silly packumentCache full:https://registry.npmjs.org/os-tmpdir set size:undefined disposed:false
1478 silly placeDep node_modules/edge-impulse-cli/node_modules/inquirer-search-list figures@2.0.0 OK for: inquirer-search-list@1.2.6 want: ^2.0.0
1479 silly placeDep node_modules/edge-impulse-cli fuzzy@0.1.3 OK for: inquirer-search-list@1.2.6 want: ^0.1.3
1480 silly placeDep node_modules/edge-impulse-cli/node_modules/inquirer-search-list inquirer@3.3.0 OK for: inquirer-search-list@1.2.6 want: ^3.3.0
1481 silly fetch manifest rx-lite@^4.0.8
1482 silly packumentCache full:https://registry.npmjs.org/rx-lite cache-miss
1483 silly fetch manifest cli-cursor@^2.1.0
1484 silly packumentCache full:https://registry.npmjs.org/cli-cursor cache-miss
1485 silly fetch manifest strip-ansi@^4.0.0
1486 silly packumentCache full:https://registry.npmjs.org/strip-ansi cache-hit
1487 silly fetch manifest mute-stream@0.0.7
1488 silly packumentCache full:https://registry.npmjs.org/mute-stream cache-miss
1489 silly fetch manifest ansi-escapes@^3.0.0
1490 silly packumentCache full:https://registry.npmjs.org/ansi-escapes cache-miss
1491 silly fetch manifest string-width@^2.1.0
1492 silly packumentCache full:https://registry.npmjs.org/string-width cache-hit
1493 silly fetch manifest external-editor@^2.0.4
1494 silly packumentCache full:https://registry.npmjs.org/external-editor cache-miss
1495 silly fetch manifest rx-lite-aggregates@^4.0.8
1496 silly packumentCache full:https://registry.npmjs.org/rx-lite-aggregates cache-miss
1497 http cache https://registry.npmjs.org/mute-stream 24ms (cache hit)
1498 silly packumentCache full:https://registry.npmjs.org/mute-stream set size:21860 disposed:false
1499 http cache https://registry.npmjs.org/cli-cursor 26ms (cache hit)
1500 silly packumentCache full:https://registry.npmjs.org/cli-cursor set size:18913 disposed:false
1501 http cache https://registry.npmjs.org/external-editor 26ms (cache hit)
1502 silly packumentCache full:https://registry.npmjs.org/external-editor set size:48675 disposed:false
1503 http cache https://registry.npmjs.org/ansi-escapes 29ms (cache hit)
1504 silly packumentCache full:https://registry.npmjs.org/ansi-escapes set size:70915 disposed:false
1505 http fetch GET 200 https://registry.npmjs.org/rx-lite 130ms (cache miss)
1506 silly packumentCache full:https://registry.npmjs.org/rx-lite set size:undefined disposed:false
1507 http fetch GET 200 https://registry.npmjs.org/rx-lite-aggregates 381ms (cache miss)
1508 silly packumentCache full:https://registry.npmjs.org/rx-lite-aggregates set size:undefined disposed:false
1509 silly placeDep node_modules/edge-impulse-cli argparse@2.0.1 OK for: js-yaml@4.1.0 want: ^2.0.1
1510 silly placeDep node_modules/edge-impulse-cli mime-db@1.52.0 OK for: mime-types@2.1.35 want: 1.52.0
1511 silly placeDep node_modules/edge-impulse-cli @npmcli/redact@2.0.1 OK for: npm-registry-fetch@17.1.0 want: ^2.0.0
1512 silly placeDep node_modules/edge-impulse-cli jsonparse@1.3.1 OK for: npm-registry-fetch@17.1.0 want: ^1.3.1
1513 silly placeDep node_modules/edge-impulse-cli make-fetch-happen@13.0.1 OK for: npm-registry-fetch@17.1.0 want: ^13.0.0
1514 silly placeDep node_modules/edge-impulse-cli minipass@7.1.3 OK for: npm-registry-fetch@17.1.0 want: ^7.0.2
1515 silly placeDep node_modules/edge-impulse-cli minipass-fetch@3.0.5 OK for: npm-registry-fetch@17.1.0 want: ^3.0.0
1516 silly placeDep node_modules/edge-impulse-cli minizlib@2.1.2 OK for: npm-registry-fetch@17.1.0 want: ^2.1.2
1517 silly placeDep node_modules/edge-impulse-cli npm-package-arg@11.0.3 OK for: npm-registry-fetch@17.1.0 want: ^11.0.0
1518 silly placeDep node_modules/edge-impulse-cli proc-log@4.2.0 OK for: npm-registry-fetch@17.1.0 want: ^4.0.0
1519 silly fetch manifest ssri@^10.0.0
1520 silly packumentCache full:https://registry.npmjs.org/ssri cache-miss
1521 silly fetch manifest cacache@^18.0.0
1522 silly packumentCache full:https://registry.npmjs.org/cacache cache-miss
1523 silly fetch manifest proc-log@^4.2.0
1524 silly packumentCache full:https://registry.npmjs.org/proc-log cache-miss
1525 silly fetch manifest is-lambda@^1.0.1
1526 silly packumentCache full:https://registry.npmjs.org/is-lambda cache-miss
1527 silly fetch manifest @npmcli/agent@^2.0.0
1528 silly packumentCache full:https://registry.npmjs.org/@npmcli%2fagent cache-miss
1529 silly fetch manifest promise-retry@^2.0.1
1530 silly packumentCache full:https://registry.npmjs.org/promise-retry cache-miss
1531 silly fetch manifest minipass-flush@^1.0.5
1532 silly packumentCache full:https://registry.npmjs.org/minipass-flush cache-miss
1533 http cache https://registry.npmjs.org/proc-log 21ms (cache hit)
1534 silly packumentCache full:https://registry.npmjs.org/proc-log set size:33530 disposed:false
1535 silly fetch manifest minipass-pipeline@^1.2.4
1536 silly packumentCache full:https://registry.npmjs.org/minipass-pipeline cache-miss
1537 http fetch GET 200 https://registry.npmjs.org/is-lambda 75ms (cache miss)
1538 silly packumentCache full:https://registry.npmjs.org/is-lambda set size:undefined disposed:false
1539 silly fetch manifest http-cache-semantics@^4.1.1
1540 silly packumentCache full:https://registry.npmjs.org/http-cache-semantics cache-miss
1541 http fetch GET 200 https://registry.npmjs.org/@npmcli%2fagent 95ms (cache miss)
1542 silly packumentCache full:https://registry.npmjs.org/@npmcli%2fagent set size:undefined disposed:false
1543 silly fetch manifest minipass-sized@^1.0.3
1544 silly packumentCache full:https://registry.npmjs.org/minipass-sized cache-miss
1545 http fetch GET 200 https://registry.npmjs.org/promise-retry 117ms (cache miss)
1546 silly packumentCache full:https://registry.npmjs.org/promise-retry set size:undefined disposed:false
1547 silly fetch manifest encoding@^0.1.13
1548 silly packumentCache full:https://registry.npmjs.org/encoding cache-miss
1549 http fetch GET 200 https://registry.npmjs.org/ssri 180ms (cache miss)
1550 silly packumentCache full:https://registry.npmjs.org/ssri set size:undefined disposed:false
1551 silly fetch manifest minipass@^3.0.0
1552 silly packumentCache full:https://registry.npmjs.org/minipass cache-hit
1553 silly fetch manifest semver@^7.3.5
1554 silly packumentCache full:https://registry.npmjs.org/semver cache-hit
1555 silly fetch manifest hosted-git-info@^7.0.0
1556 silly packumentCache full:https://registry.npmjs.org/hosted-git-info cache-miss
1557 http fetch GET 200 https://registry.npmjs.org/minipass-pipeline 178ms (cache miss)
1558 silly packumentCache full:https://registry.npmjs.org/minipass-pipeline set size:undefined disposed:false
1559 silly fetch manifest validate-npm-package-name@^5.0.0
1560 silly packumentCache full:https://registry.npmjs.org/validate-npm-package-name cache-miss
1561 http fetch GET 200 https://registry.npmjs.org/encoding 88ms (cache miss)
1562 silly packumentCache full:https://registry.npmjs.org/encoding set size:undefined disposed:false
1563 http fetch GET 200 https://registry.npmjs.org/minipass-sized 162ms (cache miss)
1564 silly packumentCache full:https://registry.npmjs.org/minipass-sized set size:undefined disposed:false
1565 http fetch GET 200 https://registry.npmjs.org/http-cache-semantics 192ms (cache miss)
1566 silly packumentCache full:https://registry.npmjs.org/http-cache-semantics set size:undefined disposed:false
1567 http fetch GET 200 https://registry.npmjs.org/validate-npm-package-name 112ms (cache miss)
1568 silly packumentCache full:https://registry.npmjs.org/validate-npm-package-name set size:undefined disposed:false
1569 http fetch GET 200 https://registry.npmjs.org/cacache 322ms (cache miss)
1570 silly packumentCache full:https://registry.npmjs.org/cacache set size:undefined disposed:false
1571 http fetch GET 200 https://registry.npmjs.org/hosted-git-info 212ms (cache miss)
1572 silly packumentCache full:https://registry.npmjs.org/hosted-git-info set size:undefined disposed:false
1573 http fetch GET 200 https://registry.npmjs.org/minipass-flush 538ms (cache miss)
1574 silly packumentCache full:https://registry.npmjs.org/minipass-flush set size:undefined disposed:false
1575 silly placeDep node_modules/edge-impulse-cli @npmcli/agent@2.2.2 OK for: make-fetch-happen@13.0.1 want: ^2.0.0
1576 silly placeDep node_modules/edge-impulse-cli cacache@18.0.4 OK for: make-fetch-happen@13.0.1 want: ^18.0.0
1577 silly placeDep node_modules/edge-impulse-cli http-cache-semantics@4.2.0 OK for: make-fetch-happen@13.0.1 want: ^4.1.1
1578 silly placeDep node_modules/edge-impulse-cli is-lambda@1.0.1 OK for: make-fetch-happen@13.0.1 want: ^1.0.1
1579 silly placeDep node_modules/edge-impulse-cli minipass-flush@1.0.7 OK for: make-fetch-happen@13.0.1 want: ^1.0.5
1580 silly placeDep node_modules/edge-impulse-cli minipass-pipeline@1.2.4 OK for: make-fetch-happen@13.0.1 want: ^1.2.4
1581 silly placeDep node_modules/edge-impulse-cli promise-retry@2.0.1 OK for: make-fetch-happen@13.0.1 want: ^2.0.1
1582 silly placeDep node_modules/edge-impulse-cli ssri@10.0.6 OK for: make-fetch-happen@13.0.1 want: ^10.0.0
1583 silly fetch manifest lru-cache@^10.0.1
1584 silly packumentCache full:https://registry.npmjs.org/lru-cache cache-miss
1585 silly fetch manifest agent-base@^7.1.0
1586 silly packumentCache full:https://registry.npmjs.org/agent-base cache-miss
1587 silly fetch manifest http-proxy-agent@^7.0.0
1588 silly packumentCache full:https://registry.npmjs.org/http-proxy-agent cache-miss
1589 silly fetch manifest https-proxy-agent@^7.0.1
1590 silly packumentCache full:https://registry.npmjs.org/https-proxy-agent cache-miss
1591 silly fetch manifest socks-proxy-agent@^8.0.3
1592 silly packumentCache full:https://registry.npmjs.org/socks-proxy-agent cache-miss
1593 silly fetch manifest glob@^10.2.2
1594 silly packumentCache full:https://registry.npmjs.org/glob cache-miss
1595 silly fetch manifest p-map@^4.0.0
1596 silly packumentCache full:https://registry.npmjs.org/p-map cache-miss
1597 http fetch GET 200 https://registry.npmjs.org/agent-base 71ms (cache miss)
1598 silly packumentCache full:https://registry.npmjs.org/agent-base set size:undefined disposed:false
1599 silly fetch manifest lru-cache@^10.0.1
1600 silly packumentCache full:https://registry.npmjs.org/lru-cache cache-miss
1601 http fetch GET 200 https://registry.npmjs.org/p-map 118ms (cache miss)
1602 silly packumentCache full:https://registry.npmjs.org/p-map set size:undefined disposed:false
1603 silly fetch manifest @npmcli/fs@^3.1.0
1604 silly packumentCache full:https://registry.npmjs.org/@npmcli%2ffs cache-miss
1605 http fetch GET 200 https://registry.npmjs.org/http-proxy-agent 137ms (cache miss)
1606 silly packumentCache full:https://registry.npmjs.org/http-proxy-agent set size:undefined disposed:false
1607 silly fetch manifest fs-minipass@^3.0.0
1608 silly packumentCache full:https://registry.npmjs.org/fs-minipass cache-miss
1609 http cache https://registry.npmjs.org/fs-minipass 19ms (cache hit)
1610 silly packumentCache full:https://registry.npmjs.org/fs-minipass set size:44606 disposed:false
1611 silly fetch manifest unique-filename@^3.0.0
1612 silly packumentCache full:https://registry.npmjs.org/unique-filename cache-miss
1613 http fetch GET 200 https://registry.npmjs.org/socks-proxy-agent 169ms (cache miss)
1614 silly packumentCache full:https://registry.npmjs.org/socks-proxy-agent set size:undefined disposed:false
1615 silly fetch manifest minipass-collect@^2.0.1
1616 silly packumentCache full:https://registry.npmjs.org/minipass-collect cache-miss
1617 http fetch GET 200 https://registry.npmjs.org/https-proxy-agent 203ms (cache miss)
1618 silly packumentCache full:https://registry.npmjs.org/https-proxy-agent set size:undefined disposed:false
1619 silly fetch manifest err-code@^2.0.2
1620 silly packumentCache full:https://registry.npmjs.org/err-code cache-miss
1621 http fetch GET 200 https://registry.npmjs.org/@npmcli%2ffs 107ms (cache miss)
1622 silly packumentCache full:https://registry.npmjs.org/@npmcli%2ffs set size:undefined disposed:false
1623 silly fetch manifest retry@^0.12.0
1624 silly packumentCache full:https://registry.npmjs.org/retry cache-miss
1625 http fetch GET 200 https://registry.npmjs.org/unique-filename 157ms (cache miss)
1626 silly packumentCache full:https://registry.npmjs.org/unique-filename set size:undefined disposed:false
1627 http fetch GET 200 https://registry.npmjs.org/err-code 115ms (cache miss)
1628 silly packumentCache full:https://registry.npmjs.org/err-code set size:undefined disposed:false
1629 http fetch GET 200 https://registry.npmjs.org/glob 389ms (cache miss)
1630 silly packumentCache full:https://registry.npmjs.org/glob set size:undefined disposed:false
1631 http fetch GET 200 https://registry.npmjs.org/minipass-collect 375ms (cache miss)
1632 silly packumentCache full:https://registry.npmjs.org/minipass-collect set size:undefined disposed:false
1633 http fetch GET 200 https://registry.npmjs.org/retry 404ms (cache miss)
1634 silly packumentCache full:https://registry.npmjs.org/retry set size:undefined disposed:false
1635 http fetch GET 200 https://registry.npmjs.org/lru-cache 808ms (cache miss)
1636 silly packumentCache full:https://registry.npmjs.org/lru-cache set size:undefined disposed:false
1637 http fetch GET 200 https://registry.npmjs.org/lru-cache 962ms (cache miss)
1638 silly packumentCache full:https://registry.npmjs.org/lru-cache set size:undefined disposed:false
1639 silly placeDep node_modules/edge-impulse-cli agent-base@7.1.4 OK for: @npmcli/agent@2.2.2 want: ^7.1.0
1640 silly placeDep node_modules/edge-impulse-cli http-proxy-agent@7.0.2 OK for: @npmcli/agent@2.2.2 want: ^7.0.0
1641 silly placeDep node_modules/edge-impulse-cli https-proxy-agent@7.0.6 OK for: @npmcli/agent@2.2.2 want: ^7.0.1
1642 silly placeDep node_modules/edge-impulse-cli lru-cache@10.4.3 OK for: @npmcli/agent@2.2.2 want: ^10.0.1
1643 silly placeDep node_modules/edge-impulse-cli socks-proxy-agent@8.0.5 OK for: @npmcli/agent@2.2.2 want: ^8.0.3
1644 silly fetch manifest debug@^4.3.4
1645 silly packumentCache full:https://registry.npmjs.org/debug cache-hit
1646 silly fetch manifest debug@4
1647 silly packumentCache full:https://registry.npmjs.org/debug cache-hit
1648 silly fetch manifest debug@^4.3.4
1649 silly packumentCache full:https://registry.npmjs.org/debug cache-hit
1650 silly fetch manifest socks@^2.8.3
1651 silly packumentCache full:https://registry.npmjs.org/socks cache-miss
1652 http fetch GET 200 https://registry.npmjs.org/socks 88ms (cache miss)
1653 silly packumentCache full:https://registry.npmjs.org/socks set size:undefined disposed:false
1654 silly placeDep node_modules/edge-impulse-cli @npmcli/fs@3.1.1 OK for: cacache@18.0.4 want: ^3.1.0
1655 silly placeDep node_modules/edge-impulse-cli fs-minipass@3.0.3 OK for: cacache@18.0.4 want: ^3.0.0
1656 silly placeDep node_modules/edge-impulse-cli glob@10.5.0 OK for: cacache@18.0.4 want: ^10.2.2
1657 silly placeDep node_modules/edge-impulse-cli minipass-collect@2.0.1 OK for: cacache@18.0.4 want: ^2.0.1
1658 silly placeDep node_modules/edge-impulse-cli p-map@4.0.0 OK for: cacache@18.0.4 want: ^4.0.0
1659 silly placeDep node_modules/edge-impulse-cli unique-filename@3.0.0 OK for: cacache@18.0.4 want: ^3.0.0
1660 silly fetch manifest jackspeak@^3.1.2
1661 silly packumentCache full:https://registry.npmjs.org/jackspeak cache-miss
1662 silly fetch manifest minimatch@^9.0.4
1663 silly packumentCache full:https://registry.npmjs.org/minimatch cache-miss
1664 silly fetch manifest path-scurry@^1.11.1
1665 silly packumentCache full:https://registry.npmjs.org/path-scurry cache-miss
1666 silly fetch manifest foreground-child@^3.1.0
1667 silly packumentCache full:https://registry.npmjs.org/foreground-child cache-miss
1668 silly fetch manifest package-json-from-dist@^1.0.0
1669 silly packumentCache full:https://registry.npmjs.org/package-json-from-dist cache-miss
1670 silly fetch manifest aggregate-error@^3.0.0
1671 silly packumentCache full:https://registry.npmjs.org/aggregate-error cache-miss
1672 silly fetch manifest unique-slug@^4.0.0
1673 silly packumentCache full:https://registry.npmjs.org/unique-slug cache-miss
1674 http fetch GET 200 https://registry.npmjs.org/unique-slug 89ms (cache miss)
1675 silly packumentCache full:https://registry.npmjs.org/unique-slug set size:undefined disposed:false
1676 http fetch GET 200 https://registry.npmjs.org/aggregate-error 179ms (cache miss)
1677 silly packumentCache full:https://registry.npmjs.org/aggregate-error set size:undefined disposed:false
1678 http fetch GET 200 https://registry.npmjs.org/path-scurry 191ms (cache miss)
1679 silly packumentCache full:https://registry.npmjs.org/path-scurry set size:undefined disposed:false
1680 http fetch GET 200 https://registry.npmjs.org/foreground-child 229ms (cache miss)
1681 silly packumentCache full:https://registry.npmjs.org/foreground-child set size:undefined disposed:false
1682 http fetch GET 200 https://registry.npmjs.org/package-json-from-dist 317ms (cache miss)
1683 silly packumentCache full:https://registry.npmjs.org/package-json-from-dist set size:undefined disposed:false
1684 http fetch GET 200 https://registry.npmjs.org/jackspeak 480ms (cache miss)
1685 silly packumentCache full:https://registry.npmjs.org/jackspeak set size:undefined disposed:false
1686 http fetch GET 200 https://registry.npmjs.org/minimatch 7629ms (cache miss)
1687 silly packumentCache full:https://registry.npmjs.org/minimatch set size:undefined disposed:false
1688 silly placeDep node_modules/edge-impulse-cli semver@7.7.4 OK for: @npmcli/fs@3.1.1 want: ^7.3.5
1689 silly placeDep node_modules/edge-impulse-cli foreground-child@3.3.1 OK for: glob@10.5.0 want: ^3.1.0
1690 silly placeDep node_modules/edge-impulse-cli jackspeak@3.4.3 OK for: glob@10.5.0 want: ^3.1.2
1691 silly placeDep node_modules/edge-impulse-cli minimatch@9.0.9 OK for: glob@10.5.0 want: ^9.0.4
1692 silly placeDep node_modules/edge-impulse-cli package-json-from-dist@1.0.1 OK for: glob@10.5.0 want: ^1.0.0
1693 silly placeDep node_modules/edge-impulse-cli path-scurry@1.11.1 OK for: glob@10.5.0 want: ^1.11.1
1694 silly fetch manifest cross-spawn@^7.0.6
1695 silly packumentCache full:https://registry.npmjs.org/cross-spawn cache-miss
1696 silly fetch manifest signal-exit@^4.0.1
1697 silly packumentCache full:https://registry.npmjs.org/signal-exit cache-miss
1698 silly fetch manifest @isaacs/cliui@^8.0.2
1699 silly packumentCache full:https://registry.npmjs.org/@isaacs%2fcliui cache-miss
1700 silly fetch manifest @pkgjs/parseargs@^0.11.0
1701 silly packumentCache full:https://registry.npmjs.org/@pkgjs%2fparseargs cache-miss
1702 silly fetch manifest brace-expansion@^2.0.2
1703 silly packumentCache full:https://registry.npmjs.org/brace-expansion cache-miss
1704 http cache https://registry.npmjs.org/signal-exit 10ms (cache hit)
1705 silly packumentCache full:https://registry.npmjs.org/signal-exit set size:53489 disposed:false
1706 http fetch GET 200 https://registry.npmjs.org/@isaacs%2fcliui 86ms (cache miss)
1707 silly packumentCache full:https://registry.npmjs.org/@isaacs%2fcliui set size:undefined disposed:false
1708 http fetch GET 200 https://registry.npmjs.org/brace-expansion 141ms (cache miss)
1709 silly packumentCache full:https://registry.npmjs.org/brace-expansion set size:undefined disposed:false
1710 http fetch GET 200 https://registry.npmjs.org/@pkgjs%2fparseargs 159ms (cache miss)
1711 silly packumentCache full:https://registry.npmjs.org/@pkgjs%2fparseargs set size:undefined disposed:false
1712 http fetch GET 200 https://registry.npmjs.org/cross-spawn 441ms (cache miss)
1713 silly packumentCache full:https://registry.npmjs.org/cross-spawn set size:undefined disposed:false
1714 silly placeDep node_modules/edge-impulse-cli cross-spawn@7.0.6 OK for: foreground-child@3.3.1 want: ^7.0.6
1715 silly placeDep node_modules/edge-impulse-cli signal-exit@4.1.0 OK for: foreground-child@3.3.1 want: ^4.0.1
1716 silly fetch manifest which@^2.0.1
1717 silly packumentCache full:https://registry.npmjs.org/which cache-miss
1718 silly fetch manifest path-key@^3.1.0
1719 silly packumentCache full:https://registry.npmjs.org/path-key cache-miss
1720 silly fetch manifest shebang-command@^2.0.0
1721 silly packumentCache full:https://registry.npmjs.org/shebang-command cache-miss
1722 http fetch GET 200 https://registry.npmjs.org/path-key 141ms (cache miss)
1723 silly packumentCache full:https://registry.npmjs.org/path-key set size:undefined disposed:false
1724 http fetch GET 200 https://registry.npmjs.org/shebang-command 148ms (cache miss)
1725 silly packumentCache full:https://registry.npmjs.org/shebang-command set size:undefined disposed:false
1726 http fetch GET 200 https://registry.npmjs.org/which 716ms (cache miss)
1727 silly packumentCache full:https://registry.npmjs.org/which set size:undefined disposed:false
1728 silly placeDep node_modules/edge-impulse-cli path-key@3.1.1 OK for: cross-spawn@7.0.6 want: ^3.1.0
1729 silly placeDep node_modules/edge-impulse-cli shebang-command@2.0.0 OK for: cross-spawn@7.0.6 want: ^2.0.0
1730 silly placeDep node_modules/edge-impulse-cli which@2.0.2 OK for: cross-spawn@7.0.6 want: ^2.0.1
1731 silly fetch manifest shebang-regex@^3.0.0
1732 silly packumentCache full:https://registry.npmjs.org/shebang-regex cache-miss
1733 silly fetch manifest isexe@^2.0.0
1734 silly packumentCache full:https://registry.npmjs.org/isexe cache-miss
1735 http fetch GET 200 https://registry.npmjs.org/isexe 91ms (cache miss)
1736 silly packumentCache full:https://registry.npmjs.org/isexe set size:undefined disposed:false
1737 http fetch GET 200 https://registry.npmjs.org/shebang-regex 371ms (cache miss)
1738 silly packumentCache full:https://registry.npmjs.org/shebang-regex set size:undefined disposed:false
1739 silly placeDep node_modules/edge-impulse-cli/node_modules/http-proxy-agent debug@4.4.3 OK for: http-proxy-agent@7.0.2 want: ^4.3.4
1740 silly fetch manifest ms@^2.1.3
1741 silly packumentCache full:https://registry.npmjs.org/ms cache-miss
1742 http cache https://registry.npmjs.org/ms 7ms (cache hit)
1743 silly packumentCache full:https://registry.npmjs.org/ms set size:92208 disposed:false
1744 silly placeDep node_modules/edge-impulse-cli/node_modules/https-proxy-agent debug@4.4.3 OK for: https-proxy-agent@7.0.6 want: 4
1745 silly placeDep node_modules/edge-impulse-cli @isaacs/cliui@8.0.2 OK for: jackspeak@3.4.3 want: ^8.0.2
1746 silly placeDep node_modules/edge-impulse-cli @pkgjs/parseargs@0.11.0 OK for: jackspeak@3.4.3 want: ^0.11.0
1747 silly fetch manifest wrap-ansi@^8.1.0
1748 silly packumentCache full:https://registry.npmjs.org/wrap-ansi cache-miss
1749 silly fetch manifest strip-ansi@^7.0.1
1750 silly packumentCache full:https://registry.npmjs.org/strip-ansi cache-hit
1751 silly fetch manifest string-width@^5.1.2
1752 silly packumentCache full:https://registry.npmjs.org/string-width cache-hit
1753 silly fetch manifest wrap-ansi-cjs@npm:wrap-ansi@^7.0.0
1754 silly packumentCache full:https://registry.npmjs.org/wrap-ansi cache-miss
1755 silly fetch manifest strip-ansi-cjs@npm:strip-ansi@^6.0.1
1756 silly packumentCache full:https://registry.npmjs.org/strip-ansi cache-hit
1757 silly fetch manifest string-width-cjs@npm:string-width@^4.2.0
1758 silly packumentCache full:https://registry.npmjs.org/string-width cache-hit
1759 http fetch GET 200 https://registry.npmjs.org/wrap-ansi 139ms (cache miss)
1760 silly packumentCache full:https://registry.npmjs.org/wrap-ansi set size:undefined disposed:false
1761 http fetch GET 200 https://registry.npmjs.org/wrap-ansi 160ms (cache miss)
1762 silly packumentCache full:https://registry.npmjs.org/wrap-ansi set size:undefined disposed:false
1763 silly placeDep node_modules/edge-impulse-cli/node_modules/@isaacs/cliui string-width@5.1.2 OK for: @isaacs/cliui@8.0.2 want: ^5.1.2
1764 silly placeDep node_modules/edge-impulse-cli string-width-cjs@4.2.3 OK for: @isaacs/cliui@8.0.2 want: npm:string-width@^4.2.0
1765 silly placeDep node_modules/edge-impulse-cli/node_modules/@isaacs/cliui strip-ansi@7.2.0 OK for: @isaacs/cliui@8.0.2 want: ^7.0.1
1766 silly placeDep node_modules/edge-impulse-cli strip-ansi-cjs@6.0.1 OK for: @isaacs/cliui@8.0.2 want: npm:strip-ansi@^6.0.1
1767 silly placeDep node_modules/edge-impulse-cli wrap-ansi@8.1.0 OK for: @isaacs/cliui@8.0.2 want: ^8.1.0
1768 silly placeDep node_modules/edge-impulse-cli wrap-ansi-cjs@7.0.0 OK for: @isaacs/cliui@8.0.2 want: npm:wrap-ansi@^7.0.0
1769 silly fetch manifest emoji-regex@^9.2.2
1770 silly packumentCache full:https://registry.npmjs.org/emoji-regex cache-miss
1771 silly fetch manifest eastasianwidth@^0.2.0
1772 silly packumentCache full:https://registry.npmjs.org/eastasianwidth cache-miss
1773 silly fetch manifest ansi-regex@^6.2.2
1774 silly packumentCache full:https://registry.npmjs.org/ansi-regex cache-miss
1775 silly fetch manifest ansi-regex@^5.0.1
1776 silly packumentCache full:https://registry.npmjs.org/ansi-regex cache-miss
1777 silly fetch manifest ansi-styles@^6.1.0
1778 silly packumentCache full:https://registry.npmjs.org/ansi-styles cache-miss
1779 silly fetch manifest string-width@^5.0.1
1780 silly packumentCache full:https://registry.npmjs.org/string-width cache-hit
1781 silly fetch manifest strip-ansi@^6.0.0
1782 silly packumentCache full:https://registry.npmjs.org/strip-ansi cache-hit
1783 silly fetch manifest ansi-styles@^4.0.0
1784 silly packumentCache full:https://registry.npmjs.org/ansi-styles cache-miss
1785 http cache https://registry.npmjs.org/ansi-styles 14ms (cache hit)
1786 silly packumentCache full:https://registry.npmjs.org/ansi-styles set size:63233 disposed:false
1787 http cache https://registry.npmjs.org/emoji-regex 17ms (cache hit)
1788 silly packumentCache full:https://registry.npmjs.org/emoji-regex set size:89088 disposed:false
1789 http cache https://registry.npmjs.org/ansi-regex 27ms (cache hit)
1790 silly packumentCache full:https://registry.npmjs.org/ansi-regex set size:43572 disposed:false
1791 http cache https://registry.npmjs.org/ansi-styles 28ms (cache hit)
1792 silly packumentCache full:https://registry.npmjs.org/ansi-styles set size:63233 disposed:false
1793 silly packumentCache full:https://registry.npmjs.org/ansi-styles dispose
1794 http cache https://registry.npmjs.org/ansi-regex 31ms (cache hit)
1795 silly packumentCache full:https://registry.npmjs.org/ansi-regex set size:43572 disposed:false
1796 silly packumentCache full:https://registry.npmjs.org/ansi-regex dispose
1797 http fetch GET 200 https://registry.npmjs.org/eastasianwidth 79ms (cache miss)
1798 silly packumentCache full:https://registry.npmjs.org/eastasianwidth set size:undefined disposed:false
1799 silly placeDep node_modules/edge-impulse-cli brace-expansion@2.1.0 OK for: minimatch@9.0.9 want: ^2.0.2
1800 silly fetch manifest balanced-match@^1.0.0
1801 silly packumentCache full:https://registry.npmjs.org/balanced-match cache-miss
1802 http fetch GET 200 https://registry.npmjs.org/balanced-match 129ms (cache miss)
1803 silly packumentCache full:https://registry.npmjs.org/balanced-match set size:undefined disposed:false
1804 silly placeDep node_modules/edge-impulse-cli balanced-match@1.0.2 OK for: brace-expansion@2.1.0 want: ^1.0.0
1805 silly placeDep node_modules/edge-impulse-cli encoding@0.1.13 OK for: minipass-fetch@3.0.5 want: ^0.1.13
1806 silly placeDep node_modules/edge-impulse-cli minipass-sized@1.0.3 OK for: minipass-fetch@3.0.5 want: ^1.0.3
1807 silly fetch manifest iconv-lite@^0.6.2
1808 silly packumentCache full:https://registry.npmjs.org/iconv-lite cache-miss
1809 http cache https://registry.npmjs.org/iconv-lite 7ms (cache hit)
1810 silly packumentCache full:https://registry.npmjs.org/iconv-lite set size:120557 disposed:false
1811 silly placeDep node_modules/edge-impulse-cli/node_modules/encoding iconv-lite@0.6.3 OK for: encoding@0.1.13 want: ^0.6.2
1812 silly placeDep node_modules/edge-impulse-cli/node_modules/minipass-flush minipass@3.3.6 OK for: minipass-flush@1.0.7 want: ^3.0.0
1813 silly placeDep node_modules/edge-impulse-cli/node_modules/minipass-pipeline minipass@3.3.6 OK for: minipass-pipeline@1.2.4 want: ^3.0.0
1814 silly placeDep node_modules/edge-impulse-cli/node_modules/minipass-sized minipass@3.3.6 OK for: minipass-sized@1.0.3 want: ^3.0.0
1815 silly placeDep node_modules/edge-impulse-cli/node_modules/minizlib minipass@3.3.6 OK for: minizlib@2.1.2 want: ^3.0.0
1816 silly placeDep node_modules/edge-impulse-cli yallist@4.0.0 OK for: minizlib@2.1.2 want: ^4.0.0
1817 silly placeDep node_modules/edge-impulse-cli hosted-git-info@7.0.2 OK for: npm-package-arg@11.0.3 want: ^7.0.0
1818 silly placeDep node_modules/edge-impulse-cli validate-npm-package-name@5.0.1 OK for: npm-package-arg@11.0.3 want: ^5.0.0
1819 silly placeDep node_modules/edge-impulse-cli ee-first@1.1.1 OK for: on-finished@2.4.1 want: 1.1.1
1820 silly placeDep node_modules/edge-impulse-cli aggregate-error@3.1.0 OK for: p-map@4.0.0 want: ^3.0.0
1821 silly fetch manifest clean-stack@^2.0.0
1822 silly packumentCache full:https://registry.npmjs.org/clean-stack cache-miss
1823 silly fetch manifest indent-string@^4.0.0
1824 silly packumentCache full:https://registry.npmjs.org/indent-string cache-miss
1825 http fetch GET 200 https://registry.npmjs.org/indent-string 129ms (cache miss)
1826 silly packumentCache full:https://registry.npmjs.org/indent-string set size:undefined disposed:false
1827 http fetch GET 200 https://registry.npmjs.org/clean-stack 477ms (cache miss)
1828 silly packumentCache full:https://registry.npmjs.org/clean-stack set size:undefined disposed:false
1829 silly placeDep node_modules/edge-impulse-cli clean-stack@2.2.0 OK for: aggregate-error@3.1.0 want: ^2.0.0
1830 silly placeDep node_modules/edge-impulse-cli indent-string@4.0.0 OK for: aggregate-error@3.1.0 want: ^4.0.0
1831 silly placeDep node_modules/edge-impulse-cli err-code@2.0.3 OK for: promise-retry@2.0.1 want: ^2.0.2
1832 silly placeDep node_modules/edge-impulse-cli retry@0.12.0 OK for: promise-retry@2.0.1 want: ^0.12.0
1833 silly placeDep node_modules/edge-impulse-cli forwarded@0.2.0 OK for: proxy-addr@2.0.7 want: 0.2.0
1834 silly placeDep node_modules/edge-impulse-cli ipaddr.js@1.9.1 OK for: proxy-addr@2.0.7 want: 1.9.1
1835 silly placeDep node_modules/edge-impulse-cli side-channel@1.1.0 OK for: qs@6.13.0 want: ^1.0.6
1836 silly fetch manifest es-errors@^1.3.0
1837 silly packumentCache full:https://registry.npmjs.org/es-errors cache-miss
1838 silly fetch manifest object-inspect@^1.13.3
1839 silly packumentCache full:https://registry.npmjs.org/object-inspect cache-miss
1840 silly fetch manifest side-channel-list@^1.0.0
1841 silly packumentCache full:https://registry.npmjs.org/side-channel-list cache-miss
1842 silly fetch manifest side-channel-map@^1.0.1
1843 silly packumentCache full:https://registry.npmjs.org/side-channel-map cache-miss
1844 silly fetch manifest side-channel-weakmap@^1.0.2
1845 silly packumentCache full:https://registry.npmjs.org/side-channel-weakmap cache-miss
1846 http fetch GET 200 https://registry.npmjs.org/es-errors 88ms (cache miss)
1847 silly packumentCache full:https://registry.npmjs.org/es-errors set size:undefined disposed:false
1848 http fetch GET 200 https://registry.npmjs.org/side-channel-map 93ms (cache miss)
1849 silly packumentCache full:https://registry.npmjs.org/side-channel-map set size:undefined disposed:false
1850 http fetch GET 200 https://registry.npmjs.org/side-channel-list 95ms (cache miss)
1851 silly packumentCache full:https://registry.npmjs.org/side-channel-list set size:undefined disposed:false
1852 http fetch GET 200 https://registry.npmjs.org/object-inspect 193ms (cache miss)
1853 silly packumentCache full:https://registry.npmjs.org/object-inspect set size:undefined disposed:false
1854 http fetch GET 200 https://registry.npmjs.org/side-channel-weakmap 439ms (cache miss)
1855 silly packumentCache full:https://registry.npmjs.org/side-channel-weakmap set size:undefined disposed:false
1856 silly placeDep node_modules/edge-impulse-cli onetime@5.1.2 OK for: restore-cursor@3.1.0 want: ^5.1.0
1857 silly placeDep node_modules/edge-impulse-cli/node_modules/restore-cursor signal-exit@3.0.7 OK for: restore-cursor@3.1.0 want: ^3.0.2
1858 silly fetch manifest mimic-fn@^2.1.0
1859 silly packumentCache full:https://registry.npmjs.org/mimic-fn cache-miss
1860 http fetch GET 200 https://registry.npmjs.org/mimic-fn 119ms (cache miss)
1861 silly packumentCache full:https://registry.npmjs.org/mimic-fn set size:undefined disposed:false
1862 silly placeDep node_modules/edge-impulse-cli mimic-fn@2.1.0 OK for: onetime@5.1.2 want: ^2.1.0
1863 silly placeDep node_modules/edge-impulse-cli/node_modules/rxjs tslib@1.14.1 OK for: rxjs@6.6.7 want: ^1.9.0
1864 silly placeDep node_modules/edge-impulse-cli/node_modules/send encodeurl@1.0.2 OK for: send@0.19.0 want: ~1.0.2
1865 silly placeDep node_modules/edge-impulse-cli mime@1.6.0 OK for: send@0.19.0 want: 1.6.0
1866 silly placeDep node_modules/edge-impulse-cli/node_modules/send ms@2.1.3 OK for: send@0.19.0 want: 2.1.3
1867 silly placeDep node_modules/edge-impulse-cli @serialport/binding-mock@8.0.6 OK for: serialport@8.0.8 want: ^8.0.6
1868 silly placeDep node_modules/edge-impulse-cli @serialport/bindings@8.0.8 OK for: serialport@8.0.8 want: ^8.0.8
1869 silly placeDep node_modules/edge-impulse-cli @serialport/parser-byte-length@8.0.6 OK for: serialport@8.0.8 want: ^8.0.6
1870 silly placeDep node_modules/edge-impulse-cli @serialport/parser-cctalk@8.0.6 OK for: serialport@8.0.8 want: ^8.0.6
1871 silly placeDep node_modules/edge-impulse-cli @serialport/parser-delimiter@8.0.6 OK for: serialport@8.0.8 want: ^8.0.6
1872 silly placeDep node_modules/edge-impulse-cli @serialport/parser-readline@8.0.6 OK for: serialport@8.0.8 want: ^8.0.6
1873 silly placeDep node_modules/edge-impulse-cli @serialport/parser-ready@8.0.6 OK for: serialport@8.0.8 want: ^8.0.6
1874 silly placeDep node_modules/edge-impulse-cli @serialport/parser-regex@8.0.6 OK for: serialport@8.0.8 want: ^8.0.6
1875 silly placeDep node_modules/edge-impulse-cli @serialport/stream@8.0.6 OK for: serialport@8.0.8 want: ^8.0.6
1876 silly placeDep node_modules/edge-impulse-cli/node_modules/serialport debug@4.4.3 OK for: serialport@8.0.8 want: ^4.1.1
1877 silly fetch manifest @serialport/binding-abstract@^8.0.6
1878 silly packumentCache full:https://registry.npmjs.org/@serialport%2fbinding-abstract cache-miss
1879 silly fetch manifest @serialport/binding-abstract@^8.0.6
1880 silly packumentCache full:https://registry.npmjs.org/@serialport%2fbinding-abstract cache-miss
1881 silly fetch manifest bindings@^1.5.0
1882 silly packumentCache full:https://registry.npmjs.org/bindings cache-miss
1883 silly fetch manifest nan@^2.14.0
1884 silly packumentCache full:https://registry.npmjs.org/nan cache-miss
1885 silly fetch manifest prebuild-install@^5.3.0
1886 silly packumentCache full:https://registry.npmjs.org/prebuild-install cache-miss
1887 http cache https://registry.npmjs.org/prebuild-install 8ms (cache hit)
1888 silly packumentCache full:https://registry.npmjs.org/prebuild-install set size:184615 disposed:false
1889 http fetch GET 200 https://registry.npmjs.org/bindings 80ms (cache miss)
1890 silly packumentCache full:https://registry.npmjs.org/bindings set size:undefined disposed:false
1891 http fetch GET 200 https://registry.npmjs.org/nan 207ms (cache miss)
1892 silly packumentCache full:https://registry.npmjs.org/nan set size:undefined disposed:false
1893 http fetch GET 200 https://registry.npmjs.org/@serialport%2fbinding-abstract 860ms (cache miss)
1894 silly packumentCache full:https://registry.npmjs.org/@serialport%2fbinding-abstract set size:undefined disposed:false
1895 http fetch GET 200 https://registry.npmjs.org/@serialport%2fbinding-abstract 933ms (cache miss)
1896 silly packumentCache full:https://registry.npmjs.org/@serialport%2fbinding-abstract set size:undefined disposed:false
1897 silly placeDep node_modules/edge-impulse-cli @serialport/binding-abstract@8.0.6 OK for: @serialport/binding-mock@8.0.6 want: ^8.0.6
1898 silly placeDep node_modules/edge-impulse-cli/node_modules/@serialport/binding-mock debug@4.4.3 OK for: @serialport/binding-mock@8.0.6 want: ^4.1.1
1899 silly placeDep node_modules/edge-impulse-cli/node_modules/@serialport/binding-abstract debug@4.4.3 OK for: @serialport/binding-abstract@8.0.6 want: ^4.1.1
1900 silly placeDep node_modules/edge-impulse-cli bindings@1.5.0 OK for: @serialport/bindings@8.0.8 want: ^1.5.0
1901 silly placeDep node_modules/edge-impulse-cli/node_modules/@serialport/bindings debug@4.4.3 OK for: @serialport/bindings@8.0.8 want: ^4.1.1
1902 silly placeDep node_modules/edge-impulse-cli nan@2.26.2 OK for: @serialport/bindings@8.0.8 want: ^2.14.0
1903 silly placeDep node_modules/edge-impulse-cli prebuild-install@5.3.6 OK for: @serialport/bindings@8.0.8 want: ^5.3.0
1904 silly fetch manifest file-uri-to-path@1.0.0
1905 silly packumentCache full:https://registry.npmjs.org/file-uri-to-path cache-miss
1906 silly fetch manifest rc@^1.2.7
1907 silly packumentCache full:https://registry.npmjs.org/rc cache-miss
1908 silly fetch manifest pump@^3.0.0
1909 silly packumentCache full:https://registry.npmjs.org/pump cache-miss
1910 silly fetch manifest npmlog@^4.0.1
1911 silly packumentCache full:https://registry.npmjs.org/npmlog cache-miss
1912 silly fetch manifest tar-fs@^2.0.0
1913 silly packumentCache full:https://registry.npmjs.org/tar-fs cache-miss
1914 silly fetch manifest minimist@^1.2.3
1915 silly packumentCache full:https://registry.npmjs.org/minimist cache-miss
1916 silly fetch manifest node-abi@^2.7.0
1917 silly packumentCache full:https://registry.npmjs.org/node-abi cache-miss
1918 http cache https://registry.npmjs.org/tar-fs 11ms (cache hit)
1919 silly packumentCache full:https://registry.npmjs.org/tar-fs set size:122750 disposed:false
1920 silly fetch manifest simple-get@^3.0.3
1921 silly packumentCache full:https://registry.npmjs.org/simple-get cache-miss
1922 http cache https://registry.npmjs.org/simple-get 5ms (cache hit)
1923 silly packumentCache full:https://registry.npmjs.org/simple-get set size:90014 disposed:false
1924 silly fetch manifest detect-libc@^1.0.3
1925 silly packumentCache full:https://registry.npmjs.org/detect-libc cache-miss
1926 http cache https://registry.npmjs.org/detect-libc 8ms (cache hit)
1927 silly packumentCache full:https://registry.npmjs.org/detect-libc set size:47861 disposed:false
1928 silly fetch manifest noop-logger@^0.1.1
1929 silly packumentCache full:https://registry.npmjs.org/noop-logger cache-miss
1930 http fetch GET 200 https://registry.npmjs.org/minimist 85ms (cache miss)
1931 silly packumentCache full:https://registry.npmjs.org/minimist set size:undefined disposed:false
1932 silly fetch manifest which-pm-runs@^1.0.0
1933 silly packumentCache full:https://registry.npmjs.org/which-pm-runs cache-miss
1934 http fetch GET 200 https://registry.npmjs.org/noop-logger 71ms (cache miss)
1935 silly packumentCache full:https://registry.npmjs.org/noop-logger set size:undefined disposed:false
1936 silly fetch manifest mkdirp-classic@^0.5.3
1937 silly packumentCache full:https://registry.npmjs.org/mkdirp-classic cache-miss
1938 http fetch GET 200 https://registry.npmjs.org/rc 115ms (cache miss)
1939 silly packumentCache full:https://registry.npmjs.org/rc set size:undefined disposed:false
1940 silly fetch manifest expand-template@^2.0.3
1941 silly packumentCache full:https://registry.npmjs.org/expand-template cache-miss
1942 http fetch GET 200 https://registry.npmjs.org/pump 127ms (cache miss)
1943 silly packumentCache full:https://registry.npmjs.org/pump set size:undefined disposed:false
1944 silly fetch manifest napi-build-utils@^1.0.1
1945 silly packumentCache full:https://registry.npmjs.org/napi-build-utils cache-miss
1946 http fetch GET 200 https://registry.npmjs.org/mkdirp-classic 83ms (cache miss)
1947 silly packumentCache full:https://registry.npmjs.org/mkdirp-classic set size:undefined disposed:false
1948 silly fetch manifest github-from-package@0.0.0
1949 silly packumentCache full:https://registry.npmjs.org/github-from-package cache-miss
1950 http fetch GET 200 https://registry.npmjs.org/which-pm-runs 113ms (cache miss)
1951 silly packumentCache full:https://registry.npmjs.org/which-pm-runs set size:undefined disposed:false
1952 http fetch GET 200 https://registry.npmjs.org/expand-template 111ms (cache miss)
1953 silly packumentCache full:https://registry.npmjs.org/expand-template set size:undefined disposed:false
1954 http fetch GET 200 https://registry.npmjs.org/napi-build-utils 100ms (cache miss)
1955 silly packumentCache full:https://registry.npmjs.org/napi-build-utils set size:undefined disposed:false
1956 http fetch GET 200 https://registry.npmjs.org/file-uri-to-path 305ms (cache miss)
1957 silly packumentCache full:https://registry.npmjs.org/file-uri-to-path set size:undefined disposed:false
1958 http fetch GET 200 https://registry.npmjs.org/github-from-package 145ms (cache miss)
1959 silly packumentCache full:https://registry.npmjs.org/github-from-package set size:undefined disposed:false
1960 http fetch GET 200 https://registry.npmjs.org/node-abi 411ms (cache miss)
1961 silly packumentCache full:https://registry.npmjs.org/node-abi set size:undefined disposed:false
1962 http fetch GET 200 https://registry.npmjs.org/npmlog 514ms (cache miss)
1963 silly packumentCache full:https://registry.npmjs.org/npmlog set size:undefined disposed:false
1964 silly placeDep node_modules/edge-impulse-cli/node_modules/@serialport/stream debug@4.4.3 OK for: @serialport/stream@8.0.6 want: ^4.1.1
1965 silly placeDep node_modules/edge-impulse-cli file-uri-to-path@1.0.0 OK for: bindings@1.5.0 want: 1.0.0
1966 silly placeDep node_modules/edge-impulse-cli detect-libc@1.0.3 OK for: prebuild-install@5.3.6 want: ^1.0.3
1967 silly placeDep node_modules/edge-impulse-cli expand-template@2.0.3 OK for: prebuild-install@5.3.6 want: ^2.0.3
1968 silly placeDep node_modules/edge-impulse-cli github-from-package@0.0.0 OK for: prebuild-install@5.3.6 want: 0.0.0
1969 silly placeDep node_modules/edge-impulse-cli minimist@1.2.8 OK for: prebuild-install@5.3.6 want: ^1.2.3
1970 silly placeDep node_modules/edge-impulse-cli mkdirp-classic@0.5.3 OK for: prebuild-install@5.3.6 want: ^0.5.3
1971 silly placeDep node_modules/edge-impulse-cli napi-build-utils@1.0.2 OK for: prebuild-install@5.3.6 want: ^1.0.1
1972 silly placeDep node_modules/edge-impulse-cli node-abi@2.30.1 OK for: prebuild-install@5.3.6 want: ^2.7.0
1973 silly placeDep node_modules/edge-impulse-cli noop-logger@0.1.1 OK for: prebuild-install@5.3.6 want: ^0.1.1
1974 silly placeDep node_modules/edge-impulse-cli npmlog@4.1.2 OK for: prebuild-install@5.3.6 want: ^4.0.1
1975 silly placeDep node_modules/edge-impulse-cli pump@3.0.4 OK for: prebuild-install@5.3.6 want: ^3.0.0
1976 silly placeDep node_modules/edge-impulse-cli rc@1.2.8 OK for: prebuild-install@5.3.6 want: ^1.2.7
1977 silly placeDep node_modules/edge-impulse-cli simple-get@3.1.1 OK for: prebuild-install@5.3.6 want: ^3.0.3
1978 silly placeDep node_modules/edge-impulse-cli tar-fs@2.1.4 OK for: prebuild-install@5.3.6 want: ^2.0.0
1979 silly placeDep node_modules/edge-impulse-cli tunnel-agent@0.6.0 OK for: prebuild-install@5.3.6 want: ^0.6.0
1980 silly placeDep node_modules/edge-impulse-cli which-pm-runs@1.1.0 OK for: prebuild-install@5.3.6 want: ^1.0.0
1981 silly fetch manifest semver@^5.4.1
1982 silly packumentCache full:https://registry.npmjs.org/semver cache-hit
1983 silly fetch manifest gauge@~2.7.3
1984 silly packumentCache full:https://registry.npmjs.org/gauge cache-miss
1985 silly fetch manifest set-blocking@~2.0.0
1986 silly packumentCache full:https://registry.npmjs.org/set-blocking cache-miss
1987 silly fetch manifest are-we-there-yet@~1.1.2
1988 silly packumentCache full:https://registry.npmjs.org/are-we-there-yet cache-miss
1989 silly fetch manifest console-control-strings@~1.1.0
1990 silly packumentCache full:https://registry.npmjs.org/console-control-strings cache-miss
1991 silly fetch manifest end-of-stream@^1.1.0
1992 silly packumentCache full:https://registry.npmjs.org/end-of-stream cache-miss
1993 silly fetch manifest once@^1.3.1
1994 silly packumentCache full:https://registry.npmjs.org/once cache-miss
1995 silly fetch manifest ini@~1.3.0
1996 silly packumentCache full:https://registry.npmjs.org/ini cache-miss
1997 http fetch GET 200 https://registry.npmjs.org/gauge 120ms (cache miss)
1998 silly packumentCache full:https://registry.npmjs.org/gauge set size:undefined disposed:false
1999 silly fetch manifest deep-extend@^0.6.0
2000 silly packumentCache full:https://registry.npmjs.org/deep-extend cache-miss
2001 http fetch GET 200 https://registry.npmjs.org/end-of-stream 129ms (cache miss)
2002 silly packumentCache full:https://registry.npmjs.org/end-of-stream set size:undefined disposed:false
2003 silly fetch manifest strip-json-comments@~2.0.1
2004 silly packumentCache full:https://registry.npmjs.org/strip-json-comments cache-miss
2005 http fetch GET 200 https://registry.npmjs.org/console-control-strings 138ms (cache miss)
2006 silly packumentCache full:https://registry.npmjs.org/console-control-strings set size:undefined disposed:false
2007 silly fetch manifest decompress-response@^4.2.0
2008 silly packumentCache full:https://registry.npmjs.org/decompress-response cache-miss
2009 http fetch GET 200 https://registry.npmjs.org/set-blocking 142ms (cache miss)
2010 silly packumentCache full:https://registry.npmjs.org/set-blocking set size:undefined disposed:false
2011 silly fetch manifest once@^1.3.1
2012 silly packumentCache full:https://registry.npmjs.org/once cache-miss
2013 http fetch GET 200 https://registry.npmjs.org/once 155ms (cache miss)
2014 silly packumentCache full:https://registry.npmjs.org/once set size:undefined disposed:false
2015 silly fetch manifest simple-concat@^1.0.0
2016 silly packumentCache full:https://registry.npmjs.org/simple-concat cache-miss
2017 http fetch GET 200 https://registry.npmjs.org/ini 181ms (cache miss)
2018 silly packumentCache full:https://registry.npmjs.org/ini set size:undefined disposed:false
2019 silly fetch manifest chownr@^1.1.1
2020 silly packumentCache full:https://registry.npmjs.org/chownr cache-miss
2021 http cache https://registry.npmjs.org/chownr 21ms (cache hit)
2022 silly packumentCache full:https://registry.npmjs.org/chownr set size:22157 disposed:false
2023 silly fetch manifest tar-stream@^2.1.4
2024 silly packumentCache full:https://registry.npmjs.org/tar-stream cache-miss
2025 http cache https://registry.npmjs.org/once 64ms (cache hit)
2026 silly packumentCache full:https://registry.npmjs.org/once set size:11752 disposed:false
2027 http fetch GET 200 https://registry.npmjs.org/are-we-there-yet 232ms (cache miss)
2028 silly packumentCache full:https://registry.npmjs.org/are-we-there-yet set size:undefined disposed:false
2029 http fetch GET 200 https://registry.npmjs.org/strip-json-comments 194ms (cache miss)
2030 silly packumentCache full:https://registry.npmjs.org/strip-json-comments set size:undefined disposed:false
2031 http fetch GET 200 https://registry.npmjs.org/simple-concat 179ms (cache miss)
2032 silly packumentCache full:https://registry.npmjs.org/simple-concat set size:undefined disposed:false
2033 http fetch GET 200 https://registry.npmjs.org/deep-extend 465ms (cache miss)
2034 silly packumentCache full:https://registry.npmjs.org/deep-extend set size:undefined disposed:false
2035 http fetch GET 200 https://registry.npmjs.org/tar-stream 408ms (cache miss)
2036 silly packumentCache full:https://registry.npmjs.org/tar-stream set size:undefined disposed:false
2037 http fetch GET 200 https://registry.npmjs.org/decompress-response 31710ms (cache miss)
2038 silly packumentCache full:https://registry.npmjs.org/decompress-response set size:undefined disposed:false
2039 silly placeDep node_modules/edge-impulse-cli/node_modules/node-abi semver@5.7.2 OK for: node-abi@2.30.1 want: ^5.4.1
2040 silly placeDep node_modules/edge-impulse-cli are-we-there-yet@1.1.7 OK for: npmlog@4.1.2 want: ~1.1.2
2041 silly placeDep node_modules/edge-impulse-cli console-control-strings@1.1.0 OK for: npmlog@4.1.2 want: ~1.1.0
2042 silly placeDep node_modules/edge-impulse-cli gauge@2.7.4 OK for: npmlog@4.1.2 want: ~2.7.3
2043 silly placeDep node_modules/edge-impulse-cli set-blocking@2.0.0 OK for: npmlog@4.1.2 want: ~2.0.0
2044 silly fetch manifest delegates@^1.0.0
2045 silly packumentCache full:https://registry.npmjs.org/delegates cache-miss
2046 silly fetch manifest readable-stream@^2.0.6
2047 silly packumentCache full:https://registry.npmjs.org/readable-stream cache-miss
2048 silly fetch manifest aproba@^1.0.3
2049 silly packumentCache full:https://registry.npmjs.org/aproba cache-miss
2050 silly fetch manifest strip-ansi@^3.0.1
2051 silly packumentCache full:https://registry.npmjs.org/strip-ansi cache-hit
2052 silly fetch manifest wide-align@^1.1.0
2053 silly packumentCache full:https://registry.npmjs.org/wide-align cache-miss
2054 silly fetch manifest has-unicode@^2.0.0
2055 silly packumentCache full:https://registry.npmjs.org/has-unicode cache-miss
2056 silly fetch manifest signal-exit@^3.0.0
2057 silly packumentCache full:https://registry.npmjs.org/signal-exit cache-hit
2058 silly fetch manifest string-width@^1.0.1
2059 silly packumentCache full:https://registry.npmjs.org/string-width cache-hit
2060 silly fetch manifest object-assign@^4.1.0
2061 silly packumentCache full:https://registry.npmjs.org/object-assign cache-miss
2062 http fetch GET 200 https://registry.npmjs.org/wide-align 89ms (cache miss)
2063 silly packumentCache full:https://registry.npmjs.org/wide-align set size:undefined disposed:false
2064 http fetch GET 200 https://registry.npmjs.org/has-unicode 100ms (cache miss)
2065 silly packumentCache full:https://registry.npmjs.org/has-unicode set size:undefined disposed:false
2066 http fetch GET 200 https://registry.npmjs.org/delegates 104ms (cache miss)
2067 silly packumentCache full:https://registry.npmjs.org/delegates set size:undefined disposed:false
2068 http fetch GET 200 https://registry.npmjs.org/aproba 135ms (cache miss)
2069 silly packumentCache full:https://registry.npmjs.org/aproba set size:undefined disposed:false
2070 http fetch GET 200 https://registry.npmjs.org/readable-stream 285ms (cache miss)
2071 silly packumentCache full:https://registry.npmjs.org/readable-stream set size:undefined disposed:false
2072 http fetch GET 200 https://registry.npmjs.org/object-assign 398ms (cache miss)
2073 silly packumentCache full:https://registry.npmjs.org/object-assign set size:undefined disposed:false
2074 silly placeDep node_modules/edge-impulse-cli delegates@1.0.0 OK for: are-we-there-yet@1.1.7 want: ^1.0.0
2075 silly placeDep node_modules/edge-impulse-cli readable-stream@2.3.8 OK for: are-we-there-yet@1.1.7 want: ^2.0.6
2076 silly fetch manifest isarray@~1.0.0
2077 silly packumentCache full:https://registry.npmjs.org/isarray cache-miss
2078 silly fetch manifest safe-buffer@~5.1.1
2079 silly packumentCache full:https://registry.npmjs.org/safe-buffer cache-miss
2080 silly fetch manifest core-util-is@~1.0.0
2081 silly packumentCache full:https://registry.npmjs.org/core-util-is cache-miss
2082 silly fetch manifest string_decoder@~1.1.1
2083 silly packumentCache full:https://registry.npmjs.org/string_decoder cache-miss
2084 silly fetch manifest util-deprecate@~1.0.1
2085 silly packumentCache full:https://registry.npmjs.org/util-deprecate cache-miss
2086 silly fetch manifest process-nextick-args@~2.0.0
2087 silly packumentCache full:https://registry.npmjs.org/process-nextick-args cache-miss
2088 http cache https://registry.npmjs.org/safe-buffer 25ms (cache hit)
2089 silly packumentCache full:https://registry.npmjs.org/safe-buffer set size:41183 disposed:false
2090 http fetch GET 200 https://registry.npmjs.org/core-util-is 92ms (cache miss)
2091 silly packumentCache full:https://registry.npmjs.org/core-util-is set size:undefined disposed:false
2092 http fetch GET 200 https://registry.npmjs.org/string_decoder 93ms (cache miss)
2093 silly packumentCache full:https://registry.npmjs.org/string_decoder set size:undefined disposed:false
2094 http fetch GET 200 https://registry.npmjs.org/util-deprecate 126ms (cache miss)
2095 silly packumentCache full:https://registry.npmjs.org/util-deprecate set size:undefined disposed:false
2096 http fetch GET 200 https://registry.npmjs.org/process-nextick-args 135ms (cache miss)
2097 silly packumentCache full:https://registry.npmjs.org/process-nextick-args set size:undefined disposed:false
2098 http fetch GET 200 https://registry.npmjs.org/isarray 143ms (cache miss)
2099 silly packumentCache full:https://registry.npmjs.org/isarray set size:undefined disposed:false
2100 silly placeDep node_modules/edge-impulse-cli aproba@1.2.0 OK for: gauge@2.7.4 want: ^1.0.3
2101 silly placeDep node_modules/edge-impulse-cli has-unicode@2.0.1 OK for: gauge@2.7.4 want: ^2.0.0
2102 silly placeDep node_modules/edge-impulse-cli object-assign@4.1.1 OK for: gauge@2.7.4 want: ^4.1.0
2103 silly placeDep node_modules/edge-impulse-cli/node_modules/gauge signal-exit@3.0.7 OK for: gauge@2.7.4 want: ^3.0.0
2104 silly placeDep node_modules/edge-impulse-cli/node_modules/gauge string-width@1.0.2 OK for: gauge@2.7.4 want: ^1.0.1
2105 silly placeDep node_modules/edge-impulse-cli/node_modules/gauge strip-ansi@3.0.1 OK for: gauge@2.7.4 want: ^3.0.1
2106 silly placeDep node_modules/edge-impulse-cli wide-align@1.1.5 OK for: gauge@2.7.4 want: ^1.1.0
2107 silly fetch manifest strip-ansi@^3.0.0
2108 silly packumentCache full:https://registry.npmjs.org/strip-ansi cache-hit
2109 silly fetch manifest code-point-at@^1.0.0
2110 silly packumentCache full:https://registry.npmjs.org/code-point-at cache-miss
2111 silly fetch manifest is-fullwidth-code-point@^1.0.0
2112 silly packumentCache full:https://registry.npmjs.org/is-fullwidth-code-point cache-miss
2113 silly fetch manifest ansi-regex@^2.0.0
2114 silly packumentCache full:https://registry.npmjs.org/ansi-regex cache-hit
2115 http cache https://registry.npmjs.org/is-fullwidth-code-point 13ms (cache hit)
2116 silly packumentCache full:https://registry.npmjs.org/is-fullwidth-code-point set size:14578 disposed:false
2117 http fetch GET 200 https://registry.npmjs.org/code-point-at 87ms (cache miss)
2118 silly packumentCache full:https://registry.npmjs.org/code-point-at set size:undefined disposed:false
2119 silly placeDep node_modules/edge-impulse-cli end-of-stream@1.4.5 OK for: pump@3.0.4 want: ^1.1.0
2120 silly placeDep node_modules/edge-impulse-cli once@1.4.0 OK for: pump@3.0.4 want: ^1.3.1
2121 silly fetch manifest once@^1.4.0
2122 silly packumentCache full:https://registry.npmjs.org/once cache-hit
2123 silly fetch manifest wrappy@1
2124 silly packumentCache full:https://registry.npmjs.org/wrappy cache-miss
2125 http fetch GET 200 https://registry.npmjs.org/wrappy 455ms (cache miss)
2126 silly packumentCache full:https://registry.npmjs.org/wrappy set size:undefined disposed:false
2127 silly placeDep node_modules/edge-impulse-cli wrappy@1.0.2 OK for: once@1.4.0 want: 1
2128 silly placeDep node_modules/edge-impulse-cli deep-extend@0.6.0 OK for: rc@1.2.8 want: ^0.6.0
2129 silly placeDep node_modules/edge-impulse-cli ini@1.3.8 OK for: rc@1.2.8 want: ~1.3.0
2130 silly placeDep node_modules/edge-impulse-cli strip-json-comments@2.0.1 OK for: rc@1.2.8 want: ~2.0.1
2131 silly placeDep node_modules/edge-impulse-cli core-util-is@1.0.3 OK for: readable-stream@2.3.8 want: ~1.0.0
2132 silly placeDep node_modules/edge-impulse-cli isarray@1.0.0 OK for: readable-stream@2.3.8 want: ~1.0.0
2133 silly placeDep node_modules/edge-impulse-cli process-nextick-args@2.0.1 OK for: readable-stream@2.3.8 want: ~2.0.0
2134 silly placeDep node_modules/edge-impulse-cli/node_modules/readable-stream safe-buffer@5.1.2 OK for: readable-stream@2.3.8 want: ~5.1.1
2135 silly placeDep node_modules/edge-impulse-cli string_decoder@1.1.1 OK for: readable-stream@2.3.8 want: ~1.1.1
2136 silly placeDep node_modules/edge-impulse-cli util-deprecate@1.0.2 OK for: readable-stream@2.3.8 want: ~1.0.1
2137 silly fetch manifest safe-buffer@~5.1.0
2138 silly packumentCache full:https://registry.npmjs.org/safe-buffer cache-hit
2139 silly placeDep node_modules/edge-impulse-cli color@4.2.3 OK for: sharp@0.32.6 want: ^4.2.3
2140 silly placeDep node_modules/edge-impulse-cli/node_modules/sharp detect-libc@2.1.2 OK for: sharp@0.32.6 want: ^2.0.2
2141 silly placeDep node_modules/edge-impulse-cli node-addon-api@6.1.0 OK for: sharp@0.32.6 want: ^6.1.0
2142 silly placeDep node_modules/edge-impulse-cli/node_modules/sharp prebuild-install@7.1.3 OK for: sharp@0.32.6 want: ^7.1.1
2143 silly placeDep node_modules/edge-impulse-cli/node_modules/sharp simple-get@4.0.1 OK for: sharp@0.32.6 want: ^4.0.1
2144 silly placeDep node_modules/edge-impulse-cli/node_modules/sharp tar-fs@3.1.2 OK for: sharp@0.32.6 want: ^3.0.4
2145 silly fetch manifest color-string@^1.9.0
2146 silly packumentCache full:https://registry.npmjs.org/color-string cache-miss
2147 silly fetch manifest color-convert@^2.0.1
2148 silly packumentCache full:https://registry.npmjs.org/color-convert cache-miss
2149 silly fetch manifest node-abi@^3.3.0
2150 silly packumentCache full:https://registry.npmjs.org/node-abi cache-miss
2151 silly fetch manifest simple-get@^4.0.0
2152 silly packumentCache full:https://registry.npmjs.org/simple-get cache-hit
2153 silly fetch manifest napi-build-utils@^2.0.0
2154 silly packumentCache full:https://registry.npmjs.org/napi-build-utils cache-miss
2155 silly fetch manifest decompress-response@^6.0.0
2156 silly packumentCache full:https://registry.npmjs.org/decompress-response cache-miss
2157 silly fetch manifest tar-stream@^3.1.5
2158 silly packumentCache full:https://registry.npmjs.org/tar-stream cache-miss
2159 silly fetch manifest bare-fs@^4.0.1
2160 silly packumentCache full:https://registry.npmjs.org/bare-fs cache-miss
2161 http cache https://registry.npmjs.org/tar-stream 14ms (cache hit)
2162 silly packumentCache full:https://registry.npmjs.org/tar-stream set size:134193 disposed:false
2163 silly fetch manifest bare-path@^3.0.0
2164 silly packumentCache full:https://registry.npmjs.org/bare-path cache-miss
2165 http cache https://registry.npmjs.org/napi-build-utils 29ms (cache hit)
2166 silly packumentCache full:https://registry.npmjs.org/napi-build-utils set size:13501 disposed:false
2167 http cache https://registry.npmjs.org/decompress-response 28ms (cache hit)
2168 silly packumentCache full:https://registry.npmjs.org/decompress-response set size:36213 disposed:false
2169 http cache https://registry.npmjs.org/node-abi 31ms (cache hit)
2170 silly packumentCache full:https://registry.npmjs.org/node-abi set size:358050 disposed:false
2171 http cache https://registry.npmjs.org/color-convert 39ms (cache hit)
2172 silly packumentCache full:https://registry.npmjs.org/color-convert set size:72663 disposed:false
2173 http fetch GET 200 https://registry.npmjs.org/color-string 245ms (cache miss)
2174 silly packumentCache full:https://registry.npmjs.org/color-string set size:undefined disposed:false
2175 http fetch GET 200 https://registry.npmjs.org/bare-fs 275ms (cache miss)
2176 silly packumentCache full:https://registry.npmjs.org/bare-fs set size:undefined disposed:false
2177 http fetch GET 200 https://registry.npmjs.org/bare-path 707ms (cache miss)
2178 silly packumentCache full:https://registry.npmjs.org/bare-path set size:undefined disposed:false
2179 silly placeDep node_modules/edge-impulse-cli/node_modules/color color-convert@2.0.1 OK for: color@4.2.3 want: ^2.0.1
2180 silly placeDep node_modules/edge-impulse-cli color-string@1.9.1 OK for: color@4.2.3 want: ^1.9.0
2181 silly fetch manifest color-name@~1.1.4
2182 silly packumentCache full:https://registry.npmjs.org/color-name cache-miss
2183 silly fetch manifest simple-swizzle@^0.2.2
2184 silly packumentCache full:https://registry.npmjs.org/simple-swizzle cache-miss
2185 http cache https://registry.npmjs.org/color-name 12ms (cache hit)
2186 silly packumentCache full:https://registry.npmjs.org/color-name set size:19467 disposed:false
2187 http fetch GET 200 https://registry.npmjs.org/simple-swizzle 340ms (cache miss)
2188 silly packumentCache full:https://registry.npmjs.org/simple-swizzle set size:undefined disposed:false
2189 silly placeDep node_modules/edge-impulse-cli simple-swizzle@0.2.4 OK for: color-string@1.9.1 want: ^0.2.2
2190 silly fetch manifest is-arrayish@^0.3.1
2191 silly packumentCache full:https://registry.npmjs.org/is-arrayish cache-miss
2192 http fetch GET 200 https://registry.npmjs.org/is-arrayish 118ms (cache miss)
2193 silly packumentCache full:https://registry.npmjs.org/is-arrayish set size:undefined disposed:false
2194 silly placeDep node_modules/edge-impulse-cli shebang-regex@3.0.0 OK for: shebang-command@2.0.0 want: ^3.0.0
2195 silly placeDep node_modules/edge-impulse-cli es-errors@1.3.0 OK for: side-channel@1.1.0 want: ^1.3.0
2196 silly placeDep node_modules/edge-impulse-cli object-inspect@1.13.4 OK for: side-channel@1.1.0 want: ^1.13.3
2197 silly placeDep node_modules/edge-impulse-cli side-channel-list@1.0.1 OK for: side-channel@1.1.0 want: ^1.0.0
2198 silly placeDep node_modules/edge-impulse-cli side-channel-map@1.0.1 OK for: side-channel@1.1.0 want: ^1.0.1
2199 silly placeDep node_modules/edge-impulse-cli side-channel-weakmap@1.0.2 OK for: side-channel@1.1.0 want: ^1.0.2
2200 silly fetch manifest call-bound@^1.0.2
2201 silly packumentCache full:https://registry.npmjs.org/call-bound cache-miss
2202 silly fetch manifest get-intrinsic@^1.2.5
2203 silly packumentCache full:https://registry.npmjs.org/get-intrinsic cache-miss
2204 silly fetch manifest call-bound@^1.0.2
2205 silly packumentCache full:https://registry.npmjs.org/call-bound cache-miss
2206 silly fetch manifest get-intrinsic@^1.2.5
2207 silly packumentCache full:https://registry.npmjs.org/get-intrinsic cache-miss
2208 http fetch GET 200 https://registry.npmjs.org/call-bound 95ms (cache miss)
2209 silly packumentCache full:https://registry.npmjs.org/call-bound set size:undefined disposed:false
2210 http fetch GET 200 https://registry.npmjs.org/call-bound 100ms (cache miss)
2211 silly packumentCache full:https://registry.npmjs.org/call-bound set size:undefined disposed:false
2212 http fetch GET 200 https://registry.npmjs.org/get-intrinsic 197ms (cache miss)
2213 silly packumentCache full:https://registry.npmjs.org/get-intrinsic set size:undefined disposed:false
2214 http fetch GET 200 https://registry.npmjs.org/get-intrinsic 200ms (cache miss)
2215 silly packumentCache full:https://registry.npmjs.org/get-intrinsic set size:undefined disposed:false
2216 silly placeDep node_modules/edge-impulse-cli call-bound@1.0.4 OK for: side-channel-map@1.0.1 want: ^1.0.2
2217 silly placeDep node_modules/edge-impulse-cli get-intrinsic@1.3.0 OK for: side-channel-map@1.0.1 want: ^1.2.5
2218 silly fetch manifest call-bind-apply-helpers@^1.0.2
2219 silly packumentCache full:https://registry.npmjs.org/call-bind-apply-helpers cache-miss
2220 silly fetch manifest get-intrinsic@^1.3.0
2221 silly packumentCache full:https://registry.npmjs.org/get-intrinsic cache-miss
2222 silly fetch manifest gopd@^1.2.0
2223 silly packumentCache full:https://registry.npmjs.org/gopd cache-miss
2224 silly fetch manifest hasown@^2.0.2
2225 silly packumentCache full:https://registry.npmjs.org/hasown cache-miss
2226 silly fetch manifest get-proto@^1.0.1
2227 silly packumentCache full:https://registry.npmjs.org/get-proto cache-miss
2228 silly fetch manifest has-symbols@^1.1.0
2229 silly packumentCache full:https://registry.npmjs.org/has-symbols cache-miss
2230 silly fetch manifest function-bind@^1.1.2
2231 silly packumentCache full:https://registry.npmjs.org/function-bind cache-miss
2232 http cache https://registry.npmjs.org/get-intrinsic 38ms (cache hit)
2233 silly packumentCache full:https://registry.npmjs.org/get-intrinsic set size:60985 disposed:false
2234 silly fetch manifest es-object-atoms@^1.1.1
2235 silly packumentCache full:https://registry.npmjs.org/es-object-atoms cache-miss
2236 http fetch GET 200 https://registry.npmjs.org/gopd 87ms (cache miss)
2237 silly packumentCache full:https://registry.npmjs.org/gopd set size:undefined disposed:false
2238 silly fetch manifest math-intrinsics@^1.1.0
2239 silly packumentCache full:https://registry.npmjs.org/math-intrinsics cache-miss
2240 http fetch GET 200 https://registry.npmjs.org/has-symbols 104ms (cache miss)
2241 silly packumentCache full:https://registry.npmjs.org/has-symbols set size:undefined disposed:false
2242 silly fetch manifest es-define-property@^1.0.1
2243 silly packumentCache full:https://registry.npmjs.org/es-define-property cache-miss
2244 http fetch GET 200 https://registry.npmjs.org/function-bind 140ms (cache miss)
2245 silly packumentCache full:https://registry.npmjs.org/function-bind set size:undefined disposed:false
2246 silly fetch manifest call-bind-apply-helpers@^1.0.2
2247 silly packumentCache full:https://registry.npmjs.org/call-bind-apply-helpers cache-miss
2248 http fetch GET 200 https://registry.npmjs.org/es-object-atoms 133ms (cache miss)
2249 silly packumentCache full:https://registry.npmjs.org/es-object-atoms set size:undefined disposed:false
2250 http fetch GET 200 https://registry.npmjs.org/es-define-property 65ms (cache miss)
2251 silly packumentCache full:https://registry.npmjs.org/es-define-property set size:undefined disposed:false
2252 http fetch GET 200 https://registry.npmjs.org/call-bind-apply-helpers 72ms (cache miss)
2253 silly packumentCache full:https://registry.npmjs.org/call-bind-apply-helpers set size:undefined disposed:false
2254 http fetch GET 200 https://registry.npmjs.org/hasown 401ms (cache miss)
2255 silly packumentCache full:https://registry.npmjs.org/hasown set size:undefined disposed:false
2256 http fetch GET 200 https://registry.npmjs.org/call-bind-apply-helpers 413ms (cache miss)
2257 silly packumentCache full:https://registry.npmjs.org/call-bind-apply-helpers set size:undefined disposed:false
2258 http fetch GET 200 https://registry.npmjs.org/get-proto 433ms (cache miss)
2259 silly packumentCache full:https://registry.npmjs.org/get-proto set size:undefined disposed:false
2260 http fetch GET 200 https://registry.npmjs.org/math-intrinsics 827ms (cache miss)
2261 silly packumentCache full:https://registry.npmjs.org/math-intrinsics set size:undefined disposed:false
2262 silly placeDep node_modules/edge-impulse-cli call-bind-apply-helpers@1.0.2 OK for: call-bound@1.0.4 want: ^1.0.2
2263 silly placeDep node_modules/edge-impulse-cli function-bind@1.1.2 OK for: call-bind-apply-helpers@1.0.2 want: ^1.1.2
2264 silly placeDep node_modules/edge-impulse-cli es-define-property@1.0.1 OK for: get-intrinsic@1.3.0 want: ^1.0.1
2265 silly placeDep node_modules/edge-impulse-cli es-object-atoms@1.1.1 OK for: get-intrinsic@1.3.0 want: ^1.1.1
2266 silly placeDep node_modules/edge-impulse-cli get-proto@1.0.1 OK for: get-intrinsic@1.3.0 want: ^1.0.1
2267 silly placeDep node_modules/edge-impulse-cli gopd@1.2.0 OK for: get-intrinsic@1.3.0 want: ^1.2.0
2268 silly placeDep node_modules/edge-impulse-cli has-symbols@1.1.0 OK for: get-intrinsic@1.3.0 want: ^1.1.0
2269 silly placeDep node_modules/edge-impulse-cli hasown@2.0.2 OK for: get-intrinsic@1.3.0 want: ^2.0.2
2270 silly placeDep node_modules/edge-impulse-cli math-intrinsics@1.1.0 OK for: get-intrinsic@1.3.0 want: ^1.1.0
2271 silly fetch manifest dunder-proto@^1.0.1
2272 silly packumentCache full:https://registry.npmjs.org/dunder-proto cache-miss
2273 http fetch GET 200 https://registry.npmjs.org/dunder-proto 104ms (cache miss)
2274 silly packumentCache full:https://registry.npmjs.org/dunder-proto set size:undefined disposed:false
2275 silly placeDep node_modules/edge-impulse-cli dunder-proto@1.0.1 OK for: get-proto@1.0.1 want: ^1.0.1
2276 silly placeDep node_modules/edge-impulse-cli decompress-response@4.2.1 OK for: simple-get@3.1.1 want: ^4.2.0
2277 silly placeDep node_modules/edge-impulse-cli simple-concat@1.0.1 OK for: simple-get@3.1.1 want: ^1.0.0
2278 silly fetch manifest mimic-response@^2.0.0
2279 silly packumentCache full:https://registry.npmjs.org/mimic-response cache-miss
2280 http fetch GET 200 https://registry.npmjs.org/mimic-response 90ms (cache miss)
2281 silly packumentCache full:https://registry.npmjs.org/mimic-response set size:undefined disposed:false
2282 silly placeDep node_modules/edge-impulse-cli mimic-response@2.1.0 OK for: decompress-response@4.2.1 want: ^2.0.0
2283 silly placeDep node_modules/edge-impulse-cli is-arrayish@0.3.4 OK for: simple-swizzle@0.2.4 want: ^0.3.1
2284 silly placeDep node_modules/edge-impulse-cli base64id@2.0.0 OK for: socket.io@4.8.1 want: ~2.0.0
2285 silly placeDep node_modules/edge-impulse-cli cors@2.8.6 OK for: socket.io@4.8.1 want: ~2.8.5
2286 silly placeDep node_modules/edge-impulse-cli/node_modules/socket.io debug@4.3.7 OK for: socket.io@4.8.1 want: ~4.3.2
2287 silly placeDep node_modules/edge-impulse-cli engine.io@6.6.6 OK for: socket.io@4.8.1 want: ~6.6.0
2288 silly placeDep node_modules/edge-impulse-cli socket.io-adapter@2.5.6 OK for: socket.io@4.8.1 want: ~2.5.2
2289 silly placeDep node_modules/edge-impulse-cli socket.io-parser@4.2.6 OK for: socket.io@4.8.1 want: ~4.2.4
2290 silly fetch manifest @types/cors@^2.8.12
2291 silly packumentCache full:https://registry.npmjs.org/@types%2fcors cache-miss
2292 silly fetch manifest @types/node@>=10.0.0
2293 silly packumentCache full:https://registry.npmjs.org/@types%2fnode cache-miss
2294 silly fetch manifest @types/ws@^8.5.12
2295 silly packumentCache full:https://registry.npmjs.org/@types%2fws cache-miss
2296 silly fetch manifest cookie@~0.7.2
2297 silly packumentCache full:https://registry.npmjs.org/cookie cache-miss
2298 silly fetch manifest debug@~4.4.1
2299 silly packumentCache full:https://registry.npmjs.org/debug cache-hit
2300 silly fetch manifest engine.io-parser@~5.2.1
2301 silly packumentCache full:https://registry.npmjs.org/engine.io-parser cache-miss
2302 silly fetch manifest ws@~8.18.3
2303 silly packumentCache full:https://registry.npmjs.org/ws cache-miss
2304 silly fetch manifest ws@~8.18.3
2305 silly packumentCache full:https://registry.npmjs.org/ws cache-miss
2306 http cache https://registry.npmjs.org/cookie 29ms (cache hit)
2307 silly packumentCache full:https://registry.npmjs.org/cookie set size:72891 disposed:false
2308 silly fetch manifest @socket.io/component-emitter@~3.1.0
2309 silly packumentCache full:https://registry.npmjs.org/@socket.io%2fcomponent-emitter cache-miss
2310 http cache https://registry.npmjs.org/ws 35ms (cache hit)
2311 silly packumentCache full:https://registry.npmjs.org/ws set size:415737 disposed:false
2312 http cache https://registry.npmjs.org/@types%2fnode 79ms (cache hit)
2313 silly packumentCache full:https://registry.npmjs.org/@types%2fnode set size:10972342 disposed:false
2314 http cache https://registry.npmjs.org/ws 276ms (cache hit)
2315 silly packumentCache full:https://registry.npmjs.org/ws set size:415737 disposed:false
2316 silly packumentCache full:https://registry.npmjs.org/ws dispose
2317 http fetch GET 200 https://registry.npmjs.org/@socket.io%2fcomponent-emitter 271ms (cache miss)
2318 silly packumentCache full:https://registry.npmjs.org/@socket.io%2fcomponent-emitter set size:undefined disposed:false
2319 http fetch GET 200 https://registry.npmjs.org/engine.io-parser 308ms (cache miss)
2320 silly packumentCache full:https://registry.npmjs.org/engine.io-parser set size:undefined disposed:false
2321 http fetch GET 200 https://registry.npmjs.org/@types%2fws 314ms (cache miss)
2322 silly packumentCache full:https://registry.npmjs.org/@types%2fws set size:undefined disposed:false
2323 http fetch GET 200 https://registry.npmjs.org/@types%2fcors 570ms (cache miss)
2324 silly packumentCache full:https://registry.npmjs.org/@types%2fcors set size:undefined disposed:false
2325 silly fetch manifest utf-8-validate@>=5.0.2
2326 silly packumentCache full:https://registry.npmjs.org/utf-8-validate cache-miss
2327 http cache https://registry.npmjs.org/utf-8-validate 11ms (cache hit)
2328 silly packumentCache full:https://registry.npmjs.org/utf-8-validate set size:77148 disposed:false
2329 silly placeDep node_modules/edge-impulse-cli @types/cors@2.8.19 OK for: engine.io@6.6.6 want: ^2.8.12
2330 silly placeDep node_modules/edge-impulse-cli @types/node@25.6.0 OK for: engine.io@6.6.6 want: >=10.0.0
2331 silly placeDep node_modules/edge-impulse-cli @types/ws@8.18.1 OK for: engine.io@6.6.6 want: ^8.5.12
2332 silly placeDep node_modules/edge-impulse-cli/node_modules/engine.io cookie@0.7.2 OK for: engine.io@6.6.6 want: ~0.7.2
2333 silly placeDep node_modules/edge-impulse-cli/node_modules/engine.io debug@4.4.3 OK for: engine.io@6.6.6 want: ~4.4.1
2334 silly placeDep node_modules/edge-impulse-cli engine.io-parser@5.2.3 OK for: engine.io@6.6.6 want: ~5.2.1
2335 silly placeDep node_modules/edge-impulse-cli/node_modules/engine.io ws@8.18.3 OK for: engine.io@6.6.6 want: ~8.18.3
2336 silly fetch manifest @types/node@*
2337 silly packumentCache full:https://registry.npmjs.org/@types%2fnode cache-miss
2338 silly fetch manifest undici-types@~7.19.0
2339 silly packumentCache full:https://registry.npmjs.org/undici-types cache-miss
2340 http cache https://registry.npmjs.org/@types%2fnode 42ms (cache hit)
2341 silly packumentCache full:https://registry.npmjs.org/@types%2fnode set size:10972342 disposed:false
2342 http fetch GET 200 https://registry.npmjs.org/undici-types 685ms (cache miss)
2343 silly packumentCache full:https://registry.npmjs.org/undici-types set size:undefined disposed:false
2344 silly placeDep node_modules/edge-impulse-cli undici-types@7.19.2 OK for: @types/node@25.6.0 want: ~7.19.0
2345 silly placeDep node_modules/edge-impulse-cli/node_modules/socket.io-adapter debug@4.4.3 OK for: socket.io-adapter@2.5.6 want: ~4.4.1
2346 silly placeDep node_modules/edge-impulse-cli/node_modules/socket.io-adapter ws@8.18.3 OK for: socket.io-adapter@2.5.6 want: ~8.18.3
2347 silly placeDep node_modules/edge-impulse-cli @socket.io/component-emitter@3.1.2 OK for: socket.io-parser@4.2.6 want: ~3.1.0
2348 silly placeDep node_modules/edge-impulse-cli/node_modules/socket.io-parser debug@4.4.3 OK for: socket.io-parser@4.2.6 want: ~4.4.1
2349 silly placeDep node_modules/edge-impulse-cli/node_modules/socks-proxy-agent debug@4.4.3 OK for: socks-proxy-agent@8.0.5 want: ^4.3.4
2350 silly placeDep node_modules/edge-impulse-cli socks@2.8.7 OK for: socks-proxy-agent@8.0.5 want: ^2.8.3
2351 silly fetch manifest ip-address@^10.0.1
2352 silly packumentCache full:https://registry.npmjs.org/ip-address cache-miss
2353 silly fetch manifest smart-buffer@^4.2.0
2354 silly packumentCache full:https://registry.npmjs.org/smart-buffer cache-miss
2355 http fetch GET 200 https://registry.npmjs.org/smart-buffer 279ms (cache miss)
2356 silly packumentCache full:https://registry.npmjs.org/smart-buffer set size:undefined disposed:false
2357 http fetch GET 200 https://registry.npmjs.org/ip-address 401ms (cache miss)
2358 silly packumentCache full:https://registry.npmjs.org/ip-address set size:undefined disposed:false
2359 silly placeDep node_modules/edge-impulse-cli ip-address@10.1.0 OK for: socks@2.8.7 want: ^10.0.1
2360 silly placeDep node_modules/edge-impulse-cli smart-buffer@4.2.0 OK for: socks@2.8.7 want: ^4.2.0
2361 silly placeDep node_modules/edge-impulse-cli/node_modules/string_decoder safe-buffer@5.1.2 OK for: string_decoder@1.1.1 want: ~5.1.0
2362 silly placeDep node_modules/edge-impulse-cli emoji-regex@8.0.0 OK for: string-width@4.2.3 want: ^8.0.0
2363 silly placeDep node_modules/edge-impulse-cli is-fullwidth-code-point@3.0.0 OK for: string-width@4.2.3 want: ^3.0.0
2364 silly placeDep node_modules/edge-impulse-cli/node_modules/string-width strip-ansi@6.0.1 OK for: string-width@4.2.3 want: ^6.0.1
2365 silly placeDep node_modules/edge-impulse-cli/node_modules/string-width-cjs strip-ansi@6.0.1 OK for: string-width@4.2.3 want: ^6.0.1
2366 silly placeDep node_modules/edge-impulse-cli ansi-regex@4.1.1 OK for: strip-ansi@5.2.0 want: ^4.1.0
2367 silly placeDep node_modules/edge-impulse-cli/node_modules/strip-ansi-cjs ansi-regex@5.0.1 OK for: strip-ansi@6.0.1 want: ^5.0.1
2368 silly placeDep node_modules/edge-impulse-cli has-flag@3.0.0 OK for: supports-color@5.5.0 want: ^3.0.0
2369 silly placeDep node_modules/edge-impulse-cli chownr@2.0.0 OK for: tar@6.2.1 want: ^2.0.0
2370 silly placeDep node_modules/edge-impulse-cli/node_modules/tar fs-minipass@2.1.0 OK for: tar@6.2.1 want: ^2.0.0
2371 silly placeDep node_modules/edge-impulse-cli/node_modules/tar minipass@5.0.0 OK for: tar@6.2.1 want: ^5.0.0
2372 silly placeDep node_modules/edge-impulse-cli mkdirp@1.0.4 OK for: tar@6.2.1 want: ^1.0.3
2373 silly placeDep node_modules/edge-impulse-cli/node_modules/tar-fs chownr@1.1.4 OK for: tar-fs@2.1.4 want: ^1.1.1
2374 silly placeDep node_modules/edge-impulse-cli tar-stream@2.2.0 OK for: tar-fs@2.1.4 want: ^2.1.4
2375 silly fetch manifest bl@^4.0.3
2376 silly packumentCache full:https://registry.npmjs.org/bl cache-miss
2377 silly fetch manifest fs-constants@^1.0.0
2378 silly packumentCache full:https://registry.npmjs.org/fs-constants cache-miss
2379 silly fetch manifest readable-stream@^3.1.1
2380 silly packumentCache full:https://registry.npmjs.org/readable-stream cache-miss
2381 http cache https://registry.npmjs.org/readable-stream 14ms (cache hit)
2382 silly packumentCache full:https://registry.npmjs.org/readable-stream set size:261096 disposed:false
2383 http fetch GET 200 https://registry.npmjs.org/bl 83ms (cache miss)
2384 silly packumentCache full:https://registry.npmjs.org/bl set size:undefined disposed:false
2385 http fetch GET 200 https://registry.npmjs.org/fs-constants 120ms (cache miss)
2386 silly packumentCache full:https://registry.npmjs.org/fs-constants set size:undefined disposed:false
2387 silly placeDep node_modules/edge-impulse-cli bl@4.1.0 OK for: tar-stream@2.2.0 want: ^4.0.3
2388 silly placeDep node_modules/edge-impulse-cli fs-constants@1.0.0 OK for: tar-stream@2.2.0 want: ^1.0.0
2389 silly placeDep node_modules/edge-impulse-cli/node_modules/tar-stream readable-stream@3.6.2 OK for: tar-stream@2.2.0 want: ^3.1.1
2390 silly fetch manifest buffer@^5.5.0
2391 silly packumentCache full:https://registry.npmjs.org/buffer cache-miss
2392 silly fetch manifest readable-stream@^3.4.0
2393 silly packumentCache full:https://registry.npmjs.org/readable-stream cache-hit
2394 http cache https://registry.npmjs.org/buffer 12ms (cache hit)
2395 silly packumentCache full:https://registry.npmjs.org/buffer set size:280480 disposed:false
2396 silly placeDep node_modules/edge-impulse-cli/node_modules/bl buffer@5.7.1 OK for: bl@4.1.0 want: ^5.5.0
2397 silly placeDep node_modules/edge-impulse-cli/node_modules/bl readable-stream@3.6.2 OK for: bl@4.1.0 want: ^3.4.0
2398 silly placeDep node_modules/edge-impulse-cli/node_modules/tiny-async-pool semver@5.7.2 OK for: tiny-async-pool@1.1.0 want: ^5.5.0
2399 silly placeDep node_modules/edge-impulse-cli yaassertion@1.0.2 OK for: tiny-async-pool@1.1.0 want: ^1.0.0
2400 silly placeDep node_modules/edge-impulse-cli os-tmpdir@1.0.2 OK for: tmp@0.0.33 want: ~1.0.2
2401 silly placeDep node_modules/edge-impulse-cli/node_modules/tsee @types/node@12.20.55 OK for: tsee@1.3.4 want: ^12.7.2
2402 silly placeDep node_modules/edge-impulse-cli media-typer@0.3.0 OK for: type-is@1.6.18 want: 0.3.0
2403 silly placeDep node_modules/edge-impulse-cli @fastify/busboy@2.1.1 OK for: undici@5.29.0 want: ^2.0.0
2404 silly placeDep node_modules/edge-impulse-cli unique-slug@4.0.0 OK for: unique-filename@3.0.0 want: ^4.0.0
2405 silly fetch manifest imurmurhash@^0.1.4
2406 silly packumentCache full:https://registry.npmjs.org/imurmurhash cache-miss
2407 http fetch GET 200 https://registry.npmjs.org/imurmurhash 176ms (cache miss)
2408 silly packumentCache full:https://registry.npmjs.org/imurmurhash set size:undefined disposed:false
2409 silly placeDep node_modules/edge-impulse-cli imurmurhash@0.1.4 OK for: unique-slug@4.0.0 want: ^0.1.4
2410 silly placeDep node_modules/edge-impulse-cli isexe@2.0.0 OK for: which@2.0.2 want: ^2.0.0
2411 silly placeDep node_modules/edge-impulse-cli/node_modules/wrap-ansi ansi-styles@6.2.3 OK for: wrap-ansi@8.1.0 want: ^6.1.0
2412 silly placeDep node_modules/edge-impulse-cli/node_modules/wrap-ansi string-width@5.1.2 OK for: wrap-ansi@8.1.0 want: ^5.0.1
2413 silly placeDep node_modules/edge-impulse-cli/node_modules/wrap-ansi strip-ansi@7.2.0 OK for: wrap-ansi@8.1.0 want: ^7.0.1
2414 silly placeDep node_modules/edge-impulse-cli/node_modules/wrap-ansi-cjs ansi-styles@4.3.0 OK for: wrap-ansi@7.0.0 want: ^4.0.0
2415 silly placeDep node_modules/edge-impulse-cli/node_modules/wrap-ansi-cjs strip-ansi@6.0.1 OK for: wrap-ansi@7.0.0 want: ^6.0.0
2416 silly placeDep node_modules/edge-impulse-cli buffer-crc32@0.2.13 OK for: yauzl@2.10.0 want: ~0.2.3
2417 silly placeDep node_modules/edge-impulse-cli fd-slicer@1.1.0 OK for: yauzl@2.10.0 want: ~1.1.0
2418 silly fetch manifest pend@~1.2.0
2419 silly packumentCache full:https://registry.npmjs.org/pend cache-miss
2420 http fetch GET 200 https://registry.npmjs.org/pend 77ms (cache miss)
2421 silly packumentCache full:https://registry.npmjs.org/pend set size:undefined disposed:false
2422 silly placeDep node_modules/edge-impulse-cli pend@1.2.0 OK for: fd-slicer@1.1.0 want: ~1.2.0
2423 silly placeDep node_modules/edge-impulse-cli/node_modules/@aws-crypto/sha1-browser @smithy/util-buffer-from@2.2.0 OK for: @smithy/util-utf8@2.3.0 want: ^2.2.0
2424 silly fetch manifest @smithy/is-array-buffer@^2.2.0
2425 silly packumentCache full:https://registry.npmjs.org/@smithy%2fis-array-buffer cache-miss
2426 http cache https://registry.npmjs.org/@smithy%2fis-array-buffer 5ms (cache hit)
2427 silly packumentCache full:https://registry.npmjs.org/@smithy%2fis-array-buffer set size:40555 disposed:false
2428 silly placeDep node_modules/edge-impulse-cli/node_modules/@aws-crypto/sha1-browser @smithy/is-array-buffer@2.2.0 OK for: @smithy/util-buffer-from@2.2.0 want: ^2.2.0
2429 silly placeDep node_modules/edge-impulse-cli/node_modules/@aws-crypto/sha256-browser @smithy/util-buffer-from@2.2.0 OK for: @smithy/util-utf8@2.3.0 want: ^2.2.0
2430 silly placeDep node_modules/edge-impulse-cli/node_modules/@aws-crypto/sha256-browser @smithy/is-array-buffer@2.2.0 OK for: @smithy/util-buffer-from@2.2.0 want: ^2.2.0
2431 silly placeDep node_modules/edge-impulse-cli/node_modules/@aws-crypto/util @smithy/util-buffer-from@2.2.0 OK for: @smithy/util-utf8@2.3.0 want: ^2.2.0
2432 silly placeDep node_modules/edge-impulse-cli/node_modules/@aws-crypto/util @smithy/is-array-buffer@2.2.0 OK for: @smithy/util-buffer-from@2.2.0 want: ^2.2.0
2433 silly fetch manifest @aws-sdk/client-sts@^3.635.0
2434 silly packumentCache full:https://registry.npmjs.org/@aws-sdk%2fclient-sts cache-miss
2435 http cache https://registry.npmjs.org/@aws-sdk%2fclient-sts 15ms (cache hit)
2436 silly packumentCache full:https://registry.npmjs.org/@aws-sdk%2fclient-sts set size:2681054 disposed:false
2437 silly placeDep node_modules/edge-impulse-cli/node_modules/@aws-sdk/client-s3 @aws-sdk/credential-provider-http@3.635.0 OK for: @aws-sdk/credential-provider-node@3.635.0 want: 3.635.0
2438 silly placeDep node_modules/edge-impulse-cli/node_modules/@aws-sdk/client-s3 @aws-sdk/credential-provider-ini@3.635.0 OK for: @aws-sdk/credential-provider-node@3.635.0 want: 3.635.0
2439 silly placeDep node_modules/edge-impulse-cli/node_modules/@aws-sdk/client-s3 @aws-sdk/credential-provider-sso@3.635.0 OK for: @aws-sdk/credential-provider-node@3.635.0 want: 3.635.0
2440 silly fetch manifest @aws-sdk/client-sso@3.635.0
2441 silly packumentCache full:https://registry.npmjs.org/@aws-sdk%2fclient-sso cache-miss
2442 http cache https://registry.npmjs.org/@aws-sdk%2fclient-sso 18ms (cache hit)
2443 silly packumentCache full:https://registry.npmjs.org/@aws-sdk%2fclient-sso set size:2390195 disposed:false
2444 silly placeDep node_modules/edge-impulse-cli/node_modules/@aws-sdk/client-s3 @aws-sdk/client-sso@3.635.0 OK for: @aws-sdk/credential-provider-sso@3.635.0 want: 3.635.0
2445 silly placeDep node_modules/edge-impulse-cli eastasianwidth@0.2.0 OK for: string-width@5.1.2 want: ^0.2.0
2446 silly placeDep node_modules/edge-impulse-cli/node_modules/@isaacs/cliui emoji-regex@9.2.2 OK for: string-width@5.1.2 want: ^9.2.2
2447 silly placeDep node_modules/edge-impulse-cli/node_modules/@isaacs/cliui ansi-regex@6.2.2 OK for: strip-ansi@7.2.0 want: ^6.2.2
2448 silly placeDep node_modules/edge-impulse-cli/node_modules/@serialport/binding-abstract ms@2.1.3 OK for: debug@4.4.3 want: ^2.1.3
2449 silly placeDep node_modules/edge-impulse-cli/node_modules/@serialport/binding-mock ms@2.1.3 OK for: debug@4.4.3 want: ^2.1.3
2450 silly placeDep node_modules/edge-impulse-cli/node_modules/@serialport/bindings ms@2.1.3 OK for: debug@4.4.3 want: ^2.1.3
2451 silly placeDep node_modules/edge-impulse-cli/node_modules/@serialport/stream ms@2.1.3 OK for: debug@4.4.3 want: ^2.1.3
2452 silly placeDep node_modules/edge-impulse-cli/node_modules/color color-name@1.1.4 OK for: color-convert@2.0.1 want: ~1.1.4
2453 silly placeDep node_modules/edge-impulse-cli/node_modules/engine.io ms@2.1.3 OK for: debug@4.4.3 want: ^2.1.3
2454 silly placeDep node_modules/edge-impulse-cli code-point-at@1.1.0 OK for: string-width@1.0.2 want: ^1.0.0
2455 silly placeDep node_modules/edge-impulse-cli/node_modules/gauge is-fullwidth-code-point@1.0.0 OK for: string-width@1.0.2 want: ^1.0.0
2456 silly fetch manifest number-is-nan@^1.0.0
2457 silly packumentCache full:https://registry.npmjs.org/number-is-nan cache-miss
2458 http fetch GET 200 https://registry.npmjs.org/number-is-nan 96ms (cache miss)
2459 silly packumentCache full:https://registry.npmjs.org/number-is-nan set size:undefined disposed:false
2460 silly placeDep node_modules/edge-impulse-cli number-is-nan@1.0.1 OK for: is-fullwidth-code-point@1.0.0 want: ^1.0.0
2461 silly placeDep node_modules/edge-impulse-cli/node_modules/gauge ansi-regex@2.1.1 OK for: strip-ansi@3.0.1 want: ^2.0.0
2462 silly placeDep node_modules/edge-impulse-cli/node_modules/http-proxy-agent ms@2.1.3 OK for: debug@4.4.3 want: ^2.1.3
2463 silly placeDep node_modules/edge-impulse-cli/node_modules/https-proxy-agent ms@2.1.3 OK for: debug@4.4.3 want: ^2.1.3
2464 silly placeDep node_modules/edge-impulse-cli/node_modules/inquirer-search-list ansi-escapes@3.2.0 OK for: inquirer@3.3.0 want: ^3.0.0
2465 silly placeDep node_modules/edge-impulse-cli/node_modules/inquirer-search-list cli-cursor@2.1.0 OK for: inquirer@3.3.0 want: ^2.1.0
2466 silly placeDep node_modules/edge-impulse-cli/node_modules/inquirer-search-list external-editor@2.2.0 OK for: inquirer@3.3.0 want: ^2.0.4
2467 silly placeDep node_modules/edge-impulse-cli/node_modules/inquirer-search-list mute-stream@0.0.7 OK for: inquirer@3.3.0 want: 0.0.7
2468 silly placeDep node_modules/edge-impulse-cli rx-lite@4.0.8 OK for: inquirer@3.3.0 want: ^4.0.8
2469 silly placeDep node_modules/edge-impulse-cli rx-lite-aggregates@4.0.8 OK for: inquirer@3.3.0 want: ^4.0.8
2470 silly placeDep node_modules/edge-impulse-cli/node_modules/inquirer-search-list string-width@2.1.1 OK for: inquirer@3.3.0 want: ^2.1.0
2471 silly placeDep node_modules/edge-impulse-cli/node_modules/inquirer-search-list strip-ansi@4.0.0 OK for: inquirer@3.3.0 want: ^4.0.0
2472 silly fetch manifest restore-cursor@^2.0.0
2473 silly packumentCache full:https://registry.npmjs.org/restore-cursor cache-miss
2474 silly fetch manifest chardet@^0.4.0
2475 silly packumentCache full:https://registry.npmjs.org/chardet cache-miss
2476 silly fetch manifest is-fullwidth-code-point@^2.0.0
2477 silly packumentCache full:https://registry.npmjs.org/is-fullwidth-code-point cache-hit
2478 silly fetch manifest ansi-regex@^3.0.0
2479 silly packumentCache full:https://registry.npmjs.org/ansi-regex cache-hit
2480 http cache https://registry.npmjs.org/restore-cursor 10ms (cache hit)
2481 silly packumentCache full:https://registry.npmjs.org/restore-cursor set size:17895 disposed:false
2482 http cache https://registry.npmjs.org/chardet 10ms (cache hit)
2483 silly packumentCache full:https://registry.npmjs.org/chardet set size:70553 disposed:false
2484 silly placeDep node_modules/edge-impulse-cli/node_modules/inquirer-search-list restore-cursor@2.0.0 OK for: cli-cursor@2.1.0 want: ^2.0.0
2485 silly fetch manifest onetime@^2.0.0
2486 silly packumentCache full:https://registry.npmjs.org/onetime cache-miss
2487 http cache https://registry.npmjs.org/onetime 6ms (cache hit)
2488 silly packumentCache full:https://registry.npmjs.org/onetime set size:32314 disposed:false
2489 silly placeDep node_modules/edge-impulse-cli/node_modules/inquirer-search-list chardet@0.4.2 OK for: external-editor@2.2.0 want: ^0.4.0
2490 silly placeDep node_modules/edge-impulse-cli/node_modules/inquirer-search-list onetime@2.0.1 OK for: restore-cursor@2.0.0 want: ^2.0.0
2491 silly placeDep node_modules/edge-impulse-cli/node_modules/inquirer-search-list signal-exit@3.0.7 OK for: restore-cursor@2.0.0 want: ^3.0.2
2492 silly fetch manifest mimic-fn@^1.0.0
2493 silly packumentCache full:https://registry.npmjs.org/mimic-fn cache-miss
2494 http cache https://registry.npmjs.org/mimic-fn 6ms (cache hit)
2495 silly packumentCache full:https://registry.npmjs.org/mimic-fn set size:22257 disposed:false
2496 silly placeDep node_modules/edge-impulse-cli/node_modules/inquirer-search-list mimic-fn@1.2.0 OK for: onetime@2.0.1 want: ^1.0.0
2497 silly placeDep node_modules/edge-impulse-cli/node_modules/inquirer-search-list is-fullwidth-code-point@2.0.0 OK for: string-width@2.1.1 want: ^2.0.0
2498 silly placeDep node_modules/edge-impulse-cli/node_modules/inquirer-search-list ansi-regex@3.0.1 OK for: strip-ansi@4.0.0 want: ^3.0.0
2499 silly placeDep node_modules/edge-impulse-cli/node_modules/serialport ms@2.1.3 OK for: debug@4.4.3 want: ^2.1.3
2500 silly placeDep node_modules/edge-impulse-cli/node_modules/sharp napi-build-utils@2.0.0 OK for: prebuild-install@7.1.3 want: ^2.0.0
2501 silly placeDep node_modules/edge-impulse-cli/node_modules/sharp node-abi@3.89.0 OK for: prebuild-install@7.1.3 want: ^3.3.0
2502 silly placeDep node_modules/edge-impulse-cli/node_modules/sharp/node_modules/prebuild-install tar-fs@2.1.4 OK for: prebuild-install@7.1.3 want: ^2.0.0
2503 silly placeDep node_modules/edge-impulse-cli/node_modules/sharp decompress-response@6.0.0 OK for: simple-get@4.0.1 want: ^6.0.0
2504 silly fetch manifest mimic-response@^3.1.0
2505 silly packumentCache full:https://registry.npmjs.org/mimic-response cache-miss
2506 http cache https://registry.npmjs.org/mimic-response 5ms (cache hit)
2507 silly packumentCache full:https://registry.npmjs.org/mimic-response set size:20174 disposed:false
2508 silly placeDep node_modules/edge-impulse-cli/node_modules/sharp mimic-response@3.1.0 OK for: decompress-response@6.0.0 want: ^3.1.0
2509 silly fetch manifest bare-buffer@*
2510 silly packumentCache full:https://registry.npmjs.org/bare-buffer cache-miss
2511 http fetch GET 200 https://registry.npmjs.org/bare-buffer 220ms (cache miss)
2512 silly packumentCache full:https://registry.npmjs.org/bare-buffer set size:undefined disposed:false
2513 silly placeDep node_modules/edge-impulse-cli bare-fs@4.7.1 OK for: tar-fs@3.1.2 want: ^4.0.1
2514 silly placeDep node_modules/edge-impulse-cli bare-path@3.0.0 OK for: tar-fs@3.1.2 want: ^3.0.0
2515 silly placeDep node_modules/edge-impulse-cli/node_modules/sharp/node_modules/tar-fs tar-stream@3.1.8 OK for: tar-fs@3.1.2 want: ^3.1.5
2516 silly fetch manifest bare-events@^2.5.4
2517 silly packumentCache full:https://registry.npmjs.org/bare-events cache-miss
2518 silly fetch manifest bare-stream@^2.6.4
2519 silly packumentCache full:https://registry.npmjs.org/bare-stream cache-miss
2520 silly fetch manifest bare-url@^2.2.2
2521 silly packumentCache full:https://registry.npmjs.org/bare-url cache-miss
2522 silly fetch manifest fast-fifo@^1.3.2
2523 silly packumentCache full:https://registry.npmjs.org/fast-fifo cache-miss
2524 silly fetch manifest bare-os@^3.0.1
2525 silly packumentCache full:https://registry.npmjs.org/bare-os cache-miss
2526 silly fetch manifest b4a@^1.6.4
2527 silly packumentCache full:https://registry.npmjs.org/b4a cache-miss
2528 silly fetch manifest fast-fifo@^1.2.0
2529 silly packumentCache full:https://registry.npmjs.org/fast-fifo cache-miss
2530 http fetch GET 200 https://registry.npmjs.org/fast-fifo 89ms (cache miss)
2531 silly packumentCache full:https://registry.npmjs.org/fast-fifo set size:undefined disposed:false
2532 silly fetch manifest streamx@^2.15.0
2533 silly packumentCache full:https://registry.npmjs.org/streamx cache-miss
2534 http fetch GET 200 https://registry.npmjs.org/fast-fifo 105ms (cache miss)
2535 silly packumentCache full:https://registry.npmjs.org/fast-fifo set size:undefined disposed:false
2536 http fetch GET 200 https://registry.npmjs.org/bare-events 159ms (cache miss)
2537 silly packumentCache full:https://registry.npmjs.org/bare-events set size:undefined disposed:false
2538 http fetch GET 200 https://registry.npmjs.org/bare-os 161ms (cache miss)
2539 silly packumentCache full:https://registry.npmjs.org/bare-os set size:undefined disposed:false
2540 http fetch GET 200 https://registry.npmjs.org/bare-url 311ms (cache miss)
2541 silly packumentCache full:https://registry.npmjs.org/bare-url set size:undefined disposed:false
2542 http fetch GET 200 https://registry.npmjs.org/bare-stream 424ms (cache miss)
2543 silly packumentCache full:https://registry.npmjs.org/bare-stream set size:undefined disposed:false
2544 http fetch GET 200 https://registry.npmjs.org/b4a 477ms (cache miss)
2545 silly packumentCache full:https://registry.npmjs.org/b4a set size:undefined disposed:false
2546 http fetch GET 200 https://registry.npmjs.org/streamx 441ms (cache miss)
2547 silly packumentCache full:https://registry.npmjs.org/streamx set size:undefined disposed:false
2548 silly fetch manifest bare-abort-controller@*
2549 silly packumentCache full:https://registry.npmjs.org/bare-abort-controller cache-miss
2550 http fetch GET 200 https://registry.npmjs.org/bare-abort-controller 73ms (cache miss)
2551 silly packumentCache full:https://registry.npmjs.org/bare-abort-controller set size:undefined disposed:false
2552 silly placeDep node_modules/edge-impulse-cli bare-events@2.8.2 OK for: bare-fs@4.7.1 want: ^2.5.4
2553 silly placeDep node_modules/edge-impulse-cli bare-stream@2.13.0 OK for: bare-fs@4.7.1 want: ^2.6.4
2554 silly placeDep node_modules/edge-impulse-cli bare-url@2.4.0 OK for: bare-fs@4.7.1 want: ^2.2.2
2555 silly placeDep node_modules/edge-impulse-cli fast-fifo@1.3.2 OK for: bare-fs@4.7.1 want: ^1.3.2
2556 silly fetch manifest streamx@^2.25.0
2557 silly packumentCache full:https://registry.npmjs.org/streamx cache-miss
2558 silly fetch manifest teex@^1.0.1
2559 silly packumentCache full:https://registry.npmjs.org/teex cache-miss
2560 http cache https://registry.npmjs.org/streamx 10ms (cache hit)
2561 silly packumentCache full:https://registry.npmjs.org/streamx set size:160396 disposed:false
2562 http fetch GET 200 https://registry.npmjs.org/teex 138ms (cache miss)
2563 silly packumentCache full:https://registry.npmjs.org/teex set size:undefined disposed:false
2564 silly placeDep node_modules/edge-impulse-cli bare-os@3.8.7 OK for: bare-path@3.0.0 want: ^3.0.1
2565 silly placeDep node_modules/edge-impulse-cli streamx@2.25.0 OK for: bare-stream@2.13.0 want: ^2.25.0
2566 silly placeDep node_modules/edge-impulse-cli teex@1.0.1 OK for: bare-stream@2.13.0 want: ^1.0.1
2567 silly fetch manifest events-universal@^1.0.0
2568 silly packumentCache full:https://registry.npmjs.org/events-universal cache-miss
2569 silly fetch manifest text-decoder@^1.1.0
2570 silly packumentCache full:https://registry.npmjs.org/text-decoder cache-miss
2571 http fetch GET 200 https://registry.npmjs.org/events-universal 289ms (cache miss)
2572 silly packumentCache full:https://registry.npmjs.org/events-universal set size:undefined disposed:false
2573 http fetch GET 200 https://registry.npmjs.org/text-decoder 369ms (cache miss)
2574 silly packumentCache full:https://registry.npmjs.org/text-decoder set size:undefined disposed:false
2575 silly placeDep node_modules/edge-impulse-cli events-universal@1.0.1 OK for: streamx@2.25.0 want: ^1.0.0
2576 silly placeDep node_modules/edge-impulse-cli text-decoder@1.2.7 OK for: streamx@2.25.0 want: ^1.1.0
2577 silly fetch manifest react-native-b4a@*
2578 silly packumentCache full:https://registry.npmjs.org/react-native-b4a cache-miss
2579 http fetch GET 200 https://registry.npmjs.org/react-native-b4a 77ms (cache miss)
2580 silly packumentCache full:https://registry.npmjs.org/react-native-b4a set size:undefined disposed:false
2581 silly fetch manifest react@*
2582 silly packumentCache full:https://registry.npmjs.org/react cache-miss
2583 http fetch GET 200 https://registry.npmjs.org/react 6362ms (cache miss)
2584 silly packumentCache full:https://registry.npmjs.org/react set size:undefined disposed:false
2585 silly fetch manifest react-native@*
2586 silly packumentCache full:https://registry.npmjs.org/react-native cache-miss
2587 http fetch GET 200 https://registry.npmjs.org/react-native 7329ms (cache miss)
2588 silly packumentCache full:https://registry.npmjs.org/react-native set size:undefined disposed:false
2589 silly fetch manifest @react-native/jest-preset@0.85.1
2590 silly packumentCache full:https://registry.npmjs.org/@react-native%2fjest-preset cache-miss
2591 http fetch GET 200 https://registry.npmjs.org/@react-native%2fjest-preset 222ms (cache miss)
2592 silly packumentCache full:https://registry.npmjs.org/@react-native%2fjest-preset set size:undefined disposed:false
2593 silly fetch manifest @types/react@^19.1.1
2594 silly packumentCache full:https://registry.npmjs.org/@types%2freact cache-miss
2595 http fetch GET 200 https://registry.npmjs.org/@types%2freact 1551ms (cache miss)
2596 silly packumentCache full:https://registry.npmjs.org/@types%2freact set size:undefined disposed:false
2597 silly placeDep node_modules/edge-impulse-cli b4a@1.8.0 OK for: text-decoder@1.2.7 want: ^1.6.4
2598 silly placeDep node_modules/edge-impulse-cli/node_modules/socket.io-adapter ms@2.1.3 OK for: debug@4.4.3 want: ^2.1.3
2599 silly placeDep node_modules/edge-impulse-cli/node_modules/socket.io-parser ms@2.1.3 OK for: debug@4.4.3 want: ^2.1.3
2600 silly placeDep node_modules/edge-impulse-cli/node_modules/socket.io ms@2.1.3 OK for: debug@4.3.7 want: ^2.1.3
2601 silly placeDep node_modules/edge-impulse-cli/node_modules/socks-proxy-agent ms@2.1.3 OK for: debug@4.4.3 want: ^2.1.3
2602 silly placeDep node_modules/edge-impulse-cli/node_modules/string-width-cjs ansi-regex@5.0.1 OK for: strip-ansi@6.0.1 want: ^5.0.1
2603 silly placeDep node_modules/edge-impulse-cli/node_modules/string-width ansi-regex@5.0.1 OK for: strip-ansi@6.0.1 want: ^5.0.1
2604 silly placeDep node_modules/edge-impulse-cli/node_modules/tar/node_modules/fs-minipass minipass@3.3.6 OK for: fs-minipass@2.1.0 want: ^3.0.0
2605 silly placeDep node_modules/edge-impulse-cli/node_modules/wrap-ansi-cjs color-convert@2.0.1 OK for: ansi-styles@4.3.0 want: ^2.0.1
2606 silly placeDep node_modules/edge-impulse-cli/node_modules/wrap-ansi-cjs color-name@1.1.4 OK for: color-convert@2.0.1 want: ~1.1.4
2607 silly placeDep node_modules/edge-impulse-cli/node_modules/wrap-ansi-cjs ansi-regex@5.0.1 OK for: strip-ansi@6.0.1 want: ^5.0.1
2608 silly placeDep node_modules/edge-impulse-cli/node_modules/wrap-ansi emoji-regex@9.2.2 OK for: string-width@5.1.2 want: ^9.2.2
2609 silly placeDep node_modules/edge-impulse-cli/node_modules/wrap-ansi ansi-regex@6.2.2 OK for: strip-ansi@7.2.0 want: ^6.2.2
2610 silly placeDep node_modules/edge-impulse-cli/node_modules/sharp chownr@1.1.4 OK for: tar-fs@2.1.4 want: ^1.1.1
2611 silly reify moves {}
2612 http cache edge-impulse-cli@https://registry.npmjs.org/edge-impulse-cli/-/edge-impulse-cli-1.38.0.tgz 0ms (cache hit)
2613 http cache teex@https://registry.npmjs.org/teex/-/teex-1.0.1.tgz 0ms (cache hit)
2614 http cache streamx@https://registry.npmjs.org/streamx/-/streamx-2.25.0.tgz 0ms (cache hit)
2615 http cache text-decoder@https://registry.npmjs.org/text-decoder/-/text-decoder-1.2.7.tgz 0ms (cache hit)
2616 http cache fast-fifo@https://registry.npmjs.org/fast-fifo/-/fast-fifo-1.3.2.tgz 0ms (cache hit)
2617 http cache bare-os@https://registry.npmjs.org/bare-os/-/bare-os-3.8.7.tgz 0ms (cache hit)
2618 http cache b4a@https://registry.npmjs.org/b4a/-/b4a-1.8.0.tgz 0ms (cache hit)
2619 http cache events-universal@https://registry.npmjs.org/events-universal/-/events-universal-1.0.1.tgz 0ms (cache hit)
2620 http cache bare-url@https://registry.npmjs.org/bare-url/-/bare-url-2.4.0.tgz 0ms (cache hit)
2621 http cache bare-fs@https://registry.npmjs.org/bare-fs/-/bare-fs-4.7.1.tgz 0ms (cache hit)
2622 http cache bare-stream@https://registry.npmjs.org/bare-stream/-/bare-stream-2.13.0.tgz 0ms (cache hit)
2623 http cache bare-path@https://registry.npmjs.org/bare-path/-/bare-path-3.0.0.tgz 0ms (cache hit)
2624 http cache bare-events@https://registry.npmjs.org/bare-events/-/bare-events-2.8.2.tgz 0ms (cache hit)
2625 http cache rx-lite-aggregates@https://registry.npmjs.org/rx-lite-aggregates/-/rx-lite-aggregates-4.0.8.tgz 0ms (cache hit)
2626 http cache number-is-nan@https://registry.npmjs.org/number-is-nan/-/number-is-nan-1.0.1.tgz 0ms (cache hit)
2627 http cache rx-lite@https://registry.npmjs.org/rx-lite/-/rx-lite-4.0.8.tgz 0ms (cache hit)
2628 http cache code-point-at@https://registry.npmjs.org/code-point-at/-/code-point-at-1.1.0.tgz 0ms (cache hit)
2629 http cache pend@https://registry.npmjs.org/pend/-/pend-1.2.0.tgz 0ms (cache hit)
2630 http cache buffer-crc32@https://registry.npmjs.org/buffer-crc32/-/buffer-crc32-0.2.13.tgz 0ms (cache hit)
2631 http cache fd-slicer@https://registry.npmjs.org/fd-slicer/-/fd-slicer-1.1.0.tgz 0ms (cache hit)
2632 http cache isexe@https://registry.npmjs.org/isexe/-/isexe-2.0.0.tgz 1ms (cache hit)
2633 http cache imurmurhash@https://registry.npmjs.org/imurmurhash/-/imurmurhash-0.1.4.tgz 0ms (cache hit)
2634 http cache unique-slug@https://registry.npmjs.org/unique-slug/-/unique-slug-4.0.0.tgz 0ms (cache hit)
2635 http cache @fastify/busboy@https://registry.npmjs.org/@fastify/busboy/-/busboy-2.1.1.tgz 0ms (cache hit)
2636 http cache media-typer@https://registry.npmjs.org/media-typer/-/media-typer-0.3.0.tgz 0ms (cache hit)
2637 http cache os-tmpdir@https://registry.npmjs.org/os-tmpdir/-/os-tmpdir-1.0.2.tgz 0ms (cache hit)
2638 http cache yaassertion@https://registry.npmjs.org/yaassertion/-/yaassertion-1.0.2.tgz 0ms (cache hit)
2639 http cache fs-constants@https://registry.npmjs.org/fs-constants/-/fs-constants-1.0.0.tgz 0ms (cache hit)
2640 http cache bl@https://registry.npmjs.org/bl/-/bl-4.1.0.tgz 0ms (cache hit)
2641 http cache tar-stream@https://registry.npmjs.org/tar-stream/-/tar-stream-2.2.0.tgz 0ms (cache hit)
2642 http cache mkdirp@https://registry.npmjs.org/mkdirp/-/mkdirp-1.0.4.tgz 0ms (cache hit)
2643 http cache readable-stream@https://registry.npmjs.org/readable-stream/-/readable-stream-3.6.2.tgz 0ms (cache hit)
2644 http cache readable-stream@https://registry.npmjs.org/readable-stream/-/readable-stream-3.6.2.tgz 0ms (cache hit)
2645 http cache buffer@https://registry.npmjs.org/buffer/-/buffer-5.7.1.tgz 0ms (cache hit)
2646 http cache has-flag@https://registry.npmjs.org/has-flag/-/has-flag-3.0.0.tgz 0ms (cache hit)
2647 http cache chownr@https://registry.npmjs.org/chownr/-/chownr-2.0.0.tgz 0ms (cache hit)
2648 http cache eastasianwidth@https://registry.npmjs.org/eastasianwidth/-/eastasianwidth-0.2.0.tgz 0ms (cache hit)
2649 http cache ansi-regex@https://registry.npmjs.org/ansi-regex/-/ansi-regex-4.1.1.tgz 0ms (cache hit)
2650 http cache is-fullwidth-code-point@https://registry.npmjs.org/is-fullwidth-code-point/-/is-fullwidth-code-point-3.0.0.tgz 0ms (cache hit)
2651 http cache emoji-regex@https://registry.npmjs.org/emoji-regex/-/emoji-regex-8.0.0.tgz 0ms (cache hit)
2652 http cache smart-buffer@https://registry.npmjs.org/smart-buffer/-/smart-buffer-4.2.0.tgz 0ms (cache hit)
2653 http cache ip-address@https://registry.npmjs.org/ip-address/-/ip-address-10.1.0.tgz 0ms (cache hit)
2654 http cache socks@https://registry.npmjs.org/socks/-/socks-2.8.7.tgz 0ms (cache hit)
2655 http cache undici-types@https://registry.npmjs.org/undici-types/-/undici-types-7.19.2.tgz 0ms (cache hit)
2656 http cache engine.io-parser@https://registry.npmjs.org/engine.io-parser/-/engine.io-parser-5.2.3.tgz 0ms (cache hit)
2657 http cache @socket.io/component-emitter@https://registry.npmjs.org/@socket.io/component-emitter/-/component-emitter-3.1.2.tgz 0ms (cache hit)
2658 http cache @types/ws@https://registry.npmjs.org/@types/ws/-/ws-8.18.1.tgz 0ms (cache hit)
2659 http cache @types/cors@https://registry.npmjs.org/@types/cors/-/cors-2.8.19.tgz 0ms (cache hit)
2660 http cache @types/node@https://registry.npmjs.org/@types/node/-/node-25.6.0.tgz 0ms (cache hit)
2661 http cache socket.io-parser@https://registry.npmjs.org/socket.io-parser/-/socket.io-parser-4.2.6.tgz 0ms (cache hit)
2662 http cache socket.io-adapter@https://registry.npmjs.org/socket.io-adapter/-/socket.io-adapter-2.5.6.tgz 0ms (cache hit)
2663 http cache ms@https://registry.npmjs.org/ms/-/ms-2.1.3.tgz 0ms (cache hit)
2664 http cache debug@https://registry.npmjs.org/debug/-/debug-4.4.3.tgz 0ms (cache hit)
2665 http cache ms@https://registry.npmjs.org/ms/-/ms-2.1.3.tgz 0ms (cache hit)
2666 http cache ws@https://registry.npmjs.org/ws/-/ws-8.18.3.tgz 0ms (cache hit)
2667 http cache debug@https://registry.npmjs.org/debug/-/debug-4.4.3.tgz 0ms (cache hit)
2668 http cache ws@https://registry.npmjs.org/ws/-/ws-8.18.3.tgz 0ms (cache hit)
2669 http cache engine.io@https://registry.npmjs.org/engine.io/-/engine.io-6.6.6.tgz 0ms (cache hit)
2670 http cache ms@https://registry.npmjs.org/ms/-/ms-2.1.3.tgz 1ms (cache hit)
2671 http cache debug@https://registry.npmjs.org/debug/-/debug-4.4.3.tgz 0ms (cache hit)
2672 http cache cookie@https://registry.npmjs.org/cookie/-/cookie-0.7.2.tgz 0ms (cache hit)
2673 http cache cors@https://registry.npmjs.org/cors/-/cors-2.8.6.tgz 0ms (cache hit)
2674 http cache is-arrayish@https://registry.npmjs.org/is-arrayish/-/is-arrayish-0.3.4.tgz 0ms (cache hit)
2675 http cache mimic-response@https://registry.npmjs.org/mimic-response/-/mimic-response-2.1.0.tgz 0ms (cache hit)
2676 http cache decompress-response@https://registry.npmjs.org/decompress-response/-/decompress-response-4.2.1.tgz 0ms (cache hit)
2677 http cache simple-concat@https://registry.npmjs.org/simple-concat/-/simple-concat-1.0.1.tgz 0ms (cache hit)
2678 http cache dunder-proto@https://registry.npmjs.org/dunder-proto/-/dunder-proto-1.0.1.tgz 0ms (cache hit)
2679 http cache math-intrinsics@https://registry.npmjs.org/math-intrinsics/-/math-intrinsics-1.1.0.tgz 0ms (cache hit)
2680 http cache hasown@https://registry.npmjs.org/hasown/-/hasown-2.0.2.tgz 0ms (cache hit)
2681 http cache has-symbols@https://registry.npmjs.org/has-symbols/-/has-symbols-1.1.0.tgz 0ms (cache hit)
2682 http cache base64id@https://registry.npmjs.org/base64id/-/base64id-2.0.0.tgz 0ms (cache hit)
2683 http cache gopd@https://registry.npmjs.org/gopd/-/gopd-1.2.0.tgz 0ms (cache hit)
2684 http cache get-proto@https://registry.npmjs.org/get-proto/-/get-proto-1.0.1.tgz 0ms (cache hit)
2685 http cache es-object-atoms@https://registry.npmjs.org/es-object-atoms/-/es-object-atoms-1.1.1.tgz 0ms (cache hit)
2686 http cache es-define-property@https://registry.npmjs.org/es-define-property/-/es-define-property-1.0.1.tgz 0ms (cache hit)
2687 http cache function-bind@https://registry.npmjs.org/function-bind/-/function-bind-1.1.2.tgz 0ms (cache hit)
2688 http cache call-bind-apply-helpers@https://registry.npmjs.org/call-bind-apply-helpers/-/call-bind-apply-helpers-1.0.2.tgz 0ms (cache hit)
2689 http cache side-channel-weakmap@https://registry.npmjs.org/side-channel-weakmap/-/side-channel-weakmap-1.0.2.tgz 0ms (cache hit)
2690 http cache get-intrinsic@https://registry.npmjs.org/get-intrinsic/-/get-intrinsic-1.3.0.tgz 0ms (cache hit)
2691 http cache side-channel-map@https://registry.npmjs.org/side-channel-map/-/side-channel-map-1.0.1.tgz 0ms (cache hit)
2692 http cache side-channel-list@https://registry.npmjs.org/side-channel-list/-/side-channel-list-1.0.1.tgz 0ms (cache hit)
2693 http cache shebang-regex@https://registry.npmjs.org/shebang-regex/-/shebang-regex-3.0.0.tgz 0ms (cache hit)
2694 http cache object-inspect@https://registry.npmjs.org/object-inspect/-/object-inspect-1.13.4.tgz 0ms (cache hit)
2695 http cache call-bound@https://registry.npmjs.org/call-bound/-/call-bound-1.0.4.tgz 0ms (cache hit)
2696 http cache simple-swizzle@https://registry.npmjs.org/simple-swizzle/-/simple-swizzle-0.2.4.tgz 0ms (cache hit)
2697 http cache node-addon-api@https://registry.npmjs.org/node-addon-api/-/node-addon-api-6.1.0.tgz 0ms (cache hit)
2698 http cache es-errors@https://registry.npmjs.org/es-errors/-/es-errors-1.3.0.tgz 0ms (cache hit)
2699 http cache color@https://registry.npmjs.org/color/-/color-4.2.3.tgz 0ms (cache hit)
2700 http cache color-name@https://registry.npmjs.org/color-name/-/color-name-1.1.4.tgz 0ms (cache hit)
2701 http cache color-string@https://registry.npmjs.org/color-string/-/color-string-1.9.1.tgz 0ms (cache hit)
2702 http cache string_decoder@https://registry.npmjs.org/string_decoder/-/string_decoder-1.1.1.tgz 0ms (cache hit)
2703 http cache process-nextick-args@https://registry.npmjs.org/process-nextick-args/-/process-nextick-args-2.0.1.tgz 0ms (cache hit)
2704 http cache util-deprecate@https://registry.npmjs.org/util-deprecate/-/util-deprecate-1.0.2.tgz 0ms (cache hit)
2705 http cache safe-buffer@https://registry.npmjs.org/safe-buffer/-/safe-buffer-5.1.2.tgz 0ms (cache hit)
2706 http cache isarray@https://registry.npmjs.org/isarray/-/isarray-1.0.0.tgz 0ms (cache hit)
2707 http cache core-util-is@https://registry.npmjs.org/core-util-is/-/core-util-is-1.0.3.tgz 0ms (cache hit)
2708 http cache strip-json-comments@https://registry.npmjs.org/strip-json-comments/-/strip-json-comments-2.0.1.tgz 0ms (cache hit)
2709 http cache ini@https://registry.npmjs.org/ini/-/ini-1.3.8.tgz 0ms (cache hit)
2710 http cache wrappy@https://registry.npmjs.org/wrappy/-/wrappy-1.0.2.tgz 0ms (cache hit)
2711 http cache once@https://registry.npmjs.org/once/-/once-1.4.0.tgz 0ms (cache hit)
2712 http cache deep-extend@https://registry.npmjs.org/deep-extend/-/deep-extend-0.6.0.tgz 0ms (cache hit)
2713 http cache end-of-stream@https://registry.npmjs.org/end-of-stream/-/end-of-stream-1.4.5.tgz 0ms (cache hit)
2714 http cache wide-align@https://registry.npmjs.org/wide-align/-/wide-align-1.1.5.tgz 0ms (cache hit)
2715 http cache object-assign@https://registry.npmjs.org/object-assign/-/object-assign-4.1.1.tgz 0ms (cache hit)
2716 http cache has-unicode@https://registry.npmjs.org/has-unicode/-/has-unicode-2.0.1.tgz 0ms (cache hit)
2717 http cache readable-stream@https://registry.npmjs.org/readable-stream/-/readable-stream-2.3.8.tgz 0ms (cache hit)
2718 http cache aproba@https://registry.npmjs.org/aproba/-/aproba-1.2.0.tgz 0ms (cache hit)
2719 http cache delegates@https://registry.npmjs.org/delegates/-/delegates-1.0.0.tgz 0ms (cache hit)
2720 http cache set-blocking@https://registry.npmjs.org/set-blocking/-/set-blocking-2.0.0.tgz 0ms (cache hit)
2721 http cache safe-buffer@https://registry.npmjs.org/safe-buffer/-/safe-buffer-5.1.2.tgz 0ms (cache hit)
2722 http cache gauge@https://registry.npmjs.org/gauge/-/gauge-2.7.4.tgz 0ms (cache hit)
2723 http cache ansi-regex@https://registry.npmjs.org/ansi-regex/-/ansi-regex-2.1.1.tgz 0ms (cache hit)
2724 http cache strip-ansi@https://registry.npmjs.org/strip-ansi/-/strip-ansi-3.0.1.tgz 0ms (cache hit)
2725 http cache is-fullwidth-code-point@https://registry.npmjs.org/is-fullwidth-code-point/-/is-fullwidth-code-point-1.0.0.tgz 0ms (cache hit)
2726 http cache are-we-there-yet@https://registry.npmjs.org/are-we-there-yet/-/are-we-there-yet-1.1.7.tgz 0ms (cache hit)
2727 http cache string-width@https://registry.npmjs.org/string-width/-/string-width-1.0.2.tgz 0ms (cache hit)
2728 http cache which-pm-runs@https://registry.npmjs.org/which-pm-runs/-/which-pm-runs-1.1.0.tgz 0ms (cache hit)
2729 http cache tunnel-agent@https://registry.npmjs.org/tunnel-agent/-/tunnel-agent-0.6.0.tgz 0ms (cache hit)
2730 http cache chownr@https://registry.npmjs.org/chownr/-/chownr-1.1.4.tgz 0ms (cache hit)
2731 http cache rc@https://registry.npmjs.org/rc/-/rc-1.2.8.tgz 0ms (cache hit)
2732 http cache tar-fs@https://registry.npmjs.org/tar-fs/-/tar-fs-2.1.4.tgz 0ms (cache hit)
2733 http cache simple-get@https://registry.npmjs.org/simple-get/-/simple-get-3.1.1.tgz 0ms (cache hit)
2734 http cache signal-exit@https://registry.npmjs.org/signal-exit/-/signal-exit-3.0.7.tgz 0ms (cache hit)
2735 http cache pump@https://registry.npmjs.org/pump/-/pump-3.0.4.tgz 0ms (cache hit)
2736 http cache noop-logger@https://registry.npmjs.org/noop-logger/-/noop-logger-0.1.1.tgz 0ms (cache hit)
2737 http cache node-abi@https://registry.npmjs.org/node-abi/-/node-abi-2.30.1.tgz 0ms (cache hit)
2738 http cache console-control-strings@https://registry.npmjs.org/console-control-strings/-/console-control-strings-1.1.0.tgz 0ms (cache hit)
2739 http cache semver@https://registry.npmjs.org/semver/-/semver-5.7.2.tgz 0ms (cache hit)
2740 http cache npmlog@https://registry.npmjs.org/npmlog/-/npmlog-4.1.2.tgz 0ms (cache hit)
2741 http cache napi-build-utils@https://registry.npmjs.org/napi-build-utils/-/napi-build-utils-1.0.2.tgz 0ms (cache hit)
2742 http cache mkdirp-classic@https://registry.npmjs.org/mkdirp-classic/-/mkdirp-classic-0.5.3.tgz 0ms (cache hit)
2743 http cache minimist@https://registry.npmjs.org/minimist/-/minimist-1.2.8.tgz 0ms (cache hit)
2744 http cache github-from-package@https://registry.npmjs.org/github-from-package/-/github-from-package-0.0.0.tgz 0ms (cache hit)
2745 http cache expand-template@https://registry.npmjs.org/expand-template/-/expand-template-2.0.3.tgz 0ms (cache hit)
2746 http cache file-uri-to-path@https://registry.npmjs.org/file-uri-to-path/-/file-uri-to-path-1.0.0.tgz 0ms (cache hit)
2747 http cache prebuild-install@https://registry.npmjs.org/prebuild-install/-/prebuild-install-5.3.6.tgz 0ms (cache hit)
2748 http cache nan@https://registry.npmjs.org/nan/-/nan-2.26.2.tgz 0ms (cache hit)
2749 http cache bindings@https://registry.npmjs.org/bindings/-/bindings-1.5.0.tgz 0ms (cache hit)
2750 http cache @serialport/binding-abstract@https://registry.npmjs.org/@serialport/binding-abstract/-/binding-abstract-8.0.6.tgz 0ms (cache hit)
2751 http cache @serialport/stream@https://registry.npmjs.org/@serialport/stream/-/stream-8.0.6.tgz 0ms (cache hit)
2752 http cache debug@https://registry.npmjs.org/debug/-/debug-4.4.3.tgz 0ms (cache hit)
2753 http cache ms@https://registry.npmjs.org/ms/-/ms-2.1.3.tgz 0ms (cache hit)
2754 http cache @serialport/parser-regex@https://registry.npmjs.org/@serialport/parser-regex/-/parser-regex-8.0.6.tgz 0ms (cache hit)
2755 http cache debug@https://registry.npmjs.org/debug/-/debug-4.4.3.tgz 0ms (cache hit)
2756 http cache @serialport/parser-ready@https://registry.npmjs.org/@serialport/parser-ready/-/parser-ready-8.0.6.tgz 0ms (cache hit)
2757 http cache ms@https://registry.npmjs.org/ms/-/ms-2.1.3.tgz 0ms (cache hit)
2758 http cache @serialport/parser-delimiter@https://registry.npmjs.org/@serialport/parser-delimiter/-/parser-delimiter-8.0.6.tgz 0ms (cache hit)
2759 http cache @serialport/parser-cctalk@https://registry.npmjs.org/@serialport/parser-cctalk/-/parser-cctalk-8.0.6.tgz 0ms (cache hit)
2760 http cache @serialport/parser-byte-length@https://registry.npmjs.org/@serialport/parser-byte-length/-/parser-byte-length-8.0.6.tgz 0ms (cache hit)
2761 http cache @serialport/bindings@https://registry.npmjs.org/@serialport/bindings/-/bindings-8.0.8.tgz 0ms (cache hit)
2762 http cache debug@https://registry.npmjs.org/debug/-/debug-4.4.3.tgz 0ms (cache hit)
2763 http cache ms@https://registry.npmjs.org/ms/-/ms-2.1.3.tgz 0ms (cache hit)
2764 http cache detect-libc@https://registry.npmjs.org/detect-libc/-/detect-libc-1.0.3.tgz 0ms (cache hit)
2765 http cache @serialport/binding-mock@https://registry.npmjs.org/@serialport/binding-mock/-/binding-mock-8.0.6.tgz 0ms (cache hit)
2766 http cache ms@https://registry.npmjs.org/ms/-/ms-2.1.3.tgz 0ms (cache hit)
2767 http cache mime@https://registry.npmjs.org/mime/-/mime-1.6.0.tgz 0ms (cache hit)
2768 http cache @serialport/parser-readline@https://registry.npmjs.org/@serialport/parser-readline/-/parser-readline-8.0.6.tgz 0ms (cache hit)
2769 http cache debug@https://registry.npmjs.org/debug/-/debug-4.4.3.tgz 0ms (cache hit)
2770 http cache mimic-fn@https://registry.npmjs.org/mimic-fn/-/mimic-fn-2.1.0.tgz 0ms (cache hit)
2771 http cache onetime@https://registry.npmjs.org/onetime/-/onetime-5.1.2.tgz 0ms (cache hit)
2772 http cache side-channel@https://registry.npmjs.org/side-channel/-/side-channel-1.1.0.tgz 0ms (cache hit)
2773 http cache ipaddr.js@https://registry.npmjs.org/ipaddr.js/-/ipaddr.js-1.9.1.tgz 0ms (cache hit)
2774 http cache forwarded@https://registry.npmjs.org/forwarded/-/forwarded-0.2.0.tgz 0ms (cache hit)
2775 http cache retry@https://registry.npmjs.org/retry/-/retry-0.12.0.tgz 0ms (cache hit)
2776 http cache err-code@https://registry.npmjs.org/err-code/-/err-code-2.0.3.tgz 0ms (cache hit)
2777 http cache indent-string@https://registry.npmjs.org/indent-string/-/indent-string-4.0.0.tgz 0ms (cache hit)
2778 http cache clean-stack@https://registry.npmjs.org/clean-stack/-/clean-stack-2.2.0.tgz 0ms (cache hit)
2779 http cache aggregate-error@https://registry.npmjs.org/aggregate-error/-/aggregate-error-3.1.0.tgz 0ms (cache hit)
2780 http cache ee-first@https://registry.npmjs.org/ee-first/-/ee-first-1.1.1.tgz 0ms (cache hit)
2781 http cache validate-npm-package-name@https://registry.npmjs.org/validate-npm-package-name/-/validate-npm-package-name-5.0.1.tgz 0ms (cache hit)
2782 http cache hosted-git-info@https://registry.npmjs.org/hosted-git-info/-/hosted-git-info-7.0.2.tgz 0ms (cache hit)
2783 http cache yallist@https://registry.npmjs.org/yallist/-/yallist-4.0.0.tgz 0ms (cache hit)
2784 http cache minipass-sized@https://registry.npmjs.org/minipass-sized/-/minipass-sized-1.0.3.tgz 0ms (cache hit)
2785 http cache encoding@https://registry.npmjs.org/encoding/-/encoding-0.1.13.tgz 0ms (cache hit)
2786 http cache minipass@https://registry.npmjs.org/minipass/-/minipass-3.3.6.tgz 0ms (cache hit)
2787 http cache balanced-match@https://registry.npmjs.org/balanced-match/-/balanced-match-1.0.2.tgz 0ms (cache hit)
2788 http cache iconv-lite@https://registry.npmjs.org/iconv-lite/-/iconv-lite-0.6.3.tgz 0ms (cache hit)
2789 http cache wrap-ansi-cjs@https://registry.npmjs.org/wrap-ansi/-/wrap-ansi-7.0.0.tgz 0ms (cache hit)
2790 http cache brace-expansion@https://registry.npmjs.org/brace-expansion/-/brace-expansion-2.1.0.tgz 0ms (cache hit)
2791 http cache ansi-regex@https://registry.npmjs.org/ansi-regex/-/ansi-regex-5.0.1.tgz 0ms (cache hit)
2792 http cache color-name@https://registry.npmjs.org/color-name/-/color-name-1.1.4.tgz 0ms (cache hit)
2793 http cache color-convert@https://registry.npmjs.org/color-convert/-/color-convert-2.0.1.tgz 0ms (cache hit)
2794 http cache strip-ansi@https://registry.npmjs.org/strip-ansi/-/strip-ansi-6.0.1.tgz 0ms (cache hit)
2795 http cache ansi-regex@https://registry.npmjs.org/ansi-regex/-/ansi-regex-6.2.2.tgz 0ms (cache hit)
2796 http cache ansi-styles@https://registry.npmjs.org/ansi-styles/-/ansi-styles-4.3.0.tgz 0ms (cache hit)
2797 http cache emoji-regex@https://registry.npmjs.org/emoji-regex/-/emoji-regex-9.2.2.tgz 0ms (cache hit)
2798 http cache strip-ansi-cjs@https://registry.npmjs.org/strip-ansi/-/strip-ansi-6.0.1.tgz 0ms (cache hit)
2799 http cache string-width@https://registry.npmjs.org/string-width/-/string-width-5.1.2.tgz 0ms (cache hit)
2800 http cache string-width-cjs@https://registry.npmjs.org/string-width/-/string-width-4.2.3.tgz 0ms (cache hit)
2801 http cache wrap-ansi@https://registry.npmjs.org/wrap-ansi/-/wrap-ansi-8.1.0.tgz 0ms (cache hit)
2802 http cache ansi-regex@https://registry.npmjs.org/ansi-regex/-/ansi-regex-5.0.1.tgz 0ms (cache hit)
2803 http cache ansi-regex@https://registry.npmjs.org/ansi-regex/-/ansi-regex-5.0.1.tgz 0ms (cache hit)
2804 http cache @isaacs/cliui@https://registry.npmjs.org/@isaacs/cliui/-/cliui-8.0.2.tgz 0ms (cache hit)
2805 http cache strip-ansi@https://registry.npmjs.org/strip-ansi/-/strip-ansi-7.2.0.tgz 0ms (cache hit)
2806 http cache @pkgjs/parseargs@https://registry.npmjs.org/@pkgjs/parseargs/-/parseargs-0.11.0.tgz 0ms (cache hit)
2807 http cache emoji-regex@https://registry.npmjs.org/emoji-regex/-/emoji-regex-9.2.2.tgz 0ms (cache hit)
2808 http cache string-width@https://registry.npmjs.org/string-width/-/string-width-5.1.2.tgz 0ms (cache hit)
2809 http cache strip-ansi@https://registry.npmjs.org/strip-ansi/-/strip-ansi-7.2.0.tgz 0ms (cache hit)
2810 http cache which@https://registry.npmjs.org/which/-/which-2.0.2.tgz 0ms (cache hit)
2811 http cache ansi-regex@https://registry.npmjs.org/ansi-regex/-/ansi-regex-6.2.2.tgz 0ms (cache hit)
2812 http cache strip-ansi@https://registry.npmjs.org/strip-ansi/-/strip-ansi-6.0.1.tgz 0ms (cache hit)
2813 http cache ansi-styles@https://registry.npmjs.org/ansi-styles/-/ansi-styles-6.2.3.tgz 0ms (cache hit)
2814 http cache shebang-command@https://registry.npmjs.org/shebang-command/-/shebang-command-2.0.0.tgz 0ms (cache hit)
2815 http cache signal-exit@https://registry.npmjs.org/signal-exit/-/signal-exit-4.1.0.tgz 0ms (cache hit)
2816 http cache cross-spawn@https://registry.npmjs.org/cross-spawn/-/cross-spawn-7.0.6.tgz 0ms (cache hit)
2817 http cache path-key@https://registry.npmjs.org/path-key/-/path-key-3.1.1.tgz 0ms (cache hit)
2818 http cache path-scurry@https://registry.npmjs.org/path-scurry/-/path-scurry-1.11.1.tgz 0ms (cache hit)
2819 http cache package-json-from-dist@https://registry.npmjs.org/package-json-from-dist/-/package-json-from-dist-1.0.1.tgz 0ms (cache hit)
2820 http cache minimatch@https://registry.npmjs.org/minimatch/-/minimatch-9.0.9.tgz 0ms (cache hit)
2821 http cache foreground-child@https://registry.npmjs.org/foreground-child/-/foreground-child-3.3.1.tgz 0ms (cache hit)
2822 http cache semver@https://registry.npmjs.org/semver/-/semver-7.7.4.tgz 0ms (cache hit)
2823 http cache unique-filename@https://registry.npmjs.org/unique-filename/-/unique-filename-3.0.0.tgz 0ms (cache hit)
2824 http cache jackspeak@https://registry.npmjs.org/jackspeak/-/jackspeak-3.4.3.tgz 0ms (cache hit)
2825 http cache fs-minipass@https://registry.npmjs.org/fs-minipass/-/fs-minipass-3.0.3.tgz 0ms (cache hit)
2826 http cache minipass-collect@https://registry.npmjs.org/minipass-collect/-/minipass-collect-2.0.1.tgz 0ms (cache hit)
2827 http cache glob@https://registry.npmjs.org/glob/-/glob-10.5.0.tgz 0ms (cache hit)
2828 http cache @npmcli/fs@https://registry.npmjs.org/@npmcli/fs/-/fs-3.1.1.tgz 0ms (cache hit)
2829 http cache socks-proxy-agent@https://registry.npmjs.org/socks-proxy-agent/-/socks-proxy-agent-8.0.5.tgz 0ms (cache hit)
2830 http cache lru-cache@https://registry.npmjs.org/lru-cache/-/lru-cache-10.4.3.tgz 0ms (cache hit)
2831 http cache ms@https://registry.npmjs.org/ms/-/ms-2.1.3.tgz 0ms (cache hit)
2832 http cache debug@https://registry.npmjs.org/debug/-/debug-4.4.3.tgz 0ms (cache hit)
2833 http cache https-proxy-agent@https://registry.npmjs.org/https-proxy-agent/-/https-proxy-agent-7.0.6.tgz 0ms (cache hit)
2834 http cache http-proxy-agent@https://registry.npmjs.org/http-proxy-agent/-/http-proxy-agent-7.0.2.tgz 0ms (cache hit)
2835 http cache ms@https://registry.npmjs.org/ms/-/ms-2.1.3.tgz 0ms (cache hit)
2836 http cache debug@https://registry.npmjs.org/debug/-/debug-4.4.3.tgz 0ms (cache hit)
2837 http cache ms@https://registry.npmjs.org/ms/-/ms-2.1.3.tgz 0ms (cache hit)
2838 http cache debug@https://registry.npmjs.org/debug/-/debug-4.4.3.tgz 0ms (cache hit)
2839 http cache p-map@https://registry.npmjs.org/p-map/-/p-map-4.0.0.tgz 0ms (cache hit)
2840 http cache agent-base@https://registry.npmjs.org/agent-base/-/agent-base-7.1.4.tgz 0ms (cache hit)
2841 http cache ssri@https://registry.npmjs.org/ssri/-/ssri-10.0.6.tgz 0ms (cache hit)
2842 http cache promise-retry@https://registry.npmjs.org/promise-retry/-/promise-retry-2.0.1.tgz 0ms (cache hit)
2843 http cache minipass-flush@https://registry.npmjs.org/minipass-flush/-/minipass-flush-1.0.7.tgz 0ms (cache hit)
2844 http cache minipass-pipeline@https://registry.npmjs.org/minipass-pipeline/-/minipass-pipeline-1.2.4.tgz 0ms (cache hit)
2845 http cache minipass@https://registry.npmjs.org/minipass/-/minipass-3.3.6.tgz 1ms (cache hit)
2846 http cache minipass@https://registry.npmjs.org/minipass/-/minipass-3.3.6.tgz 0ms (cache hit)
2847 http cache is-lambda@https://registry.npmjs.org/is-lambda/-/is-lambda-1.0.1.tgz 0ms (cache hit)
2848 http cache http-cache-semantics@https://registry.npmjs.org/http-cache-semantics/-/http-cache-semantics-4.2.0.tgz 0ms (cache hit)
2849 http cache cacache@https://registry.npmjs.org/cacache/-/cacache-18.0.4.tgz 0ms (cache hit)
2850 http cache @npmcli/agent@https://registry.npmjs.org/@npmcli/agent/-/agent-2.2.2.tgz 0ms (cache hit)
2851 http cache proc-log@https://registry.npmjs.org/proc-log/-/proc-log-4.2.0.tgz 0ms (cache hit)
2852 http cache npm-package-arg@https://registry.npmjs.org/npm-package-arg/-/npm-package-arg-11.0.3.tgz 0ms (cache hit)
2853 http cache minizlib@https://registry.npmjs.org/minizlib/-/minizlib-2.1.2.tgz 0ms (cache hit)
2854 http cache minipass-fetch@https://registry.npmjs.org/minipass-fetch/-/minipass-fetch-3.0.5.tgz 0ms (cache hit)
2855 http cache minipass@https://registry.npmjs.org/minipass/-/minipass-3.3.6.tgz 0ms (cache hit)
2856 http cache minipass@https://registry.npmjs.org/minipass/-/minipass-7.1.3.tgz 0ms (cache hit)
2857 http cache make-fetch-happen@https://registry.npmjs.org/make-fetch-happen/-/make-fetch-happen-13.0.1.tgz 0ms (cache hit)
2858 http cache jsonparse@https://registry.npmjs.org/jsonparse/-/jsonparse-1.3.1.tgz 0ms (cache hit)
2859 http cache @npmcli/redact@https://registry.npmjs.org/@npmcli/redact/-/redact-2.0.1.tgz 0ms (cache hit)
2860 http cache argparse@https://registry.npmjs.org/argparse/-/argparse-2.0.1.tgz 0ms (cache hit)
2861 http cache mime-db@https://registry.npmjs.org/mime-db/-/mime-db-1.52.0.tgz 0ms (cache hit)
2862 http cache fuzzy@https://registry.npmjs.org/fuzzy/-/fuzzy-0.1.3.tgz 0ms (cache hit)
2863 http cache tmp@https://registry.npmjs.org/tmp/-/tmp-0.0.33.tgz 0ms (cache hit)
2864 http cache chardet@https://registry.npmjs.org/chardet/-/chardet-0.7.0.tgz 0ms (cache hit)
2865 http cache color-name@https://registry.npmjs.org/color-name/-/color-name-1.1.3.tgz 0ms (cache hit)
2866 http cache restore-cursor@https://registry.npmjs.org/restore-cursor/-/restore-cursor-3.1.0.tgz 0ms (cache hit)
2867 http cache signal-exit@https://registry.npmjs.org/signal-exit/-/signal-exit-3.0.7.tgz 0ms (cache hit)
2868 http cache color-convert@https://registry.npmjs.org/color-convert/-/color-convert-1.9.3.tgz 0ms (cache hit)
2869 http cache supports-color@https://registry.npmjs.org/supports-color/-/supports-color-5.5.0.tgz 0ms (cache hit)
2870 http cache escape-string-regexp@https://registry.npmjs.org/escape-string-regexp/-/escape-string-regexp-1.0.5.tgz 0ms (cache hit)
2871 http cache ansi-styles@https://registry.npmjs.org/ansi-styles/-/ansi-styles-3.2.1.tgz 0ms (cache hit)
2872 http cache type-fest@https://registry.npmjs.org/type-fest/-/type-fest-0.21.3.tgz 0ms (cache hit)
2873 http cache rxjs@https://registry.npmjs.org/rxjs/-/rxjs-6.6.7.tgz 0ms (cache hit)
2874 http cache run-async@https://registry.npmjs.org/run-async/-/run-async-2.4.1.tgz 0ms (cache hit)
2875 http cache figures@https://registry.npmjs.org/figures/-/figures-3.2.0.tgz 0ms (cache hit)
2876 http cache lodash@https://registry.npmjs.org/lodash/-/lodash-4.18.1.tgz 0ms (cache hit)
2877 http cache strip-ansi@https://registry.npmjs.org/strip-ansi/-/strip-ansi-5.2.0.tgz 0ms (cache hit)
2878 http cache through@https://registry.npmjs.org/through/-/through-2.3.8.tgz 0ms (cache hit)
2879 http cache mute-stream@https://registry.npmjs.org/mute-stream/-/mute-stream-0.0.8.tgz 0ms (cache hit)
2880 http cache cli-width@https://registry.npmjs.org/cli-width/-/cli-width-2.2.1.tgz 0ms (cache hit)
2881 http cache external-editor@https://registry.npmjs.org/external-editor/-/external-editor-3.1.0.tgz 0ms (cache hit)
2882 http cache cli-cursor@https://registry.npmjs.org/cli-cursor/-/cli-cursor-3.1.0.tgz 0ms (cache hit)
2883 http cache tslib@https://registry.npmjs.org/tslib/-/tslib-1.14.1.tgz 0ms (cache hit)
2884 http cache ansi-escapes@https://registry.npmjs.org/ansi-escapes/-/ansi-escapes-4.3.2.tgz 0ms (cache hit)
2885 http cache chalk@https://registry.npmjs.org/chalk/-/chalk-2.4.2.tgz 0ms (cache hit)
2886 http cache safer-buffer@https://registry.npmjs.org/safer-buffer/-/safer-buffer-2.1.2.tgz 0ms (cache hit)
2887 http cache toidentifier@https://registry.npmjs.org/toidentifier/-/toidentifier-1.0.1.tgz 0ms (cache hit)
2888 http cache strnum@https://registry.npmjs.org/strnum/-/strnum-1.1.2.tgz 0ms (cache hit)
2889 http cache ms@https://registry.npmjs.org/ms/-/ms-2.0.0.tgz 0ms (cache hit)
2890 http cache unpipe@https://registry.npmjs.org/unpipe/-/unpipe-1.0.0.tgz 0ms (cache hit)
2891 http cache queue@https://registry.npmjs.org/queue/-/queue-6.0.2.tgz 0ms (cache hit)
2892 http cache inherits@https://registry.npmjs.org/inherits/-/inherits-2.0.4.tgz 0ms (cache hit)
2893 http cache raw-body@https://registry.npmjs.org/raw-body/-/raw-body-2.5.2.tgz 0ms (cache hit)
2894 http cache iconv-lite@https://registry.npmjs.org/iconv-lite/-/iconv-lite-0.4.24.tgz 0ms (cache hit)
2895 http cache destroy@https://registry.npmjs.org/destroy/-/destroy-1.2.0.tgz 0ms (cache hit)
2896 http cache negotiator@https://registry.npmjs.org/negotiator/-/negotiator-0.6.3.tgz 0ms (cache hit)
2897 http cache bytes@https://registry.npmjs.org/bytes/-/bytes-3.1.2.tgz 0ms (cache hit)
2898 http cache mime-types@https://registry.npmjs.org/mime-types/-/mime-types-2.1.35.tgz 0ms (cache hit)
2899 http cache vary@https://registry.npmjs.org/vary/-/vary-1.1.2.tgz 0ms (cache hit)
2900 http cache utils-merge@https://registry.npmjs.org/utils-merge/-/utils-merge-1.0.1.tgz 0ms (cache hit)
2901 http cache type-is@https://registry.npmjs.org/type-is/-/type-is-1.6.18.tgz 0ms (cache hit)
2902 http cache statuses@https://registry.npmjs.org/statuses/-/statuses-2.0.1.tgz 0ms (cache hit)
2903 http cache serve-static@https://registry.npmjs.org/serve-static/-/serve-static-1.16.2.tgz 0ms (cache hit)
2904 http cache setprototypeof@https://registry.npmjs.org/setprototypeof/-/setprototypeof-1.2.0.tgz 0ms (cache hit)
2905 http cache send@https://registry.npmjs.org/send/-/send-0.19.0.tgz 0ms (cache hit)
2906 http cache safe-buffer@https://registry.npmjs.org/safe-buffer/-/safe-buffer-5.2.1.tgz 0ms (cache hit)
2907 http cache range-parser@https://registry.npmjs.org/range-parser/-/range-parser-1.2.1.tgz 0ms (cache hit)
2908 http cache ms@https://registry.npmjs.org/ms/-/ms-2.1.3.tgz 0ms (cache hit)
2909 http cache encodeurl@https://registry.npmjs.org/encodeurl/-/encodeurl-1.0.2.tgz 0ms (cache hit)
2910 http cache qs@https://registry.npmjs.org/qs/-/qs-6.13.0.tgz 0ms (cache hit)
2911 http cache proxy-addr@https://registry.npmjs.org/proxy-addr/-/proxy-addr-2.0.7.tgz 0ms (cache hit)
2912 http cache path-to-regexp@https://registry.npmjs.org/path-to-regexp/-/path-to-regexp-0.1.12.tgz 0ms (cache hit)
2913 http cache on-finished@https://registry.npmjs.org/on-finished/-/on-finished-2.4.1.tgz 0ms (cache hit)
2914 http cache methods@https://registry.npmjs.org/methods/-/methods-1.1.2.tgz 0ms (cache hit)
2915 http cache http-errors@https://registry.npmjs.org/http-errors/-/http-errors-2.0.0.tgz 0ms (cache hit)
2916 http cache parseurl@https://registry.npmjs.org/parseurl/-/parseurl-1.3.3.tgz 0ms (cache hit)
2917 http cache finalhandler@https://registry.npmjs.org/finalhandler/-/finalhandler-1.3.1.tgz 0ms (cache hit)
2918 http cache fresh@https://registry.npmjs.org/fresh/-/fresh-0.5.2.tgz 0ms (cache hit)
2919 http cache etag@https://registry.npmjs.org/etag/-/etag-1.8.1.tgz 0ms (cache hit)
2920 http cache escape-html@https://registry.npmjs.org/escape-html/-/escape-html-1.0.3.tgz 0ms (cache hit)
2921 http cache merge-descriptors@https://registry.npmjs.org/merge-descriptors/-/merge-descriptors-1.0.3.tgz 0ms (cache hit)
2922 http cache depd@https://registry.npmjs.org/depd/-/depd-2.0.0.tgz 0ms (cache hit)
2923 http cache cookie-signature@https://registry.npmjs.org/cookie-signature/-/cookie-signature-1.0.6.tgz 0ms (cache hit)
2924 http cache cookie@https://registry.npmjs.org/cookie/-/cookie-0.7.1.tgz 0ms (cache hit)
2925 http cache content-type@https://registry.npmjs.org/content-type/-/content-type-1.0.5.tgz 0ms (cache hit)
2926 http cache content-disposition@https://registry.npmjs.org/content-disposition/-/content-disposition-0.5.4.tgz 0ms (cache hit)
2927 http cache body-parser@https://registry.npmjs.org/body-parser/-/body-parser-1.20.3.tgz 0ms (cache hit)
2928 http cache array-flatten@https://registry.npmjs.org/array-flatten/-/array-flatten-1.1.1.tgz 0ms (cache hit)
2929 http cache accepts@https://registry.npmjs.org/accepts/-/accepts-1.3.8.tgz 0ms (cache hit)
2930 http cache encodeurl@https://registry.npmjs.org/encodeurl/-/encodeurl-2.0.0.tgz 0ms (cache hit)
2931 http cache string-width@https://registry.npmjs.org/string-width/-/string-width-4.2.3.tgz 0ms (cache hit)
2932 http cache ansi-regex@https://registry.npmjs.org/ansi-regex/-/ansi-regex-5.0.1.tgz 0ms (cache hit)
2933 http cache strip-ansi@https://registry.npmjs.org/strip-ansi/-/strip-ansi-6.0.1.tgz 0ms (cache hit)
2934 http cache colors@https://registry.npmjs.org/colors/-/colors-1.4.0.tgz 0ms (cache hit)
2935 http cache nofilter@https://registry.npmjs.org/nofilter/-/nofilter-1.0.4.tgz 0ms (cache hit)
2936 http cache bignumber.js@https://registry.npmjs.org/bignumber.js/-/bignumber.js-9.3.1.tgz 0ms (cache hit)
2937 http cache ieee754@https://registry.npmjs.org/ieee754/-/ieee754-1.2.1.tgz 0ms (cache hit)
2938 http cache @smithy/querystring-parser@https://registry.npmjs.org/@smithy/querystring-parser/-/querystring-parser-3.0.11.tgz 0ms (cache hit)
2939 http cache base64-js@https://registry.npmjs.org/base64-js/-/base64-js-1.5.1.tgz 0ms (cache hit)
2940 http cache @smithy/util-uri-escape@https://registry.npmjs.org/@smithy/util-uri-escape/-/util-uri-escape-3.0.0.tgz 0ms (cache hit)
2941 http cache @smithy/abort-controller@https://registry.npmjs.org/@smithy/abort-controller/-/abort-controller-3.1.9.tgz 0ms (cache hit)
2942 http cache @smithy/service-error-classification@https://registry.npmjs.org/@smithy/service-error-classification/-/service-error-classification-3.0.11.tgz 0ms (cache hit)
2943 http cache @smithy/util-buffer-from@https://registry.npmjs.org/@smithy/util-buffer-from/-/util-buffer-from-3.0.0.tgz 0ms (cache hit)
2944 http cache debug@https://registry.npmjs.org/debug/-/debug-2.6.9.tgz 0ms (cache hit)
2945 http cache @smithy/chunked-blob-reader-native@https://registry.npmjs.org/@smithy/chunked-blob-reader-native/-/chunked-blob-reader-native-3.0.1.tgz 0ms (cache hit)
2946 http cache @smithy/chunked-blob-reader@https://registry.npmjs.org/@smithy/chunked-blob-reader/-/chunked-blob-reader-4.0.0.tgz 0ms (cache hit)
2947 http cache @smithy/util-hex-encoding@https://registry.npmjs.org/@smithy/util-hex-encoding/-/util-hex-encoding-3.0.0.tgz 0ms (cache hit)
2948 http cache @smithy/querystring-builder@https://registry.npmjs.org/@smithy/querystring-builder/-/querystring-builder-3.0.11.tgz 0ms (cache hit)
2949 http cache @smithy/eventstream-serde-universal@https://registry.npmjs.org/@smithy/eventstream-serde-universal/-/eventstream-serde-universal-3.0.13.tgz 0ms (cache hit)
2950 http cache @smithy/eventstream-codec@https://registry.npmjs.org/@smithy/eventstream-codec/-/eventstream-codec-3.1.10.tgz 0ms (cache hit)
2951 http cache bowser@https://registry.npmjs.org/bowser/-/bowser-2.14.1.tgz 0ms (cache hit)
2952 http cache @smithy/is-array-buffer@https://registry.npmjs.org/@smithy/is-array-buffer/-/is-array-buffer-3.0.0.tgz 0ms (cache hit)
2953 http cache @aws-crypto/crc32c@https://registry.npmjs.org/@aws-crypto/crc32c/-/crc32c-5.2.0.tgz 0ms (cache hit)
2954 http cache @aws-sdk/util-arn-parser@https://registry.npmjs.org/@aws-sdk/util-arn-parser/-/util-arn-parser-3.568.0.tgz 0ms (cache hit)
2955 http cache @smithy/util-config-provider@https://registry.npmjs.org/@smithy/util-config-provider/-/util-config-provider-3.0.0.tgz 0ms (cache hit)
2956 http cache @aws-crypto/crc32@https://registry.npmjs.org/@aws-crypto/crc32/-/crc32-5.2.0.tgz 0ms (cache hit)
2957 http cache @aws-sdk/token-providers@https://registry.npmjs.org/@aws-sdk/token-providers/-/token-providers-3.614.0.tgz 0ms (cache hit)
2958 http cache @aws-sdk/client-sso@https://registry.npmjs.org/@aws-sdk/client-sso/-/client-sso-3.624.0.tgz 0ms (cache hit)
2959 http cache @smithy/shared-ini-file-loader@https://registry.npmjs.org/@smithy/shared-ini-file-loader/-/shared-ini-file-loader-3.1.12.tgz 0ms (cache hit)
2960 http cache @smithy/property-provider@https://registry.npmjs.org/@smithy/property-provider/-/property-provider-3.1.11.tgz 0ms (cache hit)
2961 http cache @aws-sdk/credential-provider-web-identity@https://registry.npmjs.org/@aws-sdk/credential-provider-web-identity/-/credential-provider-web-identity-3.621.0.tgz 0ms (cache hit)
2962 http cache @smithy/credential-provider-imds@https://registry.npmjs.org/@smithy/credential-provider-imds/-/credential-provider-imds-3.2.8.tgz 0ms (cache hit)
2963 http cache @aws-sdk/credential-provider-sso@https://registry.npmjs.org/@aws-sdk/credential-provider-sso/-/credential-provider-sso-3.624.0.tgz 0ms (cache hit)
2964 http cache @aws-sdk/credential-provider-process@https://registry.npmjs.org/@aws-sdk/credential-provider-process/-/credential-provider-process-3.620.1.tgz 0ms (cache hit)
2965 http cache @aws-sdk/credential-provider-ini@https://registry.npmjs.org/@aws-sdk/credential-provider-ini/-/credential-provider-ini-3.624.0.tgz 0ms (cache hit)
2966 http cache @aws-sdk/credential-provider-http@https://registry.npmjs.org/@aws-sdk/credential-provider-http/-/credential-provider-http-3.622.0.tgz 0ms (cache hit)
2967 http cache @aws-sdk/credential-provider-env@https://registry.npmjs.org/@aws-sdk/credential-provider-env/-/credential-provider-env-3.620.1.tgz 0ms (cache hit)
2968 http cache fast-xml-parser@https://registry.npmjs.org/fast-xml-parser/-/fast-xml-parser-4.4.1.tgz 0ms (cache hit)
2969 http cache @smithy/signature-v4@https://registry.npmjs.org/@smithy/signature-v4/-/signature-v4-4.2.4.tgz 0ms (cache hit)
2970 http cache uuid@https://registry.npmjs.org/uuid/-/uuid-9.0.1.tgz 0ms (cache hit)
2971 http cache @smithy/util-waiter@https://registry.npmjs.org/@smithy/util-waiter/-/util-waiter-3.2.0.tgz 0ms (cache hit)
2972 http cache @smithy/hash-stream-node@https://registry.npmjs.org/@smithy/hash-stream-node/-/hash-stream-node-3.1.10.tgz 0ms (cache hit)
2973 http cache @smithy/md5-js@https://registry.npmjs.org/@smithy/md5-js/-/md5-js-3.0.11.tgz 0ms (cache hit)
2974 http cache @smithy/hash-blob-browser@https://registry.npmjs.org/@smithy/hash-blob-browser/-/hash-blob-browser-3.1.10.tgz 0ms (cache hit)
2975 http cache @smithy/eventstream-serde-node@https://registry.npmjs.org/@smithy/eventstream-serde-node/-/eventstream-serde-node-3.0.13.tgz 0ms (cache hit)
2976 http cache @smithy/eventstream-serde-browser@https://registry.npmjs.org/@smithy/eventstream-serde-browser/-/eventstream-serde-browser-3.0.14.tgz 0ms (cache hit)
2977 http cache @smithy/eventstream-serde-config-resolver@https://registry.npmjs.org/@smithy/eventstream-serde-config-resolver/-/eventstream-serde-config-resolver-3.0.11.tgz 0ms (cache hit)
2978 http cache @aws-sdk/xml-builder@https://registry.npmjs.org/@aws-sdk/xml-builder/-/xml-builder-3.609.0.tgz 0ms (cache hit)
2979 http cache @aws-sdk/signature-v4-multi-region@https://registry.npmjs.org/@aws-sdk/signature-v4-multi-region/-/signature-v4-multi-region-3.635.0.tgz 0ms (cache hit)
2980 http cache @aws-sdk/middleware-ssec@https://registry.npmjs.org/@aws-sdk/middleware-ssec/-/middleware-ssec-3.609.0.tgz 0ms (cache hit)
2981 http cache @aws-sdk/middleware-sdk-s3@https://registry.npmjs.org/@aws-sdk/middleware-sdk-s3/-/middleware-sdk-s3-3.635.0.tgz 0ms (cache hit)
2982 http cache @aws-sdk/core@https://registry.npmjs.org/@aws-sdk/core/-/core-3.635.0.tgz 0ms (cache hit)
2983 http cache @aws-sdk/middleware-flexible-checksums@https://registry.npmjs.org/@aws-sdk/middleware-flexible-checksums/-/middleware-flexible-checksums-3.620.0.tgz 0ms (cache hit)
2984 http cache @aws-sdk/middleware-location-constraint@https://registry.npmjs.org/@aws-sdk/middleware-location-constraint/-/middleware-location-constraint-3.609.0.tgz 0ms (cache hit)
2985 http cache @aws-sdk/middleware-expect-continue@https://registry.npmjs.org/@aws-sdk/middleware-expect-continue/-/middleware-expect-continue-3.620.0.tgz 0ms (cache hit)
2986 http cache @aws-sdk/middleware-bucket-endpoint@https://registry.npmjs.org/@aws-sdk/middleware-bucket-endpoint/-/middleware-bucket-endpoint-3.620.0.tgz 0ms (cache hit)
2987 http cache @aws-crypto/sha1-browser@https://registry.npmjs.org/@aws-crypto/sha1-browser/-/sha1-browser-5.2.0.tgz 0ms (cache hit)
2988 http cache @smithy/is-array-buffer@https://registry.npmjs.org/@smithy/is-array-buffer/-/is-array-buffer-2.2.0.tgz 0ms (cache hit)
2989 http cache @smithy/util-buffer-from@https://registry.npmjs.org/@smithy/util-buffer-from/-/util-buffer-from-2.2.0.tgz 0ms (cache hit)
2990 http cache @smithy/util-utf8@https://registry.npmjs.org/@smithy/util-utf8/-/util-utf8-2.3.0.tgz 1ms (cache hit)
2991 http cache @aws-sdk/util-locate-window@https://registry.npmjs.org/@aws-sdk/util-locate-window/-/util-locate-window-3.965.5.tgz 0ms (cache hit)
2992 http cache @aws-crypto/util@https://registry.npmjs.org/@aws-crypto/util/-/util-5.2.0.tgz 0ms (cache hit)
2993 http cache @smithy/is-array-buffer@https://registry.npmjs.org/@smithy/is-array-buffer/-/is-array-buffer-2.2.0.tgz 0ms (cache hit)
2994 http cache @smithy/util-buffer-from@https://registry.npmjs.org/@smithy/util-buffer-from/-/util-buffer-from-2.2.0.tgz 0ms (cache hit)
2995 http cache @smithy/util-utf8@https://registry.npmjs.org/@smithy/util-utf8/-/util-utf8-2.3.0.tgz 0ms (cache hit)
2996 http cache tslib@https://registry.npmjs.org/tslib/-/tslib-2.8.1.tgz 0ms (cache hit)
2997 http cache @smithy/util-utf8@https://registry.npmjs.org/@smithy/util-utf8/-/util-utf8-3.0.0.tgz 0ms (cache hit)
2998 http cache @aws-crypto/supports-web-crypto@https://registry.npmjs.org/@aws-crypto/supports-web-crypto/-/supports-web-crypto-5.2.0.tgz 0ms (cache hit)
2999 http cache @smithy/util-stream@https://registry.npmjs.org/@smithy/util-stream/-/util-stream-3.3.4.tgz 0ms (cache hit)
3000 http cache @smithy/util-retry@https://registry.npmjs.org/@smithy/util-retry/-/util-retry-3.0.11.tgz 0ms (cache hit)
3001 http cache @smithy/util-middleware@https://registry.npmjs.org/@smithy/util-middleware/-/util-middleware-3.0.11.tgz 0ms (cache hit)
3002 http cache @smithy/fetch-http-handler@https://registry.npmjs.org/@smithy/fetch-http-handler/-/fetch-http-handler-4.1.3.tgz 0ms (cache hit)
3003 http cache @smithy/util-endpoints@https://registry.npmjs.org/@smithy/util-endpoints/-/util-endpoints-2.1.7.tgz 0ms (cache hit)
3004 http cache @smithy/util-defaults-mode-browser@https://registry.npmjs.org/@smithy/util-defaults-mode-browser/-/util-defaults-mode-browser-3.0.34.tgz 0ms (cache hit)
3005 http cache @smithy/util-base64@https://registry.npmjs.org/@smithy/util-base64/-/util-base64-3.0.0.tgz 0ms (cache hit)
3006 http cache @smithy/util-body-length-browser@https://registry.npmjs.org/@smithy/util-body-length-browser/-/util-body-length-browser-3.0.0.tgz 0ms (cache hit)
3007 http cache @smithy/util-defaults-mode-node@https://registry.npmjs.org/@smithy/util-defaults-mode-node/-/util-defaults-mode-node-3.0.34.tgz 0ms (cache hit)
3008 http cache @smithy/url-parser@https://registry.npmjs.org/@smithy/url-parser/-/url-parser-3.0.11.tgz 0ms (cache hit)
3009 http cache @smithy/smithy-client@https://registry.npmjs.org/@smithy/smithy-client/-/smithy-client-3.7.0.tgz 0ms (cache hit)
3010 http cache @smithy/types@https://registry.npmjs.org/@smithy/types/-/types-3.7.2.tgz 0ms (cache hit)
3011 http cache @smithy/util-body-length-node@https://registry.npmjs.org/@smithy/util-body-length-node/-/util-body-length-node-3.0.0.tgz 0ms (cache hit)
3012 http cache @smithy/protocol-http@https://registry.npmjs.org/@smithy/protocol-http/-/protocol-http-4.1.8.tgz 0ms (cache hit)
3013 http cache @smithy/node-http-handler@https://registry.npmjs.org/@smithy/node-http-handler/-/node-http-handler-3.3.3.tgz 0ms (cache hit)
3014 http cache @smithy/node-config-provider@https://registry.npmjs.org/@smithy/node-config-provider/-/node-config-provider-3.1.12.tgz 0ms (cache hit)
3015 http cache @smithy/middleware-stack@https://registry.npmjs.org/@smithy/middleware-stack/-/middleware-stack-3.0.11.tgz 0ms (cache hit)
3016 http cache @smithy/middleware-serde@https://registry.npmjs.org/@smithy/middleware-serde/-/middleware-serde-3.0.11.tgz 0ms (cache hit)
3017 http cache @smithy/middleware-retry@https://registry.npmjs.org/@smithy/middleware-retry/-/middleware-retry-3.0.34.tgz 0ms (cache hit)
3018 http cache @smithy/middleware-endpoint@https://registry.npmjs.org/@smithy/middleware-endpoint/-/middleware-endpoint-3.2.8.tgz 0ms (cache hit)
3019 http cache @smithy/middleware-content-length@https://registry.npmjs.org/@smithy/middleware-content-length/-/middleware-content-length-3.0.13.tgz 0ms (cache hit)
3020 http cache @smithy/invalid-dependency@https://registry.npmjs.org/@smithy/invalid-dependency/-/invalid-dependency-3.0.11.tgz 0ms (cache hit)
3021 http cache @smithy/hash-node@https://registry.npmjs.org/@smithy/hash-node/-/hash-node-3.0.11.tgz 0ms (cache hit)
3022 http cache @smithy/fetch-http-handler@https://registry.npmjs.org/@smithy/fetch-http-handler/-/fetch-http-handler-3.2.9.tgz 0ms (cache hit)
3023 http cache @smithy/core@https://registry.npmjs.org/@smithy/core/-/core-2.5.7.tgz 0ms (cache hit)
3024 http cache @aws-sdk/util-user-agent-node@https://registry.npmjs.org/@aws-sdk/util-user-agent-node/-/util-user-agent-node-3.614.0.tgz 0ms (cache hit)
3025 http cache @smithy/config-resolver@https://registry.npmjs.org/@smithy/config-resolver/-/config-resolver-3.0.13.tgz 0ms (cache hit)
3026 http cache @aws-sdk/util-endpoints@https://registry.npmjs.org/@aws-sdk/util-endpoints/-/util-endpoints-3.614.0.tgz 0ms (cache hit)
3027 http cache @aws-sdk/util-user-agent-browser@https://registry.npmjs.org/@aws-sdk/util-user-agent-browser/-/util-user-agent-browser-3.609.0.tgz 0ms (cache hit)
3028 http cache @aws-sdk/types@https://registry.npmjs.org/@aws-sdk/types/-/types-3.609.0.tgz 0ms (cache hit)
3029 http cache @aws-sdk/region-config-resolver@https://registry.npmjs.org/@aws-sdk/region-config-resolver/-/region-config-resolver-3.614.0.tgz 0ms (cache hit)
3030 http cache @aws-sdk/middleware-recursion-detection@https://registry.npmjs.org/@aws-sdk/middleware-recursion-detection/-/middleware-recursion-detection-3.620.0.tgz 0ms (cache hit)
3031 http cache @aws-sdk/middleware-user-agent@https://registry.npmjs.org/@aws-sdk/middleware-user-agent/-/middleware-user-agent-3.620.0.tgz 0ms (cache hit)
3032 http cache @aws-sdk/middleware-logger@https://registry.npmjs.org/@aws-sdk/middleware-logger/-/middleware-logger-3.609.0.tgz 0ms (cache hit)
3033 http cache @aws-sdk/middleware-host-header@https://registry.npmjs.org/@aws-sdk/middleware-host-header/-/middleware-host-header-3.620.0.tgz 0ms (cache hit)
3034 http cache @aws-sdk/credential-provider-node@https://registry.npmjs.org/@aws-sdk/credential-provider-node/-/credential-provider-node-3.624.0.tgz 1ms (cache hit)
3035 http cache @aws-sdk/core@https://registry.npmjs.org/@aws-sdk/core/-/core-3.624.0.tgz 0ms (cache hit)
3036 http cache @aws-sdk/client-sts@https://registry.npmjs.org/@aws-sdk/client-sts/-/client-sts-3.624.0.tgz 0ms (cache hit)
3037 http cache @aws-crypto/sha256-js@https://registry.npmjs.org/@aws-crypto/sha256-js/-/sha256-js-5.2.0.tgz 0ms (cache hit)
3038 http cache @aws-crypto/sha256-browser@https://registry.npmjs.org/@aws-crypto/sha256-browser/-/sha256-browser-5.2.0.tgz 0ms (cache hit)
3039 http cache @smithy/is-array-buffer@https://registry.npmjs.org/@smithy/is-array-buffer/-/is-array-buffer-2.2.0.tgz 0ms (cache hit)
3040 http cache yauzl@https://registry.npmjs.org/yauzl/-/yauzl-2.10.0.tgz 0ms (cache hit)
3041 http cache @smithy/util-utf8@https://registry.npmjs.org/@smithy/util-utf8/-/util-utf8-2.3.0.tgz 0ms (cache hit)
3042 http cache @aws-sdk/client-sso-oidc@https://registry.npmjs.org/@aws-sdk/client-sso-oidc/-/client-sso-oidc-3.624.0.tgz 0ms (cache hit)
3043 http cache undici@https://registry.npmjs.org/undici/-/undici-5.29.0.tgz 0ms (cache hit)
3044 http cache tsee@https://registry.npmjs.org/tsee/-/tsee-1.3.4.tgz 0ms (cache hit)
3045 http cache tiny-async-pool@https://registry.npmjs.org/tiny-async-pool/-/tiny-async-pool-1.1.0.tgz 0ms (cache hit)
3046 http cache tar@https://registry.npmjs.org/tar/-/tar-6.2.1.tgz 0ms (cache hit)
3047 http cache @smithy/util-buffer-from@https://registry.npmjs.org/@smithy/util-buffer-from/-/util-buffer-from-2.2.0.tgz 0ms (cache hit)
3048 http cache semver@https://registry.npmjs.org/semver/-/semver-5.7.2.tgz 0ms (cache hit)
3049 http cache @types/node@https://registry.npmjs.org/@types/node/-/node-12.20.55.tgz 0ms (cache hit)
3050 http cache minipass@https://registry.npmjs.org/minipass/-/minipass-5.0.0.tgz 0ms (cache hit)
3051 http cache ws@https://registry.npmjs.org/ws/-/ws-7.5.10.tgz 0ms (cache hit)
3052 http cache fs-minipass@https://registry.npmjs.org/fs-minipass/-/fs-minipass-2.1.0.tgz 0ms (cache hit)
3053 http cache socket.io@https://registry.npmjs.org/socket.io/-/socket.io-4.8.1.tgz 0ms (cache hit)
3054 http cache minipass@https://registry.npmjs.org/minipass/-/minipass-3.3.6.tgz 0ms (cache hit)
3055 http cache ms@https://registry.npmjs.org/ms/-/ms-2.1.3.tgz 0ms (cache hit)
3056 http cache sharp@https://registry.npmjs.org/sharp/-/sharp-0.32.6.tgz 0ms (cache hit)
3057 http cache debug@https://registry.npmjs.org/debug/-/debug-4.3.7.tgz 0ms (cache hit)
3058 http cache chownr@https://registry.npmjs.org/chownr/-/chownr-1.1.4.tgz 0ms (cache hit)
3059 http cache mimic-response@https://registry.npmjs.org/mimic-response/-/mimic-response-3.1.0.tgz 0ms (cache hit)
3060 http cache decompress-response@https://registry.npmjs.org/decompress-response/-/decompress-response-6.0.0.tgz 0ms (cache hit)
3061 http cache node-abi@https://registry.npmjs.org/node-abi/-/node-abi-3.89.0.tgz 0ms (cache hit)
3062 http cache napi-build-utils@https://registry.npmjs.org/napi-build-utils/-/napi-build-utils-2.0.0.tgz 0ms (cache hit)
3063 http cache tar-fs@https://registry.npmjs.org/tar-fs/-/tar-fs-3.1.2.tgz 0ms (cache hit)
3064 http cache tar-stream@https://registry.npmjs.org/tar-stream/-/tar-stream-3.1.8.tgz 0ms (cache hit)
3065 http cache simple-get@https://registry.npmjs.org/simple-get/-/simple-get-4.0.1.tgz 1ms (cache hit)
3066 http cache prebuild-install@https://registry.npmjs.org/prebuild-install/-/prebuild-install-7.1.3.tgz 0ms (cache hit)
3067 http cache detect-libc@https://registry.npmjs.org/detect-libc/-/detect-libc-2.1.2.tgz 0ms (cache hit)
3068 http cache serialport@https://registry.npmjs.org/serialport/-/serialport-8.0.8.tgz 0ms (cache hit)
3069 http cache ms@https://registry.npmjs.org/ms/-/ms-2.1.3.tgz 0ms (cache hit)
3070 http cache tar-fs@https://registry.npmjs.org/tar-fs/-/tar-fs-2.1.4.tgz 0ms (cache hit)
3071 http cache debug@https://registry.npmjs.org/debug/-/debug-4.4.3.tgz 0ms (cache hit)
3072 http cache papaparse@https://registry.npmjs.org/papaparse/-/papaparse-5.4.1.tgz 0ms (cache hit)
3073 http cache js-yaml@https://registry.npmjs.org/js-yaml/-/js-yaml-4.1.0.tgz 0ms (cache hit)
3074 http cache npm-registry-fetch@https://registry.npmjs.org/npm-registry-fetch/-/npm-registry-fetch-17.1.0.tgz 0ms (cache hit)
3075 http cache jpeg-js@https://registry.npmjs.org/jpeg-js/-/jpeg-js-0.4.4.tgz 0ms (cache hit)
3076 http cache inquirer-search-list@https://registry.npmjs.org/inquirer-search-list/-/inquirer-search-list-1.2.6.tgz 0ms (cache hit)
3077 http cache ansi-regex@https://registry.npmjs.org/ansi-regex/-/ansi-regex-3.0.1.tgz 0ms (cache hit)
3078 http cache is-fullwidth-code-point@https://registry.npmjs.org/is-fullwidth-code-point/-/is-fullwidth-code-point-2.0.0.tgz 0ms (cache hit)
3079 http cache mimic-fn@https://registry.npmjs.org/mimic-fn/-/mimic-fn-1.2.0.tgz 0ms (cache hit)
3080 http cache onetime@https://registry.npmjs.org/onetime/-/onetime-2.0.1.tgz 0ms (cache hit)
3081 http cache signal-exit@https://registry.npmjs.org/signal-exit/-/signal-exit-3.0.7.tgz 0ms (cache hit)
3082 http cache chardet@https://registry.npmjs.org/chardet/-/chardet-0.4.2.tgz 0ms (cache hit)
3083 http cache restore-cursor@https://registry.npmjs.org/restore-cursor/-/restore-cursor-2.0.0.tgz 0ms (cache hit)
3084 http cache strip-ansi@https://registry.npmjs.org/strip-ansi/-/strip-ansi-4.0.0.tgz 0ms (cache hit)
3085 http cache string-width@https://registry.npmjs.org/string-width/-/string-width-2.1.1.tgz 0ms (cache hit)
3086 http cache mute-stream@https://registry.npmjs.org/mute-stream/-/mute-stream-0.0.7.tgz 0ms (cache hit)
3087 http cache external-editor@https://registry.npmjs.org/external-editor/-/external-editor-2.2.0.tgz 0ms (cache hit)
3088 http cache cli-cursor@https://registry.npmjs.org/cli-cursor/-/cli-cursor-2.1.0.tgz 0ms (cache hit)
3089 http cache inquirer@https://registry.npmjs.org/inquirer/-/inquirer-3.3.0.tgz 0ms (cache hit)
3090 http cache ansi-escapes@https://registry.npmjs.org/ansi-escapes/-/ansi-escapes-3.2.0.tgz 0ms (cache hit)
3091 http cache figures@https://registry.npmjs.org/figures/-/figures-2.0.0.tgz 0ms (cache hit)
3092 http cache inquirer@https://registry.npmjs.org/inquirer/-/inquirer-7.0.0.tgz 0ms (cache hit)
3093 http cache commander@https://registry.npmjs.org/commander/-/commander-5.1.0.tgz 0ms (cache hit)
3094 http cache express@https://registry.npmjs.org/express/-/express-4.21.2.tgz 0ms (cache hit)
3095 http cache cbor@https://registry.npmjs.org/cbor/-/cbor-5.0.2.tgz 0ms (cache hit)
3096 http cache buffer@https://registry.npmjs.org/buffer/-/buffer-6.0.3.tgz 0ms (cache hit)
3097 http cache async-mutex@https://registry.npmjs.org/async-mutex/-/async-mutex-0.2.6.tgz 0ms (cache hit)
3098 http cache @zeit/dockerignore@https://registry.npmjs.org/@zeit/dockerignore/-/dockerignore-0.0.5.tgz 0ms (cache hit)
3099 http cache crc@https://registry.npmjs.org/crc/-/crc-4.3.2.tgz 0ms (cache hit)
3100 http cache cli-progress@https://registry.npmjs.org/cli-progress/-/cli-progress-3.8.2.tgz 0ms (cache hit)
3101 http cache @types/uuid@https://registry.npmjs.org/@types/uuid/-/uuid-10.0.0.tgz 0ms (cache hit)
3102 http cache @aws-sdk/client-secrets-manager@https://registry.npmjs.org/@aws-sdk/client-secrets-manager/-/client-secrets-manager-3.624.0.tgz 0ms (cache hit)
3103 http cache @aws-sdk/client-s3@https://registry.npmjs.org/@aws-sdk/client-s3/-/client-s3-3.635.0.tgz 0ms (cache hit)
3104 http cache @aws-sdk/client-sso@https://registry.npmjs.org/@aws-sdk/client-sso/-/client-sso-3.635.0.tgz 0ms (cache hit)
3105 http cache image-size@https://registry.npmjs.org/image-size/-/image-size-1.0.2.tgz 0ms (cache hit)
3106 http cache @aws-sdk/credential-provider-ini@https://registry.npmjs.org/@aws-sdk/credential-provider-ini/-/credential-provider-ini-3.635.0.tgz 0ms (cache hit)
3107 http cache @aws-sdk/credential-provider-sso@https://registry.npmjs.org/@aws-sdk/credential-provider-sso/-/credential-provider-sso-3.635.0.tgz 0ms (cache hit)
3108 http cache @aws-sdk/util-endpoints@https://registry.npmjs.org/@aws-sdk/util-endpoints/-/util-endpoints-3.632.0.tgz 0ms (cache hit)
3109 http cache @aws-sdk/credential-provider-http@https://registry.npmjs.org/@aws-sdk/credential-provider-http/-/credential-provider-http-3.635.0.tgz 0ms (cache hit)
3110 http cache @aws-sdk/middleware-user-agent@https://registry.npmjs.org/@aws-sdk/middleware-user-agent/-/middleware-user-agent-3.632.0.tgz 0ms (cache hit)
3111 http cache @aws-sdk/credential-provider-node@https://registry.npmjs.org/@aws-sdk/credential-provider-node/-/credential-provider-node-3.635.0.tgz 0ms (cache hit)
3112 http cache @xmldom/xmldom@https://registry.npmjs.org/@xmldom/xmldom/-/xmldom-0.8.10.tgz 0ms (cache hit)
3113 http cache @aws-sdk/core@https://registry.npmjs.org/@aws-sdk/core/-/core-3.635.0.tgz 0ms (cache hit)
3114 http cache @aws-sdk/client-sts@https://registry.npmjs.org/@aws-sdk/client-sts/-/client-sts-3.635.0.tgz 0ms (cache hit)
3115 http cache @aws-sdk/client-iot-data-plane@https://registry.npmjs.org/@aws-sdk/client-iot-data-plane/-/client-iot-data-plane-3.624.0.tgz 0ms (cache hit)
3116 http cache @aws-sdk/client-sso-oidc@https://registry.npmjs.org/@aws-sdk/client-sso-oidc/-/client-sso-oidc-3.635.0.tgz 0ms (cache hit)
3117 silly tarball no local data for teex@https://registry.npmjs.org/teex/-/teex-1.0.1.tgz. Extracting by manifest.
3118 http cache color-convert@https://registry.npmjs.org/color-convert/-/color-convert-2.0.1.tgz 0ms (cache hit)
3119 silly tarball no local data for edge-impulse-cli@https://registry.npmjs.org/edge-impulse-cli/-/edge-impulse-cli-1.38.0.tgz. Extracting by manifest.
3120 silly tarball no local data for streamx@https://registry.npmjs.org/streamx/-/streamx-2.25.0.tgz. Extracting by manifest.
3121 silly tarball no local data for text-decoder@https://registry.npmjs.org/text-decoder/-/text-decoder-1.2.7.tgz. Extracting by manifest.
3122 silly tarball no local data for bare-os@https://registry.npmjs.org/bare-os/-/bare-os-3.8.7.tgz. Extracting by manifest.
3123 silly tarball no local data for fast-fifo@https://registry.npmjs.org/fast-fifo/-/fast-fifo-1.3.2.tgz. Extracting by manifest.
3124 silly tarball no local data for b4a@https://registry.npmjs.org/b4a/-/b4a-1.8.0.tgz. Extracting by manifest.
3125 silly tarball no local data for events-universal@https://registry.npmjs.org/events-universal/-/events-universal-1.0.1.tgz. Extracting by manifest.
3126 silly tarball no local data for bare-url@https://registry.npmjs.org/bare-url/-/bare-url-2.4.0.tgz. Extracting by manifest.
3127 silly tarball no local data for bare-fs@https://registry.npmjs.org/bare-fs/-/bare-fs-4.7.1.tgz. Extracting by manifest.
3128 silly tarball no local data for bare-stream@https://registry.npmjs.org/bare-stream/-/bare-stream-2.13.0.tgz. Extracting by manifest.
3129 silly tarball no local data for bare-path@https://registry.npmjs.org/bare-path/-/bare-path-3.0.0.tgz. Extracting by manifest.
3130 silly tarball no local data for rx-lite-aggregates@https://registry.npmjs.org/rx-lite-aggregates/-/rx-lite-aggregates-4.0.8.tgz. Extracting by manifest.
3131 silly tarball no local data for bare-events@https://registry.npmjs.org/bare-events/-/bare-events-2.8.2.tgz. Extracting by manifest.
3132 silly tarball no local data for number-is-nan@https://registry.npmjs.org/number-is-nan/-/number-is-nan-1.0.1.tgz. Extracting by manifest.
3133 silly tarball no local data for rx-lite@https://registry.npmjs.org/rx-lite/-/rx-lite-4.0.8.tgz. Extracting by manifest.
3134 silly tarball no local data for code-point-at@https://registry.npmjs.org/code-point-at/-/code-point-at-1.1.0.tgz. Extracting by manifest.
3135 silly tarball no local data for pend@https://registry.npmjs.org/pend/-/pend-1.2.0.tgz. Extracting by manifest.
3136 silly tarball no local data for buffer-crc32@https://registry.npmjs.org/buffer-crc32/-/buffer-crc32-0.2.13.tgz. Extracting by manifest.
3137 silly tarball no local data for fd-slicer@https://registry.npmjs.org/fd-slicer/-/fd-slicer-1.1.0.tgz. Extracting by manifest.
3138 silly tarball no local data for isexe@https://registry.npmjs.org/isexe/-/isexe-2.0.0.tgz. Extracting by manifest.
3139 silly tarball no local data for imurmurhash@https://registry.npmjs.org/imurmurhash/-/imurmurhash-0.1.4.tgz. Extracting by manifest.
3140 silly tarball no local data for unique-slug@https://registry.npmjs.org/unique-slug/-/unique-slug-4.0.0.tgz. Extracting by manifest.
3141 silly tarball no local data for @fastify/busboy@https://registry.npmjs.org/@fastify/busboy/-/busboy-2.1.1.tgz. Extracting by manifest.
3142 silly tarball no local data for media-typer@https://registry.npmjs.org/media-typer/-/media-typer-0.3.0.tgz. Extracting by manifest.
3143 silly tarball no local data for os-tmpdir@https://registry.npmjs.org/os-tmpdir/-/os-tmpdir-1.0.2.tgz. Extracting by manifest.
3144 silly tarball no local data for yaassertion@https://registry.npmjs.org/yaassertion/-/yaassertion-1.0.2.tgz. Extracting by manifest.
3145 silly tarball no local data for fs-constants@https://registry.npmjs.org/fs-constants/-/fs-constants-1.0.0.tgz. Extracting by manifest.
3146 silly tarball no local data for bl@https://registry.npmjs.org/bl/-/bl-4.1.0.tgz. Extracting by manifest.
3147 silly tarball no local data for tar-stream@https://registry.npmjs.org/tar-stream/-/tar-stream-2.2.0.tgz. Extracting by manifest.
3148 silly tarball no local data for mkdirp@https://registry.npmjs.org/mkdirp/-/mkdirp-1.0.4.tgz. Extracting by manifest.
3149 silly tarball no local data for readable-stream@https://registry.npmjs.org/readable-stream/-/readable-stream-3.6.2.tgz. Extracting by manifest.
3150 silly tarball no local data for readable-stream@https://registry.npmjs.org/readable-stream/-/readable-stream-3.6.2.tgz. Extracting by manifest.
3151 silly tarball no local data for buffer@https://registry.npmjs.org/buffer/-/buffer-5.7.1.tgz. Extracting by manifest.
3152 silly tarball no local data for has-flag@https://registry.npmjs.org/has-flag/-/has-flag-3.0.0.tgz. Extracting by manifest.
3153 silly tarball no local data for chownr@https://registry.npmjs.org/chownr/-/chownr-2.0.0.tgz. Extracting by manifest.
3154 silly tarball no local data for eastasianwidth@https://registry.npmjs.org/eastasianwidth/-/eastasianwidth-0.2.0.tgz. Extracting by manifest.
3155 silly tarball no local data for ansi-regex@https://registry.npmjs.org/ansi-regex/-/ansi-regex-4.1.1.tgz. Extracting by manifest.
3156 silly tarball no local data for is-fullwidth-code-point@https://registry.npmjs.org/is-fullwidth-code-point/-/is-fullwidth-code-point-3.0.0.tgz. Extracting by manifest.
3157 silly tarball no local data for emoji-regex@https://registry.npmjs.org/emoji-regex/-/emoji-regex-8.0.0.tgz. Extracting by manifest.
3158 silly tarball no local data for smart-buffer@https://registry.npmjs.org/smart-buffer/-/smart-buffer-4.2.0.tgz. Extracting by manifest.
3159 silly tarball no local data for ip-address@https://registry.npmjs.org/ip-address/-/ip-address-10.1.0.tgz. Extracting by manifest.
3160 silly tarball no local data for socks@https://registry.npmjs.org/socks/-/socks-2.8.7.tgz. Extracting by manifest.
3161 silly tarball no local data for undici-types@https://registry.npmjs.org/undici-types/-/undici-types-7.19.2.tgz. Extracting by manifest.
3162 silly tarball no local data for engine.io-parser@https://registry.npmjs.org/engine.io-parser/-/engine.io-parser-5.2.3.tgz. Extracting by manifest.
3163 silly tarball no local data for @socket.io/component-emitter@https://registry.npmjs.org/@socket.io/component-emitter/-/component-emitter-3.1.2.tgz. Extracting by manifest.
3164 silly tarball no local data for @types/ws@https://registry.npmjs.org/@types/ws/-/ws-8.18.1.tgz. Extracting by manifest.
3165 silly tarball no local data for @types/cors@https://registry.npmjs.org/@types/cors/-/cors-2.8.19.tgz. Extracting by manifest.
3166 silly tarball no local data for @types/node@https://registry.npmjs.org/@types/node/-/node-25.6.0.tgz. Extracting by manifest.
3167 silly tarball no local data for socket.io-parser@https://registry.npmjs.org/socket.io-parser/-/socket.io-parser-4.2.6.tgz. Extracting by manifest.
3168 silly tarball no local data for socket.io-adapter@https://registry.npmjs.org/socket.io-adapter/-/socket.io-adapter-2.5.6.tgz. Extracting by manifest.
3169 silly tarball no local data for ms@https://registry.npmjs.org/ms/-/ms-2.1.3.tgz. Extracting by manifest.
3170 silly tarball no local data for debug@https://registry.npmjs.org/debug/-/debug-4.4.3.tgz. Extracting by manifest.
3171 silly tarball no local data for ms@https://registry.npmjs.org/ms/-/ms-2.1.3.tgz. Extracting by manifest.
3172 silly tarball no local data for ws@https://registry.npmjs.org/ws/-/ws-8.18.3.tgz. Extracting by manifest.
3173 silly tarball no local data for debug@https://registry.npmjs.org/debug/-/debug-4.4.3.tgz. Extracting by manifest.
3174 silly tarball no local data for ws@https://registry.npmjs.org/ws/-/ws-8.18.3.tgz. Extracting by manifest.
3175 silly tarball no local data for engine.io@https://registry.npmjs.org/engine.io/-/engine.io-6.6.6.tgz. Extracting by manifest.
3176 silly tarball no local data for ms@https://registry.npmjs.org/ms/-/ms-2.1.3.tgz. Extracting by manifest.
3177 silly tarball no local data for debug@https://registry.npmjs.org/debug/-/debug-4.4.3.tgz. Extracting by manifest.
3178 silly tarball no local data for cookie@https://registry.npmjs.org/cookie/-/cookie-0.7.2.tgz. Extracting by manifest.
3179 silly tarball no local data for cors@https://registry.npmjs.org/cors/-/cors-2.8.6.tgz. Extracting by manifest.
3180 silly tarball no local data for is-arrayish@https://registry.npmjs.org/is-arrayish/-/is-arrayish-0.3.4.tgz. Extracting by manifest.
3181 silly tarball no local data for mimic-response@https://registry.npmjs.org/mimic-response/-/mimic-response-2.1.0.tgz. Extracting by manifest.
3182 silly tarball no local data for decompress-response@https://registry.npmjs.org/decompress-response/-/decompress-response-4.2.1.tgz. Extracting by manifest.
3183 silly tarball no local data for simple-concat@https://registry.npmjs.org/simple-concat/-/simple-concat-1.0.1.tgz. Extracting by manifest.
3184 silly tarball no local data for dunder-proto@https://registry.npmjs.org/dunder-proto/-/dunder-proto-1.0.1.tgz. Extracting by manifest.
3185 silly tarball no local data for math-intrinsics@https://registry.npmjs.org/math-intrinsics/-/math-intrinsics-1.1.0.tgz. Extracting by manifest.
3186 silly tarball no local data for hasown@https://registry.npmjs.org/hasown/-/hasown-2.0.2.tgz. Extracting by manifest.
3187 silly tarball no local data for has-symbols@https://registry.npmjs.org/has-symbols/-/has-symbols-1.1.0.tgz. Extracting by manifest.
3188 silly tarball no local data for base64id@https://registry.npmjs.org/base64id/-/base64id-2.0.0.tgz. Extracting by manifest.
3189 silly tarball no local data for gopd@https://registry.npmjs.org/gopd/-/gopd-1.2.0.tgz. Extracting by manifest.
3190 silly tarball no local data for get-proto@https://registry.npmjs.org/get-proto/-/get-proto-1.0.1.tgz. Extracting by manifest.
3191 silly tarball no local data for es-object-atoms@https://registry.npmjs.org/es-object-atoms/-/es-object-atoms-1.1.1.tgz. Extracting by manifest.
3192 silly tarball no local data for es-define-property@https://registry.npmjs.org/es-define-property/-/es-define-property-1.0.1.tgz. Extracting by manifest.
3193 silly tarball no local data for function-bind@https://registry.npmjs.org/function-bind/-/function-bind-1.1.2.tgz. Extracting by manifest.
3194 silly tarball no local data for call-bind-apply-helpers@https://registry.npmjs.org/call-bind-apply-helpers/-/call-bind-apply-helpers-1.0.2.tgz. Extracting by manifest.
3195 silly tarball no local data for side-channel-weakmap@https://registry.npmjs.org/side-channel-weakmap/-/side-channel-weakmap-1.0.2.tgz. Extracting by manifest.
3196 silly tarball no local data for get-intrinsic@https://registry.npmjs.org/get-intrinsic/-/get-intrinsic-1.3.0.tgz. Extracting by manifest.
3197 silly tarball no local data for side-channel-map@https://registry.npmjs.org/side-channel-map/-/side-channel-map-1.0.1.tgz. Extracting by manifest.
3198 silly tarball no local data for side-channel-list@https://registry.npmjs.org/side-channel-list/-/side-channel-list-1.0.1.tgz. Extracting by manifest.
3199 silly tarball no local data for shebang-regex@https://registry.npmjs.org/shebang-regex/-/shebang-regex-3.0.0.tgz. Extracting by manifest.
3200 silly tarball no local data for object-inspect@https://registry.npmjs.org/object-inspect/-/object-inspect-1.13.4.tgz. Extracting by manifest.
3201 silly tarball no local data for call-bound@https://registry.npmjs.org/call-bound/-/call-bound-1.0.4.tgz. Extracting by manifest.
3202 silly tarball no local data for simple-swizzle@https://registry.npmjs.org/simple-swizzle/-/simple-swizzle-0.2.4.tgz. Extracting by manifest.
3203 silly tarball no local data for node-addon-api@https://registry.npmjs.org/node-addon-api/-/node-addon-api-6.1.0.tgz. Extracting by manifest.
3204 silly tarball no local data for es-errors@https://registry.npmjs.org/es-errors/-/es-errors-1.3.0.tgz. Extracting by manifest.
3205 silly tarball no local data for color@https://registry.npmjs.org/color/-/color-4.2.3.tgz. Extracting by manifest.
3206 silly tarball no local data for color-name@https://registry.npmjs.org/color-name/-/color-name-1.1.4.tgz. Extracting by manifest.
3207 silly tarball no local data for color-string@https://registry.npmjs.org/color-string/-/color-string-1.9.1.tgz. Extracting by manifest.
3208 silly tarball no local data for string_decoder@https://registry.npmjs.org/string_decoder/-/string_decoder-1.1.1.tgz. Extracting by manifest.
3209 silly tarball no local data for process-nextick-args@https://registry.npmjs.org/process-nextick-args/-/process-nextick-args-2.0.1.tgz. Extracting by manifest.
3210 silly tarball no local data for util-deprecate@https://registry.npmjs.org/util-deprecate/-/util-deprecate-1.0.2.tgz. Extracting by manifest.
3211 silly tarball no local data for safe-buffer@https://registry.npmjs.org/safe-buffer/-/safe-buffer-5.1.2.tgz. Extracting by manifest.
3212 silly tarball no local data for isarray@https://registry.npmjs.org/isarray/-/isarray-1.0.0.tgz. Extracting by manifest.
3213 silly tarball no local data for core-util-is@https://registry.npmjs.org/core-util-is/-/core-util-is-1.0.3.tgz. Extracting by manifest.
3214 silly tarball no local data for strip-json-comments@https://registry.npmjs.org/strip-json-comments/-/strip-json-comments-2.0.1.tgz. Extracting by manifest.
3215 silly tarball no local data for ini@https://registry.npmjs.org/ini/-/ini-1.3.8.tgz. Extracting by manifest.
3216 silly tarball no local data for wrappy@https://registry.npmjs.org/wrappy/-/wrappy-1.0.2.tgz. Extracting by manifest.
3217 silly tarball no local data for once@https://registry.npmjs.org/once/-/once-1.4.0.tgz. Extracting by manifest.
3218 silly tarball no local data for deep-extend@https://registry.npmjs.org/deep-extend/-/deep-extend-0.6.0.tgz. Extracting by manifest.
3219 silly tarball no local data for end-of-stream@https://registry.npmjs.org/end-of-stream/-/end-of-stream-1.4.5.tgz. Extracting by manifest.
3220 silly tarball no local data for wide-align@https://registry.npmjs.org/wide-align/-/wide-align-1.1.5.tgz. Extracting by manifest.
3221 silly tarball no local data for object-assign@https://registry.npmjs.org/object-assign/-/object-assign-4.1.1.tgz. Extracting by manifest.
3222 silly tarball no local data for has-unicode@https://registry.npmjs.org/has-unicode/-/has-unicode-2.0.1.tgz. Extracting by manifest.
3223 silly tarball no local data for readable-stream@https://registry.npmjs.org/readable-stream/-/readable-stream-2.3.8.tgz. Extracting by manifest.
3224 silly tarball no local data for aproba@https://registry.npmjs.org/aproba/-/aproba-1.2.0.tgz. Extracting by manifest.
3225 silly tarball no local data for delegates@https://registry.npmjs.org/delegates/-/delegates-1.0.0.tgz. Extracting by manifest.
3226 silly tarball no local data for set-blocking@https://registry.npmjs.org/set-blocking/-/set-blocking-2.0.0.tgz. Extracting by manifest.
3227 silly tarball no local data for safe-buffer@https://registry.npmjs.org/safe-buffer/-/safe-buffer-5.1.2.tgz. Extracting by manifest.
3228 silly tarball no local data for gauge@https://registry.npmjs.org/gauge/-/gauge-2.7.4.tgz. Extracting by manifest.
3229 silly tarball no local data for ansi-regex@https://registry.npmjs.org/ansi-regex/-/ansi-regex-2.1.1.tgz. Extracting by manifest.
3230 silly tarball no local data for strip-ansi@https://registry.npmjs.org/strip-ansi/-/strip-ansi-3.0.1.tgz. Extracting by manifest.
3231 silly tarball no local data for is-fullwidth-code-point@https://registry.npmjs.org/is-fullwidth-code-point/-/is-fullwidth-code-point-1.0.0.tgz. Extracting by manifest.
3232 silly tarball no local data for are-we-there-yet@https://registry.npmjs.org/are-we-there-yet/-/are-we-there-yet-1.1.7.tgz. Extracting by manifest.
3233 silly tarball no local data for string-width@https://registry.npmjs.org/string-width/-/string-width-1.0.2.tgz. Extracting by manifest.
3234 silly tarball no local data for which-pm-runs@https://registry.npmjs.org/which-pm-runs/-/which-pm-runs-1.1.0.tgz. Extracting by manifest.
3235 silly tarball no local data for tunnel-agent@https://registry.npmjs.org/tunnel-agent/-/tunnel-agent-0.6.0.tgz. Extracting by manifest.
3236 silly tarball no local data for chownr@https://registry.npmjs.org/chownr/-/chownr-1.1.4.tgz. Extracting by manifest.
3237 silly tarball no local data for rc@https://registry.npmjs.org/rc/-/rc-1.2.8.tgz. Extracting by manifest.
3238 silly tarball no local data for tar-fs@https://registry.npmjs.org/tar-fs/-/tar-fs-2.1.4.tgz. Extracting by manifest.
3239 silly tarball no local data for simple-get@https://registry.npmjs.org/simple-get/-/simple-get-3.1.1.tgz. Extracting by manifest.
3240 silly tarball no local data for signal-exit@https://registry.npmjs.org/signal-exit/-/signal-exit-3.0.7.tgz. Extracting by manifest.
3241 silly tarball no local data for pump@https://registry.npmjs.org/pump/-/pump-3.0.4.tgz. Extracting by manifest.
3242 silly tarball no local data for noop-logger@https://registry.npmjs.org/noop-logger/-/noop-logger-0.1.1.tgz. Extracting by manifest.
3243 silly tarball no local data for node-abi@https://registry.npmjs.org/node-abi/-/node-abi-2.30.1.tgz. Extracting by manifest.
3244 silly tarball no local data for console-control-strings@https://registry.npmjs.org/console-control-strings/-/console-control-strings-1.1.0.tgz. Extracting by manifest.
3245 silly tarball no local data for semver@https://registry.npmjs.org/semver/-/semver-5.7.2.tgz. Extracting by manifest.
3246 silly tarball no local data for npmlog@https://registry.npmjs.org/npmlog/-/npmlog-4.1.2.tgz. Extracting by manifest.
3247 silly tarball no local data for napi-build-utils@https://registry.npmjs.org/napi-build-utils/-/napi-build-utils-1.0.2.tgz. Extracting by manifest.
3248 silly tarball no local data for mkdirp-classic@https://registry.npmjs.org/mkdirp-classic/-/mkdirp-classic-0.5.3.tgz. Extracting by manifest.
3249 silly tarball no local data for minimist@https://registry.npmjs.org/minimist/-/minimist-1.2.8.tgz. Extracting by manifest.
3250 silly tarball no local data for github-from-package@https://registry.npmjs.org/github-from-package/-/github-from-package-0.0.0.tgz. Extracting by manifest.
3251 silly tarball no local data for expand-template@https://registry.npmjs.org/expand-template/-/expand-template-2.0.3.tgz. Extracting by manifest.
3252 silly tarball no local data for file-uri-to-path@https://registry.npmjs.org/file-uri-to-path/-/file-uri-to-path-1.0.0.tgz. Extracting by manifest.
3253 silly tarball no local data for prebuild-install@https://registry.npmjs.org/prebuild-install/-/prebuild-install-5.3.6.tgz. Extracting by manifest.
3254 silly tarball no local data for nan@https://registry.npmjs.org/nan/-/nan-2.26.2.tgz. Extracting by manifest.
3255 silly tarball no local data for bindings@https://registry.npmjs.org/bindings/-/bindings-1.5.0.tgz. Extracting by manifest.
3256 silly tarball no local data for @serialport/binding-abstract@https://registry.npmjs.org/@serialport/binding-abstract/-/binding-abstract-8.0.6.tgz. Extracting by manifest.
3257 silly tarball no local data for @serialport/stream@https://registry.npmjs.org/@serialport/stream/-/stream-8.0.6.tgz. Extracting by manifest.
3258 silly tarball no local data for debug@https://registry.npmjs.org/debug/-/debug-4.4.3.tgz. Extracting by manifest.
3259 silly tarball no local data for ms@https://registry.npmjs.org/ms/-/ms-2.1.3.tgz. Extracting by manifest.
3260 silly tarball no local data for @serialport/parser-regex@https://registry.npmjs.org/@serialport/parser-regex/-/parser-regex-8.0.6.tgz. Extracting by manifest.
3261 silly tarball no local data for debug@https://registry.npmjs.org/debug/-/debug-4.4.3.tgz. Extracting by manifest.
3262 silly tarball no local data for @serialport/parser-ready@https://registry.npmjs.org/@serialport/parser-ready/-/parser-ready-8.0.6.tgz. Extracting by manifest.
3263 silly tarball no local data for ms@https://registry.npmjs.org/ms/-/ms-2.1.3.tgz. Extracting by manifest.
3264 silly tarball no local data for @serialport/parser-delimiter@https://registry.npmjs.org/@serialport/parser-delimiter/-/parser-delimiter-8.0.6.tgz. Extracting by manifest.
3265 silly tarball no local data for @serialport/parser-cctalk@https://registry.npmjs.org/@serialport/parser-cctalk/-/parser-cctalk-8.0.6.tgz. Extracting by manifest.
3266 silly tarball no local data for @serialport/parser-byte-length@https://registry.npmjs.org/@serialport/parser-byte-length/-/parser-byte-length-8.0.6.tgz. Extracting by manifest.
3267 silly tarball no local data for @serialport/bindings@https://registry.npmjs.org/@serialport/bindings/-/bindings-8.0.8.tgz. Extracting by manifest.
3268 silly tarball no local data for debug@https://registry.npmjs.org/debug/-/debug-4.4.3.tgz. Extracting by manifest.
3269 silly tarball no local data for ms@https://registry.npmjs.org/ms/-/ms-2.1.3.tgz. Extracting by manifest.
3270 silly tarball no local data for detect-libc@https://registry.npmjs.org/detect-libc/-/detect-libc-1.0.3.tgz. Extracting by manifest.
3271 silly tarball no local data for @serialport/binding-mock@https://registry.npmjs.org/@serialport/binding-mock/-/binding-mock-8.0.6.tgz. Extracting by manifest.
3272 silly tarball no local data for ms@https://registry.npmjs.org/ms/-/ms-2.1.3.tgz. Extracting by manifest.
3273 silly tarball no local data for mime@https://registry.npmjs.org/mime/-/mime-1.6.0.tgz. Extracting by manifest.
3274 silly tarball no local data for @serialport/parser-readline@https://registry.npmjs.org/@serialport/parser-readline/-/parser-readline-8.0.6.tgz. Extracting by manifest.
3275 silly tarball no local data for debug@https://registry.npmjs.org/debug/-/debug-4.4.3.tgz. Extracting by manifest.
3276 silly tarball no local data for mimic-fn@https://registry.npmjs.org/mimic-fn/-/mimic-fn-2.1.0.tgz. Extracting by manifest.
3277 silly tarball no local data for onetime@https://registry.npmjs.org/onetime/-/onetime-5.1.2.tgz. Extracting by manifest.
3278 silly tarball no local data for side-channel@https://registry.npmjs.org/side-channel/-/side-channel-1.1.0.tgz. Extracting by manifest.
3279 silly tarball no local data for ipaddr.js@https://registry.npmjs.org/ipaddr.js/-/ipaddr.js-1.9.1.tgz. Extracting by manifest.
3280 silly tarball no local data for forwarded@https://registry.npmjs.org/forwarded/-/forwarded-0.2.0.tgz. Extracting by manifest.
3281 silly tarball no local data for retry@https://registry.npmjs.org/retry/-/retry-0.12.0.tgz. Extracting by manifest.
3282 silly tarball no local data for err-code@https://registry.npmjs.org/err-code/-/err-code-2.0.3.tgz. Extracting by manifest.
3283 silly tarball no local data for indent-string@https://registry.npmjs.org/indent-string/-/indent-string-4.0.0.tgz. Extracting by manifest.
3284 silly tarball no local data for clean-stack@https://registry.npmjs.org/clean-stack/-/clean-stack-2.2.0.tgz. Extracting by manifest.
3285 silly tarball no local data for aggregate-error@https://registry.npmjs.org/aggregate-error/-/aggregate-error-3.1.0.tgz. Extracting by manifest.
3286 silly tarball no local data for validate-npm-package-name@https://registry.npmjs.org/validate-npm-package-name/-/validate-npm-package-name-5.0.1.tgz. Extracting by manifest.
3287 silly tarball no local data for hosted-git-info@https://registry.npmjs.org/hosted-git-info/-/hosted-git-info-7.0.2.tgz. Extracting by manifest.
3288 silly tarball no local data for ee-first@https://registry.npmjs.org/ee-first/-/ee-first-1.1.1.tgz. Extracting by manifest.
3289 silly tarball no local data for yallist@https://registry.npmjs.org/yallist/-/yallist-4.0.0.tgz. Extracting by manifest.
3290 silly tarball no local data for minipass-sized@https://registry.npmjs.org/minipass-sized/-/minipass-sized-1.0.3.tgz. Extracting by manifest.
3291 silly tarball no local data for encoding@https://registry.npmjs.org/encoding/-/encoding-0.1.13.tgz. Extracting by manifest.
3292 silly tarball no local data for minipass@https://registry.npmjs.org/minipass/-/minipass-3.3.6.tgz. Extracting by manifest.
3293 silly tarball no local data for balanced-match@https://registry.npmjs.org/balanced-match/-/balanced-match-1.0.2.tgz. Extracting by manifest.
3294 silly tarball no local data for iconv-lite@https://registry.npmjs.org/iconv-lite/-/iconv-lite-0.6.3.tgz. Extracting by manifest.
3295 silly tarball no local data for wrap-ansi-cjs@https://registry.npmjs.org/wrap-ansi/-/wrap-ansi-7.0.0.tgz. Extracting by manifest.
3296 silly tarball no local data for brace-expansion@https://registry.npmjs.org/brace-expansion/-/brace-expansion-2.1.0.tgz. Extracting by manifest.
3297 silly tarball no local data for ansi-regex@https://registry.npmjs.org/ansi-regex/-/ansi-regex-5.0.1.tgz. Extracting by manifest.
3298 silly tarball no local data for color-name@https://registry.npmjs.org/color-name/-/color-name-1.1.4.tgz. Extracting by manifest.
3299 silly tarball no local data for color-convert@https://registry.npmjs.org/color-convert/-/color-convert-2.0.1.tgz. Extracting by manifest.
3300 silly tarball no local data for strip-ansi@https://registry.npmjs.org/strip-ansi/-/strip-ansi-6.0.1.tgz. Extracting by manifest.
3301 silly tarball no local data for ansi-regex@https://registry.npmjs.org/ansi-regex/-/ansi-regex-6.2.2.tgz. Extracting by manifest.
3302 silly tarball no local data for ansi-styles@https://registry.npmjs.org/ansi-styles/-/ansi-styles-4.3.0.tgz. Extracting by manifest.
3303 silly tarball no local data for emoji-regex@https://registry.npmjs.org/emoji-regex/-/emoji-regex-9.2.2.tgz. Extracting by manifest.
3304 silly tarball no local data for strip-ansi-cjs@https://registry.npmjs.org/strip-ansi/-/strip-ansi-6.0.1.tgz. Extracting by manifest.
3305 silly tarball no local data for string-width@https://registry.npmjs.org/string-width/-/string-width-5.1.2.tgz. Extracting by manifest.
3306 silly tarball no local data for string-width-cjs@https://registry.npmjs.org/string-width/-/string-width-4.2.3.tgz. Extracting by manifest.
3307 silly tarball no local data for wrap-ansi@https://registry.npmjs.org/wrap-ansi/-/wrap-ansi-8.1.0.tgz. Extracting by manifest.
3308 silly tarball no local data for ansi-regex@https://registry.npmjs.org/ansi-regex/-/ansi-regex-5.0.1.tgz. Extracting by manifest.
3309 silly tarball no local data for ansi-regex@https://registry.npmjs.org/ansi-regex/-/ansi-regex-5.0.1.tgz. Extracting by manifest.
3310 silly tarball no local data for @isaacs/cliui@https://registry.npmjs.org/@isaacs/cliui/-/cliui-8.0.2.tgz. Extracting by manifest.
3311 silly tarball no local data for strip-ansi@https://registry.npmjs.org/strip-ansi/-/strip-ansi-7.2.0.tgz. Extracting by manifest.
3312 silly tarball no local data for @pkgjs/parseargs@https://registry.npmjs.org/@pkgjs/parseargs/-/parseargs-0.11.0.tgz. Extracting by manifest.
3313 silly tarball no local data for emoji-regex@https://registry.npmjs.org/emoji-regex/-/emoji-regex-9.2.2.tgz. Extracting by manifest.
3314 silly tarball no local data for string-width@https://registry.npmjs.org/string-width/-/string-width-5.1.2.tgz. Extracting by manifest.
3315 silly tarball no local data for strip-ansi@https://registry.npmjs.org/strip-ansi/-/strip-ansi-7.2.0.tgz. Extracting by manifest.
3316 silly tarball no local data for which@https://registry.npmjs.org/which/-/which-2.0.2.tgz. Extracting by manifest.
3317 silly tarball no local data for ansi-regex@https://registry.npmjs.org/ansi-regex/-/ansi-regex-6.2.2.tgz. Extracting by manifest.
3318 silly tarball no local data for strip-ansi@https://registry.npmjs.org/strip-ansi/-/strip-ansi-6.0.1.tgz. Extracting by manifest.
3319 silly tarball no local data for ansi-styles@https://registry.npmjs.org/ansi-styles/-/ansi-styles-6.2.3.tgz. Extracting by manifest.
3320 silly tarball no local data for shebang-command@https://registry.npmjs.org/shebang-command/-/shebang-command-2.0.0.tgz. Extracting by manifest.
3321 silly tarball no local data for signal-exit@https://registry.npmjs.org/signal-exit/-/signal-exit-4.1.0.tgz. Extracting by manifest.
3322 silly tarball no local data for cross-spawn@https://registry.npmjs.org/cross-spawn/-/cross-spawn-7.0.6.tgz. Extracting by manifest.
3323 silly tarball no local data for path-key@https://registry.npmjs.org/path-key/-/path-key-3.1.1.tgz. Extracting by manifest.
3324 silly tarball no local data for path-scurry@https://registry.npmjs.org/path-scurry/-/path-scurry-1.11.1.tgz. Extracting by manifest.
3325 silly tarball no local data for package-json-from-dist@https://registry.npmjs.org/package-json-from-dist/-/package-json-from-dist-1.0.1.tgz. Extracting by manifest.
3326 silly tarball no local data for minimatch@https://registry.npmjs.org/minimatch/-/minimatch-9.0.9.tgz. Extracting by manifest.
3327 silly tarball no local data for foreground-child@https://registry.npmjs.org/foreground-child/-/foreground-child-3.3.1.tgz. Extracting by manifest.
3328 silly tarball no local data for semver@https://registry.npmjs.org/semver/-/semver-7.7.4.tgz. Extracting by manifest.
3329 silly tarball no local data for unique-filename@https://registry.npmjs.org/unique-filename/-/unique-filename-3.0.0.tgz. Extracting by manifest.
3330 silly tarball no local data for jackspeak@https://registry.npmjs.org/jackspeak/-/jackspeak-3.4.3.tgz. Extracting by manifest.
3331 silly tarball no local data for fs-minipass@https://registry.npmjs.org/fs-minipass/-/fs-minipass-3.0.3.tgz. Extracting by manifest.
3332 silly tarball no local data for minipass-collect@https://registry.npmjs.org/minipass-collect/-/minipass-collect-2.0.1.tgz. Extracting by manifest.
3333 silly tarball no local data for glob@https://registry.npmjs.org/glob/-/glob-10.5.0.tgz. Extracting by manifest.
3334 silly tarball no local data for @npmcli/fs@https://registry.npmjs.org/@npmcli/fs/-/fs-3.1.1.tgz. Extracting by manifest.
3335 silly tarball no local data for socks-proxy-agent@https://registry.npmjs.org/socks-proxy-agent/-/socks-proxy-agent-8.0.5.tgz. Extracting by manifest.
3336 silly tarball no local data for lru-cache@https://registry.npmjs.org/lru-cache/-/lru-cache-10.4.3.tgz. Extracting by manifest.
3337 silly tarball no local data for ms@https://registry.npmjs.org/ms/-/ms-2.1.3.tgz. Extracting by manifest.
3338 silly tarball no local data for debug@https://registry.npmjs.org/debug/-/debug-4.4.3.tgz. Extracting by manifest.
3339 silly tarball no local data for https-proxy-agent@https://registry.npmjs.org/https-proxy-agent/-/https-proxy-agent-7.0.6.tgz. Extracting by manifest.
3340 silly tarball no local data for http-proxy-agent@https://registry.npmjs.org/http-proxy-agent/-/http-proxy-agent-7.0.2.tgz. Extracting by manifest.
3341 silly tarball no local data for ms@https://registry.npmjs.org/ms/-/ms-2.1.3.tgz. Extracting by manifest.
3342 silly tarball no local data for debug@https://registry.npmjs.org/debug/-/debug-4.4.3.tgz. Extracting by manifest.
3343 silly tarball no local data for ms@https://registry.npmjs.org/ms/-/ms-2.1.3.tgz. Extracting by manifest.
3344 silly tarball no local data for debug@https://registry.npmjs.org/debug/-/debug-4.4.3.tgz. Extracting by manifest.
3345 silly tarball no local data for p-map@https://registry.npmjs.org/p-map/-/p-map-4.0.0.tgz. Extracting by manifest.
3346 silly tarball no local data for agent-base@https://registry.npmjs.org/agent-base/-/agent-base-7.1.4.tgz. Extracting by manifest.
3347 silly tarball no local data for promise-retry@https://registry.npmjs.org/promise-retry/-/promise-retry-2.0.1.tgz. Extracting by manifest.
3348 silly tarball no local data for minipass-flush@https://registry.npmjs.org/minipass-flush/-/minipass-flush-1.0.7.tgz. Extracting by manifest.
3349 silly tarball no local data for ssri@https://registry.npmjs.org/ssri/-/ssri-10.0.6.tgz. Extracting by manifest.
3350 silly tarball no local data for minipass-pipeline@https://registry.npmjs.org/minipass-pipeline/-/minipass-pipeline-1.2.4.tgz. Extracting by manifest.
3351 silly tarball no local data for minipass@https://registry.npmjs.org/minipass/-/minipass-3.3.6.tgz. Extracting by manifest.
3352 silly tarball no local data for minipass@https://registry.npmjs.org/minipass/-/minipass-3.3.6.tgz. Extracting by manifest.
3353 silly tarball no local data for is-lambda@https://registry.npmjs.org/is-lambda/-/is-lambda-1.0.1.tgz. Extracting by manifest.
3354 silly tarball no local data for http-cache-semantics@https://registry.npmjs.org/http-cache-semantics/-/http-cache-semantics-4.2.0.tgz. Extracting by manifest.
3355 silly tarball no local data for cacache@https://registry.npmjs.org/cacache/-/cacache-18.0.4.tgz. Extracting by manifest.
3356 silly tarball no local data for @npmcli/agent@https://registry.npmjs.org/@npmcli/agent/-/agent-2.2.2.tgz. Extracting by manifest.
3357 silly tarball no local data for proc-log@https://registry.npmjs.org/proc-log/-/proc-log-4.2.0.tgz. Extracting by manifest.
3358 silly tarball no local data for npm-package-arg@https://registry.npmjs.org/npm-package-arg/-/npm-package-arg-11.0.3.tgz. Extracting by manifest.
3359 silly tarball no local data for minizlib@https://registry.npmjs.org/minizlib/-/minizlib-2.1.2.tgz. Extracting by manifest.
3360 silly tarball no local data for minipass-fetch@https://registry.npmjs.org/minipass-fetch/-/minipass-fetch-3.0.5.tgz. Extracting by manifest.
3361 silly tarball no local data for minipass@https://registry.npmjs.org/minipass/-/minipass-3.3.6.tgz. Extracting by manifest.
3362 silly tarball no local data for minipass@https://registry.npmjs.org/minipass/-/minipass-7.1.3.tgz. Extracting by manifest.
3363 silly tarball no local data for make-fetch-happen@https://registry.npmjs.org/make-fetch-happen/-/make-fetch-happen-13.0.1.tgz. Extracting by manifest.
3364 silly tarball no local data for jsonparse@https://registry.npmjs.org/jsonparse/-/jsonparse-1.3.1.tgz. Extracting by manifest.
3365 silly tarball no local data for @npmcli/redact@https://registry.npmjs.org/@npmcli/redact/-/redact-2.0.1.tgz. Extracting by manifest.
3366 silly tarball no local data for argparse@https://registry.npmjs.org/argparse/-/argparse-2.0.1.tgz. Extracting by manifest.
3367 silly tarball no local data for mime-db@https://registry.npmjs.org/mime-db/-/mime-db-1.52.0.tgz. Extracting by manifest.
3368 silly tarball no local data for fuzzy@https://registry.npmjs.org/fuzzy/-/fuzzy-0.1.3.tgz. Extracting by manifest.
3369 silly tarball no local data for tmp@https://registry.npmjs.org/tmp/-/tmp-0.0.33.tgz. Extracting by manifest.
3370 silly tarball no local data for chardet@https://registry.npmjs.org/chardet/-/chardet-0.7.0.tgz. Extracting by manifest.
3371 silly tarball no local data for color-name@https://registry.npmjs.org/color-name/-/color-name-1.1.3.tgz. Extracting by manifest.
3372 silly tarball no local data for restore-cursor@https://registry.npmjs.org/restore-cursor/-/restore-cursor-3.1.0.tgz. Extracting by manifest.
3373 silly tarball no local data for signal-exit@https://registry.npmjs.org/signal-exit/-/signal-exit-3.0.7.tgz. Extracting by manifest.
3374 silly tarball no local data for color-convert@https://registry.npmjs.org/color-convert/-/color-convert-1.9.3.tgz. Extracting by manifest.
3375 silly tarball no local data for supports-color@https://registry.npmjs.org/supports-color/-/supports-color-5.5.0.tgz. Extracting by manifest.
3376 silly tarball no local data for escape-string-regexp@https://registry.npmjs.org/escape-string-regexp/-/escape-string-regexp-1.0.5.tgz. Extracting by manifest.
3377 silly tarball no local data for ansi-styles@https://registry.npmjs.org/ansi-styles/-/ansi-styles-3.2.1.tgz. Extracting by manifest.
3378 silly tarball no local data for type-fest@https://registry.npmjs.org/type-fest/-/type-fest-0.21.3.tgz. Extracting by manifest.
3379 silly tarball no local data for rxjs@https://registry.npmjs.org/rxjs/-/rxjs-6.6.7.tgz. Extracting by manifest.
3380 silly tarball no local data for run-async@https://registry.npmjs.org/run-async/-/run-async-2.4.1.tgz. Extracting by manifest.
3381 silly tarball no local data for figures@https://registry.npmjs.org/figures/-/figures-3.2.0.tgz. Extracting by manifest.
3382 silly tarball no local data for lodash@https://registry.npmjs.org/lodash/-/lodash-4.18.1.tgz. Extracting by manifest.
3383 silly tarball no local data for strip-ansi@https://registry.npmjs.org/strip-ansi/-/strip-ansi-5.2.0.tgz. Extracting by manifest.
3384 silly tarball no local data for through@https://registry.npmjs.org/through/-/through-2.3.8.tgz. Extracting by manifest.
3385 silly tarball no local data for mute-stream@https://registry.npmjs.org/mute-stream/-/mute-stream-0.0.8.tgz. Extracting by manifest.
3386 silly tarball no local data for cli-width@https://registry.npmjs.org/cli-width/-/cli-width-2.2.1.tgz. Extracting by manifest.
3387 silly tarball no local data for external-editor@https://registry.npmjs.org/external-editor/-/external-editor-3.1.0.tgz. Extracting by manifest.
3388 silly tarball no local data for cli-cursor@https://registry.npmjs.org/cli-cursor/-/cli-cursor-3.1.0.tgz. Extracting by manifest.
3389 silly tarball no local data for tslib@https://registry.npmjs.org/tslib/-/tslib-1.14.1.tgz. Extracting by manifest.
3390 silly tarball no local data for ansi-escapes@https://registry.npmjs.org/ansi-escapes/-/ansi-escapes-4.3.2.tgz. Extracting by manifest.
3391 silly tarball no local data for chalk@https://registry.npmjs.org/chalk/-/chalk-2.4.2.tgz. Extracting by manifest.
3392 silly tarball no local data for safer-buffer@https://registry.npmjs.org/safer-buffer/-/safer-buffer-2.1.2.tgz. Extracting by manifest.
3393 silly tarball no local data for toidentifier@https://registry.npmjs.org/toidentifier/-/toidentifier-1.0.1.tgz. Extracting by manifest.
3394 silly tarball no local data for strnum@https://registry.npmjs.org/strnum/-/strnum-1.1.2.tgz. Extracting by manifest.
3395 silly tarball no local data for ms@https://registry.npmjs.org/ms/-/ms-2.0.0.tgz. Extracting by manifest.
3396 silly tarball no local data for unpipe@https://registry.npmjs.org/unpipe/-/unpipe-1.0.0.tgz. Extracting by manifest.
3397 silly tarball no local data for queue@https://registry.npmjs.org/queue/-/queue-6.0.2.tgz. Extracting by manifest.
3398 silly tarball no local data for inherits@https://registry.npmjs.org/inherits/-/inherits-2.0.4.tgz. Extracting by manifest.
3399 silly tarball no local data for raw-body@https://registry.npmjs.org/raw-body/-/raw-body-2.5.2.tgz. Extracting by manifest.
3400 silly tarball no local data for iconv-lite@https://registry.npmjs.org/iconv-lite/-/iconv-lite-0.4.24.tgz. Extracting by manifest.
3401 silly tarball no local data for destroy@https://registry.npmjs.org/destroy/-/destroy-1.2.0.tgz. Extracting by manifest.
3402 silly tarball no local data for negotiator@https://registry.npmjs.org/negotiator/-/negotiator-0.6.3.tgz. Extracting by manifest.
3403 silly tarball no local data for bytes@https://registry.npmjs.org/bytes/-/bytes-3.1.2.tgz. Extracting by manifest.
3404 silly tarball no local data for mime-types@https://registry.npmjs.org/mime-types/-/mime-types-2.1.35.tgz. Extracting by manifest.
3405 silly tarball no local data for vary@https://registry.npmjs.org/vary/-/vary-1.1.2.tgz. Extracting by manifest.
3406 silly tarball no local data for utils-merge@https://registry.npmjs.org/utils-merge/-/utils-merge-1.0.1.tgz. Extracting by manifest.
3407 silly tarball no local data for type-is@https://registry.npmjs.org/type-is/-/type-is-1.6.18.tgz. Extracting by manifest.
3408 silly tarball no local data for statuses@https://registry.npmjs.org/statuses/-/statuses-2.0.1.tgz. Extracting by manifest.
3409 silly tarball no local data for serve-static@https://registry.npmjs.org/serve-static/-/serve-static-1.16.2.tgz. Extracting by manifest.
3410 silly tarball no local data for setprototypeof@https://registry.npmjs.org/setprototypeof/-/setprototypeof-1.2.0.tgz. Extracting by manifest.
3411 silly tarball no local data for send@https://registry.npmjs.org/send/-/send-0.19.0.tgz. Extracting by manifest.
3412 silly tarball no local data for safe-buffer@https://registry.npmjs.org/safe-buffer/-/safe-buffer-5.2.1.tgz. Extracting by manifest.
3413 silly tarball no local data for range-parser@https://registry.npmjs.org/range-parser/-/range-parser-1.2.1.tgz. Extracting by manifest.
3414 silly tarball no local data for ms@https://registry.npmjs.org/ms/-/ms-2.1.3.tgz. Extracting by manifest.
3415 silly tarball no local data for encodeurl@https://registry.npmjs.org/encodeurl/-/encodeurl-1.0.2.tgz. Extracting by manifest.
3416 silly tarball no local data for qs@https://registry.npmjs.org/qs/-/qs-6.13.0.tgz. Extracting by manifest.
3417 silly tarball no local data for proxy-addr@https://registry.npmjs.org/proxy-addr/-/proxy-addr-2.0.7.tgz. Extracting by manifest.
3418 silly tarball no local data for path-to-regexp@https://registry.npmjs.org/path-to-regexp/-/path-to-regexp-0.1.12.tgz. Extracting by manifest.
3419 silly tarball no local data for on-finished@https://registry.npmjs.org/on-finished/-/on-finished-2.4.1.tgz. Extracting by manifest.
3420 silly tarball no local data for methods@https://registry.npmjs.org/methods/-/methods-1.1.2.tgz. Extracting by manifest.
3421 silly tarball no local data for http-errors@https://registry.npmjs.org/http-errors/-/http-errors-2.0.0.tgz. Extracting by manifest.
3422 silly tarball no local data for parseurl@https://registry.npmjs.org/parseurl/-/parseurl-1.3.3.tgz. Extracting by manifest.
3423 silly tarball no local data for finalhandler@https://registry.npmjs.org/finalhandler/-/finalhandler-1.3.1.tgz. Extracting by manifest.
3424 silly tarball no local data for fresh@https://registry.npmjs.org/fresh/-/fresh-0.5.2.tgz. Extracting by manifest.
3425 silly tarball no local data for etag@https://registry.npmjs.org/etag/-/etag-1.8.1.tgz. Extracting by manifest.
3426 silly tarball no local data for escape-html@https://registry.npmjs.org/escape-html/-/escape-html-1.0.3.tgz. Extracting by manifest.
3427 silly tarball no local data for merge-descriptors@https://registry.npmjs.org/merge-descriptors/-/merge-descriptors-1.0.3.tgz. Extracting by manifest.
3428 silly tarball no local data for depd@https://registry.npmjs.org/depd/-/depd-2.0.0.tgz. Extracting by manifest.
3429 silly tarball no local data for cookie-signature@https://registry.npmjs.org/cookie-signature/-/cookie-signature-1.0.6.tgz. Extracting by manifest.
3430 silly tarball no local data for cookie@https://registry.npmjs.org/cookie/-/cookie-0.7.1.tgz. Extracting by manifest.
3431 silly tarball no local data for content-type@https://registry.npmjs.org/content-type/-/content-type-1.0.5.tgz. Extracting by manifest.
3432 silly tarball no local data for content-disposition@https://registry.npmjs.org/content-disposition/-/content-disposition-0.5.4.tgz. Extracting by manifest.
3433 silly tarball no local data for body-parser@https://registry.npmjs.org/body-parser/-/body-parser-1.20.3.tgz. Extracting by manifest.
3434 silly tarball no local data for array-flatten@https://registry.npmjs.org/array-flatten/-/array-flatten-1.1.1.tgz. Extracting by manifest.
3435 silly tarball no local data for accepts@https://registry.npmjs.org/accepts/-/accepts-1.3.8.tgz. Extracting by manifest.
3436 silly tarball no local data for string-width@https://registry.npmjs.org/string-width/-/string-width-4.2.3.tgz. Extracting by manifest.
3437 silly tarball no local data for ansi-regex@https://registry.npmjs.org/ansi-regex/-/ansi-regex-5.0.1.tgz. Extracting by manifest.
3438 silly tarball no local data for encodeurl@https://registry.npmjs.org/encodeurl/-/encodeurl-2.0.0.tgz. Extracting by manifest.
3439 silly tarball no local data for strip-ansi@https://registry.npmjs.org/strip-ansi/-/strip-ansi-6.0.1.tgz. Extracting by manifest.
3440 silly tarball no local data for colors@https://registry.npmjs.org/colors/-/colors-1.4.0.tgz. Extracting by manifest.
3441 silly tarball no local data for nofilter@https://registry.npmjs.org/nofilter/-/nofilter-1.0.4.tgz. Extracting by manifest.
3442 silly tarball no local data for bignumber.js@https://registry.npmjs.org/bignumber.js/-/bignumber.js-9.3.1.tgz. Extracting by manifest.
3443 silly tarball no local data for ieee754@https://registry.npmjs.org/ieee754/-/ieee754-1.2.1.tgz. Extracting by manifest.
3444 silly tarball no local data for @smithy/querystring-parser@https://registry.npmjs.org/@smithy/querystring-parser/-/querystring-parser-3.0.11.tgz. Extracting by manifest.
3445 silly tarball no local data for base64-js@https://registry.npmjs.org/base64-js/-/base64-js-1.5.1.tgz. Extracting by manifest.
3446 silly tarball no local data for @smithy/util-uri-escape@https://registry.npmjs.org/@smithy/util-uri-escape/-/util-uri-escape-3.0.0.tgz. Extracting by manifest.
3447 silly tarball no local data for @smithy/abort-controller@https://registry.npmjs.org/@smithy/abort-controller/-/abort-controller-3.1.9.tgz. Extracting by manifest.
3448 silly tarball no local data for @smithy/service-error-classification@https://registry.npmjs.org/@smithy/service-error-classification/-/service-error-classification-3.0.11.tgz. Extracting by manifest.
3449 silly tarball no local data for @smithy/util-buffer-from@https://registry.npmjs.org/@smithy/util-buffer-from/-/util-buffer-from-3.0.0.tgz. Extracting by manifest.
3450 silly tarball no local data for debug@https://registry.npmjs.org/debug/-/debug-2.6.9.tgz. Extracting by manifest.
3451 silly tarball no local data for @smithy/chunked-blob-reader-native@https://registry.npmjs.org/@smithy/chunked-blob-reader-native/-/chunked-blob-reader-native-3.0.1.tgz. Extracting by manifest.
3452 silly tarball no local data for @smithy/chunked-blob-reader@https://registry.npmjs.org/@smithy/chunked-blob-reader/-/chunked-blob-reader-4.0.0.tgz. Extracting by manifest.
3453 silly tarball no local data for @smithy/util-hex-encoding@https://registry.npmjs.org/@smithy/util-hex-encoding/-/util-hex-encoding-3.0.0.tgz. Extracting by manifest.
3454 silly tarball no local data for @smithy/querystring-builder@https://registry.npmjs.org/@smithy/querystring-builder/-/querystring-builder-3.0.11.tgz. Extracting by manifest.
3455 silly tarball no local data for @smithy/eventstream-serde-universal@https://registry.npmjs.org/@smithy/eventstream-serde-universal/-/eventstream-serde-universal-3.0.13.tgz. Extracting by manifest.
3456 silly tarball no local data for @smithy/eventstream-codec@https://registry.npmjs.org/@smithy/eventstream-codec/-/eventstream-codec-3.1.10.tgz. Extracting by manifest.
3457 silly tarball no local data for bowser@https://registry.npmjs.org/bowser/-/bowser-2.14.1.tgz. Extracting by manifest.
3458 silly tarball no local data for @smithy/is-array-buffer@https://registry.npmjs.org/@smithy/is-array-buffer/-/is-array-buffer-3.0.0.tgz. Extracting by manifest.
3459 silly tarball no local data for @aws-crypto/crc32c@https://registry.npmjs.org/@aws-crypto/crc32c/-/crc32c-5.2.0.tgz. Extracting by manifest.
3460 silly tarball no local data for @aws-sdk/util-arn-parser@https://registry.npmjs.org/@aws-sdk/util-arn-parser/-/util-arn-parser-3.568.0.tgz. Extracting by manifest.
3461 silly tarball no local data for @smithy/util-config-provider@https://registry.npmjs.org/@smithy/util-config-provider/-/util-config-provider-3.0.0.tgz. Extracting by manifest.
3462 silly tarball no local data for @aws-crypto/crc32@https://registry.npmjs.org/@aws-crypto/crc32/-/crc32-5.2.0.tgz. Extracting by manifest.
3463 silly tarball no local data for @aws-sdk/token-providers@https://registry.npmjs.org/@aws-sdk/token-providers/-/token-providers-3.614.0.tgz. Extracting by manifest.
3464 silly tarball no local data for @aws-sdk/client-sso@https://registry.npmjs.org/@aws-sdk/client-sso/-/client-sso-3.624.0.tgz. Extracting by manifest.
3465 silly tarball no local data for @smithy/shared-ini-file-loader@https://registry.npmjs.org/@smithy/shared-ini-file-loader/-/shared-ini-file-loader-3.1.12.tgz. Extracting by manifest.
3466 silly tarball no local data for @smithy/property-provider@https://registry.npmjs.org/@smithy/property-provider/-/property-provider-3.1.11.tgz. Extracting by manifest.
3467 silly tarball no local data for @aws-sdk/credential-provider-web-identity@https://registry.npmjs.org/@aws-sdk/credential-provider-web-identity/-/credential-provider-web-identity-3.621.0.tgz. Extracting by manifest.
3468 silly tarball no local data for @smithy/credential-provider-imds@https://registry.npmjs.org/@smithy/credential-provider-imds/-/credential-provider-imds-3.2.8.tgz. Extracting by manifest.
3469 silly tarball no local data for @aws-sdk/credential-provider-sso@https://registry.npmjs.org/@aws-sdk/credential-provider-sso/-/credential-provider-sso-3.624.0.tgz. Extracting by manifest.
3470 silly tarball no local data for @aws-sdk/credential-provider-process@https://registry.npmjs.org/@aws-sdk/credential-provider-process/-/credential-provider-process-3.620.1.tgz. Extracting by manifest.
3471 silly tarball no local data for @aws-sdk/credential-provider-ini@https://registry.npmjs.org/@aws-sdk/credential-provider-ini/-/credential-provider-ini-3.624.0.tgz. Extracting by manifest.
3472 silly tarball no local data for @aws-sdk/credential-provider-http@https://registry.npmjs.org/@aws-sdk/credential-provider-http/-/credential-provider-http-3.622.0.tgz. Extracting by manifest.
3473 silly tarball no local data for @aws-sdk/credential-provider-env@https://registry.npmjs.org/@aws-sdk/credential-provider-env/-/credential-provider-env-3.620.1.tgz. Extracting by manifest.
3474 silly tarball no local data for fast-xml-parser@https://registry.npmjs.org/fast-xml-parser/-/fast-xml-parser-4.4.1.tgz. Extracting by manifest.
3475 silly tarball no local data for @smithy/signature-v4@https://registry.npmjs.org/@smithy/signature-v4/-/signature-v4-4.2.4.tgz. Extracting by manifest.
3476 silly tarball no local data for uuid@https://registry.npmjs.org/uuid/-/uuid-9.0.1.tgz. Extracting by manifest.
3477 silly tarball no local data for @smithy/util-waiter@https://registry.npmjs.org/@smithy/util-waiter/-/util-waiter-3.2.0.tgz. Extracting by manifest.
3478 silly tarball no local data for @smithy/hash-stream-node@https://registry.npmjs.org/@smithy/hash-stream-node/-/hash-stream-node-3.1.10.tgz. Extracting by manifest.
3479 silly tarball no local data for @smithy/md5-js@https://registry.npmjs.org/@smithy/md5-js/-/md5-js-3.0.11.tgz. Extracting by manifest.
3480 silly tarball no local data for @smithy/hash-blob-browser@https://registry.npmjs.org/@smithy/hash-blob-browser/-/hash-blob-browser-3.1.10.tgz. Extracting by manifest.
3481 silly tarball no local data for @smithy/eventstream-serde-node@https://registry.npmjs.org/@smithy/eventstream-serde-node/-/eventstream-serde-node-3.0.13.tgz. Extracting by manifest.
3482 silly tarball no local data for @smithy/eventstream-serde-browser@https://registry.npmjs.org/@smithy/eventstream-serde-browser/-/eventstream-serde-browser-3.0.14.tgz. Extracting by manifest.
3483 silly tarball no local data for @smithy/eventstream-serde-config-resolver@https://registry.npmjs.org/@smithy/eventstream-serde-config-resolver/-/eventstream-serde-config-resolver-3.0.11.tgz. Extracting by manifest.
3484 silly tarball no local data for @aws-sdk/xml-builder@https://registry.npmjs.org/@aws-sdk/xml-builder/-/xml-builder-3.609.0.tgz. Extracting by manifest.
3485 silly tarball no local data for @aws-sdk/signature-v4-multi-region@https://registry.npmjs.org/@aws-sdk/signature-v4-multi-region/-/signature-v4-multi-region-3.635.0.tgz. Extracting by manifest.
3486 silly tarball no local data for @aws-sdk/middleware-ssec@https://registry.npmjs.org/@aws-sdk/middleware-ssec/-/middleware-ssec-3.609.0.tgz. Extracting by manifest.
3487 silly tarball no local data for @aws-sdk/middleware-sdk-s3@https://registry.npmjs.org/@aws-sdk/middleware-sdk-s3/-/middleware-sdk-s3-3.635.0.tgz. Extracting by manifest.
3488 silly tarball no local data for @aws-sdk/core@https://registry.npmjs.org/@aws-sdk/core/-/core-3.635.0.tgz. Extracting by manifest.
3489 silly tarball no local data for @aws-sdk/middleware-flexible-checksums@https://registry.npmjs.org/@aws-sdk/middleware-flexible-checksums/-/middleware-flexible-checksums-3.620.0.tgz. Extracting by manifest.
3490 silly tarball no local data for @aws-sdk/middleware-location-constraint@https://registry.npmjs.org/@aws-sdk/middleware-location-constraint/-/middleware-location-constraint-3.609.0.tgz. Extracting by manifest.
3491 silly tarball no local data for @aws-sdk/middleware-expect-continue@https://registry.npmjs.org/@aws-sdk/middleware-expect-continue/-/middleware-expect-continue-3.620.0.tgz. Extracting by manifest.
3492 silly tarball no local data for @aws-sdk/middleware-bucket-endpoint@https://registry.npmjs.org/@aws-sdk/middleware-bucket-endpoint/-/middleware-bucket-endpoint-3.620.0.tgz. Extracting by manifest.
3493 silly tarball no local data for @aws-crypto/sha1-browser@https://registry.npmjs.org/@aws-crypto/sha1-browser/-/sha1-browser-5.2.0.tgz. Extracting by manifest.
3494 silly tarball no local data for @smithy/is-array-buffer@https://registry.npmjs.org/@smithy/is-array-buffer/-/is-array-buffer-2.2.0.tgz. Extracting by manifest.
3495 silly tarball no local data for @smithy/util-buffer-from@https://registry.npmjs.org/@smithy/util-buffer-from/-/util-buffer-from-2.2.0.tgz. Extracting by manifest.
3496 silly tarball no local data for @smithy/util-utf8@https://registry.npmjs.org/@smithy/util-utf8/-/util-utf8-2.3.0.tgz. Extracting by manifest.
3497 silly tarball no local data for @aws-sdk/util-locate-window@https://registry.npmjs.org/@aws-sdk/util-locate-window/-/util-locate-window-3.965.5.tgz. Extracting by manifest.
3498 silly tarball no local data for @aws-crypto/util@https://registry.npmjs.org/@aws-crypto/util/-/util-5.2.0.tgz. Extracting by manifest.
3499 silly tarball no local data for @smithy/is-array-buffer@https://registry.npmjs.org/@smithy/is-array-buffer/-/is-array-buffer-2.2.0.tgz. Extracting by manifest.
3500 silly tarball no local data for @smithy/util-buffer-from@https://registry.npmjs.org/@smithy/util-buffer-from/-/util-buffer-from-2.2.0.tgz. Extracting by manifest.
3501 silly tarball no local data for @smithy/util-utf8@https://registry.npmjs.org/@smithy/util-utf8/-/util-utf8-2.3.0.tgz. Extracting by manifest.
3502 silly tarball no local data for tslib@https://registry.npmjs.org/tslib/-/tslib-2.8.1.tgz. Extracting by manifest.
3503 silly tarball no local data for @smithy/util-utf8@https://registry.npmjs.org/@smithy/util-utf8/-/util-utf8-3.0.0.tgz. Extracting by manifest.
3504 silly tarball no local data for @aws-crypto/supports-web-crypto@https://registry.npmjs.org/@aws-crypto/supports-web-crypto/-/supports-web-crypto-5.2.0.tgz. Extracting by manifest.
3505 silly tarball no local data for @smithy/util-stream@https://registry.npmjs.org/@smithy/util-stream/-/util-stream-3.3.4.tgz. Extracting by manifest.
3506 silly tarball no local data for @smithy/util-retry@https://registry.npmjs.org/@smithy/util-retry/-/util-retry-3.0.11.tgz. Extracting by manifest.
3507 silly tarball no local data for @smithy/util-middleware@https://registry.npmjs.org/@smithy/util-middleware/-/util-middleware-3.0.11.tgz. Extracting by manifest.
3508 silly tarball no local data for @smithy/fetch-http-handler@https://registry.npmjs.org/@smithy/fetch-http-handler/-/fetch-http-handler-4.1.3.tgz. Extracting by manifest.
3509 silly tarball no local data for @smithy/util-endpoints@https://registry.npmjs.org/@smithy/util-endpoints/-/util-endpoints-2.1.7.tgz. Extracting by manifest.
3510 silly tarball no local data for @smithy/util-defaults-mode-browser@https://registry.npmjs.org/@smithy/util-defaults-mode-browser/-/util-defaults-mode-browser-3.0.34.tgz. Extracting by manifest.
3511 silly tarball no local data for @smithy/util-base64@https://registry.npmjs.org/@smithy/util-base64/-/util-base64-3.0.0.tgz. Extracting by manifest.
3512 silly tarball no local data for @smithy/util-body-length-browser@https://registry.npmjs.org/@smithy/util-body-length-browser/-/util-body-length-browser-3.0.0.tgz. Extracting by manifest.
3513 silly tarball no local data for @smithy/util-defaults-mode-node@https://registry.npmjs.org/@smithy/util-defaults-mode-node/-/util-defaults-mode-node-3.0.34.tgz. Extracting by manifest.
3514 silly tarball no local data for @smithy/url-parser@https://registry.npmjs.org/@smithy/url-parser/-/url-parser-3.0.11.tgz. Extracting by manifest.
3515 silly tarball no local data for @smithy/smithy-client@https://registry.npmjs.org/@smithy/smithy-client/-/smithy-client-3.7.0.tgz. Extracting by manifest.
3516 silly tarball no local data for @smithy/types@https://registry.npmjs.org/@smithy/types/-/types-3.7.2.tgz. Extracting by manifest.
3517 silly tarball no local data for @smithy/util-body-length-node@https://registry.npmjs.org/@smithy/util-body-length-node/-/util-body-length-node-3.0.0.tgz. Extracting by manifest.
3518 silly tarball no local data for @smithy/protocol-http@https://registry.npmjs.org/@smithy/protocol-http/-/protocol-http-4.1.8.tgz. Extracting by manifest.
3519 silly tarball no local data for @smithy/node-http-handler@https://registry.npmjs.org/@smithy/node-http-handler/-/node-http-handler-3.3.3.tgz. Extracting by manifest.
3520 silly tarball no local data for @smithy/node-config-provider@https://registry.npmjs.org/@smithy/node-config-provider/-/node-config-provider-3.1.12.tgz. Extracting by manifest.
3521 silly tarball no local data for @smithy/middleware-stack@https://registry.npmjs.org/@smithy/middleware-stack/-/middleware-stack-3.0.11.tgz. Extracting by manifest.
3522 silly tarball no local data for @smithy/middleware-serde@https://registry.npmjs.org/@smithy/middleware-serde/-/middleware-serde-3.0.11.tgz. Extracting by manifest.
3523 silly tarball no local data for @smithy/middleware-retry@https://registry.npmjs.org/@smithy/middleware-retry/-/middleware-retry-3.0.34.tgz. Extracting by manifest.
3524 silly tarball no local data for @smithy/middleware-endpoint@https://registry.npmjs.org/@smithy/middleware-endpoint/-/middleware-endpoint-3.2.8.tgz. Extracting by manifest.
3525 silly tarball no local data for @smithy/middleware-content-length@https://registry.npmjs.org/@smithy/middleware-content-length/-/middleware-content-length-3.0.13.tgz. Extracting by manifest.
3526 silly tarball no local data for @smithy/invalid-dependency@https://registry.npmjs.org/@smithy/invalid-dependency/-/invalid-dependency-3.0.11.tgz. Extracting by manifest.
3527 silly tarball no local data for @smithy/hash-node@https://registry.npmjs.org/@smithy/hash-node/-/hash-node-3.0.11.tgz. Extracting by manifest.
3528 silly tarball no local data for @smithy/fetch-http-handler@https://registry.npmjs.org/@smithy/fetch-http-handler/-/fetch-http-handler-3.2.9.tgz. Extracting by manifest.
3529 silly tarball no local data for @smithy/core@https://registry.npmjs.org/@smithy/core/-/core-2.5.7.tgz. Extracting by manifest.
3530 silly tarball no local data for @aws-sdk/util-user-agent-node@https://registry.npmjs.org/@aws-sdk/util-user-agent-node/-/util-user-agent-node-3.614.0.tgz. Extracting by manifest.
3531 silly tarball no local data for @smithy/config-resolver@https://registry.npmjs.org/@smithy/config-resolver/-/config-resolver-3.0.13.tgz. Extracting by manifest.
3532 silly tarball no local data for @aws-sdk/util-endpoints@https://registry.npmjs.org/@aws-sdk/util-endpoints/-/util-endpoints-3.614.0.tgz. Extracting by manifest.
3533 silly tarball no local data for @aws-sdk/util-user-agent-browser@https://registry.npmjs.org/@aws-sdk/util-user-agent-browser/-/util-user-agent-browser-3.609.0.tgz. Extracting by manifest.
3534 silly tarball no local data for @aws-sdk/types@https://registry.npmjs.org/@aws-sdk/types/-/types-3.609.0.tgz. Extracting by manifest.
3535 silly tarball no local data for @aws-sdk/region-config-resolver@https://registry.npmjs.org/@aws-sdk/region-config-resolver/-/region-config-resolver-3.614.0.tgz. Extracting by manifest.
3536 silly tarball no local data for @aws-sdk/middleware-recursion-detection@https://registry.npmjs.org/@aws-sdk/middleware-recursion-detection/-/middleware-recursion-detection-3.620.0.tgz. Extracting by manifest.
3537 silly tarball no local data for @aws-sdk/middleware-user-agent@https://registry.npmjs.org/@aws-sdk/middleware-user-agent/-/middleware-user-agent-3.620.0.tgz. Extracting by manifest.
3538 silly tarball no local data for @aws-sdk/middleware-logger@https://registry.npmjs.org/@aws-sdk/middleware-logger/-/middleware-logger-3.609.0.tgz. Extracting by manifest.
3539 silly tarball no local data for @aws-sdk/middleware-host-header@https://registry.npmjs.org/@aws-sdk/middleware-host-header/-/middleware-host-header-3.620.0.tgz. Extracting by manifest.
3540 silly tarball no local data for @aws-sdk/credential-provider-node@https://registry.npmjs.org/@aws-sdk/credential-provider-node/-/credential-provider-node-3.624.0.tgz. Extracting by manifest.
3541 silly tarball no local data for @aws-sdk/core@https://registry.npmjs.org/@aws-sdk/core/-/core-3.624.0.tgz. Extracting by manifest.
3542 silly tarball no local data for @aws-sdk/client-sts@https://registry.npmjs.org/@aws-sdk/client-sts/-/client-sts-3.624.0.tgz. Extracting by manifest.
3543 silly tarball no local data for @aws-crypto/sha256-js@https://registry.npmjs.org/@aws-crypto/sha256-js/-/sha256-js-5.2.0.tgz. Extracting by manifest.
3544 silly tarball no local data for @aws-crypto/sha256-browser@https://registry.npmjs.org/@aws-crypto/sha256-browser/-/sha256-browser-5.2.0.tgz. Extracting by manifest.
3545 silly tarball no local data for @smithy/is-array-buffer@https://registry.npmjs.org/@smithy/is-array-buffer/-/is-array-buffer-2.2.0.tgz. Extracting by manifest.
3546 silly tarball no local data for yauzl@https://registry.npmjs.org/yauzl/-/yauzl-2.10.0.tgz. Extracting by manifest.
3547 silly tarball no local data for @smithy/util-utf8@https://registry.npmjs.org/@smithy/util-utf8/-/util-utf8-2.3.0.tgz. Extracting by manifest.
3548 silly tarball no local data for @aws-sdk/client-sso-oidc@https://registry.npmjs.org/@aws-sdk/client-sso-oidc/-/client-sso-oidc-3.624.0.tgz. Extracting by manifest.
3549 silly tarball no local data for undici@https://registry.npmjs.org/undici/-/undici-5.29.0.tgz. Extracting by manifest.
3550 silly tarball no local data for tsee@https://registry.npmjs.org/tsee/-/tsee-1.3.4.tgz. Extracting by manifest.
3551 silly tarball no local data for tiny-async-pool@https://registry.npmjs.org/tiny-async-pool/-/tiny-async-pool-1.1.0.tgz. Extracting by manifest.
3552 silly tarball no local data for tar@https://registry.npmjs.org/tar/-/tar-6.2.1.tgz. Extracting by manifest.
3553 silly tarball no local data for @smithy/util-buffer-from@https://registry.npmjs.org/@smithy/util-buffer-from/-/util-buffer-from-2.2.0.tgz. Extracting by manifest.
3554 silly tarball no local data for semver@https://registry.npmjs.org/semver/-/semver-5.7.2.tgz. Extracting by manifest.
3555 silly tarball no local data for @types/node@https://registry.npmjs.org/@types/node/-/node-12.20.55.tgz. Extracting by manifest.
3556 silly tarball no local data for minipass@https://registry.npmjs.org/minipass/-/minipass-5.0.0.tgz. Extracting by manifest.
3557 silly tarball no local data for ws@https://registry.npmjs.org/ws/-/ws-7.5.10.tgz. Extracting by manifest.
3558 silly tarball no local data for fs-minipass@https://registry.npmjs.org/fs-minipass/-/fs-minipass-2.1.0.tgz. Extracting by manifest.
3559 silly tarball no local data for socket.io@https://registry.npmjs.org/socket.io/-/socket.io-4.8.1.tgz. Extracting by manifest.
3560 silly tarball no local data for minipass@https://registry.npmjs.org/minipass/-/minipass-3.3.6.tgz. Extracting by manifest.
3561 silly tarball no local data for ms@https://registry.npmjs.org/ms/-/ms-2.1.3.tgz. Extracting by manifest.
3562 silly tarball no local data for sharp@https://registry.npmjs.org/sharp/-/sharp-0.32.6.tgz. Extracting by manifest.
3563 silly tarball no local data for debug@https://registry.npmjs.org/debug/-/debug-4.3.7.tgz. Extracting by manifest.
3564 silly tarball no local data for chownr@https://registry.npmjs.org/chownr/-/chownr-1.1.4.tgz. Extracting by manifest.
3565 silly tarball no local data for mimic-response@https://registry.npmjs.org/mimic-response/-/mimic-response-3.1.0.tgz. Extracting by manifest.
3566 silly tarball no local data for decompress-response@https://registry.npmjs.org/decompress-response/-/decompress-response-6.0.0.tgz. Extracting by manifest.
3567 silly tarball no local data for node-abi@https://registry.npmjs.org/node-abi/-/node-abi-3.89.0.tgz. Extracting by manifest.
3568 silly tarball no local data for napi-build-utils@https://registry.npmjs.org/napi-build-utils/-/napi-build-utils-2.0.0.tgz. Extracting by manifest.
3569 silly tarball no local data for tar-fs@https://registry.npmjs.org/tar-fs/-/tar-fs-3.1.2.tgz. Extracting by manifest.
3570 silly tarball no local data for tar-stream@https://registry.npmjs.org/tar-stream/-/tar-stream-3.1.8.tgz. Extracting by manifest.
3571 silly tarball no local data for simple-get@https://registry.npmjs.org/simple-get/-/simple-get-4.0.1.tgz. Extracting by manifest.
3572 silly tarball no local data for prebuild-install@https://registry.npmjs.org/prebuild-install/-/prebuild-install-7.1.3.tgz. Extracting by manifest.
3573 silly tarball no local data for serialport@https://registry.npmjs.org/serialport/-/serialport-8.0.8.tgz. Extracting by manifest.
3574 silly tarball no local data for detect-libc@https://registry.npmjs.org/detect-libc/-/detect-libc-2.1.2.tgz. Extracting by manifest.
3575 silly tarball no local data for ms@https://registry.npmjs.org/ms/-/ms-2.1.3.tgz. Extracting by manifest.
3576 silly tarball no local data for tar-fs@https://registry.npmjs.org/tar-fs/-/tar-fs-2.1.4.tgz. Extracting by manifest.
3577 silly tarball no local data for debug@https://registry.npmjs.org/debug/-/debug-4.4.3.tgz. Extracting by manifest.
3578 silly tarball no local data for papaparse@https://registry.npmjs.org/papaparse/-/papaparse-5.4.1.tgz. Extracting by manifest.
3579 silly tarball no local data for js-yaml@https://registry.npmjs.org/js-yaml/-/js-yaml-4.1.0.tgz. Extracting by manifest.
3580 silly tarball no local data for npm-registry-fetch@https://registry.npmjs.org/npm-registry-fetch/-/npm-registry-fetch-17.1.0.tgz. Extracting by manifest.
3581 silly tarball no local data for jpeg-js@https://registry.npmjs.org/jpeg-js/-/jpeg-js-0.4.4.tgz. Extracting by manifest.
3582 silly tarball no local data for inquirer-search-list@https://registry.npmjs.org/inquirer-search-list/-/inquirer-search-list-1.2.6.tgz. Extracting by manifest.
3583 silly tarball no local data for ansi-regex@https://registry.npmjs.org/ansi-regex/-/ansi-regex-3.0.1.tgz. Extracting by manifest.
3584 silly tarball no local data for is-fullwidth-code-point@https://registry.npmjs.org/is-fullwidth-code-point/-/is-fullwidth-code-point-2.0.0.tgz. Extracting by manifest.
3585 silly tarball no local data for mimic-fn@https://registry.npmjs.org/mimic-fn/-/mimic-fn-1.2.0.tgz. Extracting by manifest.
3586 silly tarball no local data for onetime@https://registry.npmjs.org/onetime/-/onetime-2.0.1.tgz. Extracting by manifest.
3587 silly tarball no local data for signal-exit@https://registry.npmjs.org/signal-exit/-/signal-exit-3.0.7.tgz. Extracting by manifest.
3588 silly tarball no local data for chardet@https://registry.npmjs.org/chardet/-/chardet-0.4.2.tgz. Extracting by manifest.
3589 silly tarball no local data for restore-cursor@https://registry.npmjs.org/restore-cursor/-/restore-cursor-2.0.0.tgz. Extracting by manifest.
3590 silly tarball no local data for strip-ansi@https://registry.npmjs.org/strip-ansi/-/strip-ansi-4.0.0.tgz. Extracting by manifest.
3591 silly tarball no local data for string-width@https://registry.npmjs.org/string-width/-/string-width-2.1.1.tgz. Extracting by manifest.
3592 silly tarball no local data for mute-stream@https://registry.npmjs.org/mute-stream/-/mute-stream-0.0.7.tgz. Extracting by manifest.
3593 silly tarball no local data for external-editor@https://registry.npmjs.org/external-editor/-/external-editor-2.2.0.tgz. Extracting by manifest.
3594 silly tarball no local data for cli-cursor@https://registry.npmjs.org/cli-cursor/-/cli-cursor-2.1.0.tgz. Extracting by manifest.
3595 silly tarball no local data for inquirer@https://registry.npmjs.org/inquirer/-/inquirer-3.3.0.tgz. Extracting by manifest.
3596 silly tarball no local data for ansi-escapes@https://registry.npmjs.org/ansi-escapes/-/ansi-escapes-3.2.0.tgz. Extracting by manifest.
3597 silly tarball no local data for figures@https://registry.npmjs.org/figures/-/figures-2.0.0.tgz. Extracting by manifest.
3598 silly tarball no local data for inquirer@https://registry.npmjs.org/inquirer/-/inquirer-7.0.0.tgz. Extracting by manifest.
3599 silly tarball no local data for commander@https://registry.npmjs.org/commander/-/commander-5.1.0.tgz. Extracting by manifest.
3600 silly tarball no local data for express@https://registry.npmjs.org/express/-/express-4.21.2.tgz. Extracting by manifest.
3601 silly tarball no local data for cbor@https://registry.npmjs.org/cbor/-/cbor-5.0.2.tgz. Extracting by manifest.
3602 silly tarball no local data for buffer@https://registry.npmjs.org/buffer/-/buffer-6.0.3.tgz. Extracting by manifest.
3603 silly tarball no local data for async-mutex@https://registry.npmjs.org/async-mutex/-/async-mutex-0.2.6.tgz. Extracting by manifest.
3604 silly tarball no local data for @zeit/dockerignore@https://registry.npmjs.org/@zeit/dockerignore/-/dockerignore-0.0.5.tgz. Extracting by manifest.
3605 silly tarball no local data for crc@https://registry.npmjs.org/crc/-/crc-4.3.2.tgz. Extracting by manifest.
3606 silly tarball no local data for cli-progress@https://registry.npmjs.org/cli-progress/-/cli-progress-3.8.2.tgz. Extracting by manifest.
3607 silly tarball no local data for @types/uuid@https://registry.npmjs.org/@types/uuid/-/uuid-10.0.0.tgz. Extracting by manifest.
3608 silly tarball no local data for @aws-sdk/client-secrets-manager@https://registry.npmjs.org/@aws-sdk/client-secrets-manager/-/client-secrets-manager-3.624.0.tgz. Extracting by manifest.
3609 silly tarball no local data for @aws-sdk/client-s3@https://registry.npmjs.org/@aws-sdk/client-s3/-/client-s3-3.635.0.tgz. Extracting by manifest.
3610 silly tarball no local data for @aws-sdk/client-sso@https://registry.npmjs.org/@aws-sdk/client-sso/-/client-sso-3.635.0.tgz. Extracting by manifest.
3611 silly tarball no local data for image-size@https://registry.npmjs.org/image-size/-/image-size-1.0.2.tgz. Extracting by manifest.
3612 silly tarball no local data for @aws-sdk/credential-provider-ini@https://registry.npmjs.org/@aws-sdk/credential-provider-ini/-/credential-provider-ini-3.635.0.tgz. Extracting by manifest.
3613 silly tarball no local data for @aws-sdk/credential-provider-sso@https://registry.npmjs.org/@aws-sdk/credential-provider-sso/-/credential-provider-sso-3.635.0.tgz. Extracting by manifest.
3614 silly tarball no local data for @aws-sdk/util-endpoints@https://registry.npmjs.org/@aws-sdk/util-endpoints/-/util-endpoints-3.632.0.tgz. Extracting by manifest.
3615 silly tarball no local data for @aws-sdk/credential-provider-http@https://registry.npmjs.org/@aws-sdk/credential-provider-http/-/credential-provider-http-3.635.0.tgz. Extracting by manifest.
3616 silly tarball no local data for @aws-sdk/middleware-user-agent@https://registry.npmjs.org/@aws-sdk/middleware-user-agent/-/middleware-user-agent-3.632.0.tgz. Extracting by manifest.
3617 silly tarball no local data for @aws-sdk/credential-provider-node@https://registry.npmjs.org/@aws-sdk/credential-provider-node/-/credential-provider-node-3.635.0.tgz. Extracting by manifest.
3618 silly tarball no local data for @xmldom/xmldom@https://registry.npmjs.org/@xmldom/xmldom/-/xmldom-0.8.10.tgz. Extracting by manifest.
3619 silly tarball no local data for @aws-sdk/core@https://registry.npmjs.org/@aws-sdk/core/-/core-3.635.0.tgz. Extracting by manifest.
3620 silly tarball no local data for @aws-sdk/client-sts@https://registry.npmjs.org/@aws-sdk/client-sts/-/client-sts-3.635.0.tgz. Extracting by manifest.
3621 silly tarball no local data for @aws-sdk/client-sso-oidc@https://registry.npmjs.org/@aws-sdk/client-sso-oidc/-/client-sso-oidc-3.635.0.tgz. Extracting by manifest.
3622 silly tarball no local data for @aws-sdk/client-iot-data-plane@https://registry.npmjs.org/@aws-sdk/client-iot-data-plane/-/client-iot-data-plane-3.624.0.tgz. Extracting by manifest.
3623 silly tarball no local data for color-convert@https://registry.npmjs.org/color-convert/-/color-convert-2.0.1.tgz. Extracting by manifest.
3624 http fetch GET 200 https://registry.npmjs.org/fast-fifo/-/fast-fifo-1.3.2.tgz 1213ms (cache miss)
3625 http fetch GET 200 https://registry.npmjs.org/events-universal/-/events-universal-1.0.1.tgz 1212ms (cache miss)
3626 http fetch GET 200 https://registry.npmjs.org/streamx/-/streamx-2.25.0.tgz 1214ms (cache miss)
3627 http fetch GET 200 https://registry.npmjs.org/text-decoder/-/text-decoder-1.2.7.tgz 1217ms (cache miss)
3628 http fetch GET 200 https://registry.npmjs.org/code-point-at/-/code-point-at-1.1.0.tgz 1249ms (cache miss)
3629 http fetch GET 200 https://registry.npmjs.org/teex/-/teex-1.0.1.tgz 1273ms (cache miss)
3630 http fetch GET 200 https://registry.npmjs.org/imurmurhash/-/imurmurhash-0.1.4.tgz 1361ms (cache miss)
3631 http fetch GET 200 https://registry.npmjs.org/buffer-crc32/-/buffer-crc32-0.2.13.tgz 1400ms (cache miss)
3632 http fetch GET 200 https://registry.npmjs.org/isexe/-/isexe-2.0.0.tgz 1460ms (cache miss)
3633 http fetch GET 200 https://registry.npmjs.org/os-tmpdir/-/os-tmpdir-1.0.2.tgz 1617ms (cache miss)
3634 http fetch GET 200 https://registry.npmjs.org/unique-slug/-/unique-slug-4.0.0.tgz 1675ms (cache miss)
3635 http fetch GET 200 https://registry.npmjs.org/media-typer/-/media-typer-0.3.0.tgz 1751ms (cache miss)
3636 http fetch GET 200 https://registry.npmjs.org/pend/-/pend-1.2.0.tgz 1862ms (cache miss)
3637 http fetch GET 200 https://registry.npmjs.org/fs-constants/-/fs-constants-1.0.0.tgz 1935ms (cache miss)
3638 http fetch GET 200 https://registry.npmjs.org/mkdirp/-/mkdirp-1.0.4.tgz 2058ms (cache miss)
3639 http fetch GET 200 https://registry.npmjs.org/tar-stream/-/tar-stream-2.2.0.tgz 2062ms (cache miss)
3640 http fetch GET 200 https://registry.npmjs.org/number-is-nan/-/number-is-nan-1.0.1.tgz 2375ms (cache miss)
3641 http fetch GET 200 https://registry.npmjs.org/has-flag/-/has-flag-3.0.0.tgz 2589ms (cache miss)
3642 http fetch GET 200 https://registry.npmjs.org/is-fullwidth-code-point/-/is-fullwidth-code-point-3.0.0.tgz 2593ms (cache miss)
3643 http fetch GET 200 https://registry.npmjs.org/eastasianwidth/-/eastasianwidth-0.2.0.tgz 2743ms (cache miss)
3644 http fetch GET 200 https://registry.npmjs.org/ansi-regex/-/ansi-regex-4.1.1.tgz 2752ms (cache miss)
3645 http fetch GET 200 https://registry.npmjs.org/chownr/-/chownr-2.0.0.tgz 2886ms (cache miss)
3646 http fetch GET 200 https://registry.npmjs.org/engine.io-parser/-/engine.io-parser-5.2.3.tgz 2887ms (cache miss)
3647 http fetch GET 200 https://registry.npmjs.org/@types/cors/-/cors-2.8.19.tgz 2987ms (cache miss)
3648 http fetch GET 200 https://registry.npmjs.org/ms/-/ms-2.1.3.tgz 2987ms (cache miss)
3649 http fetch GET 200 https://registry.npmjs.org/emoji-regex/-/emoji-regex-8.0.0.tgz 2993ms (cache miss)
3650 http fetch GET 200 https://registry.npmjs.org/@socket.io/component-emitter/-/component-emitter-3.1.2.tgz 3166ms (cache miss)
3651 http fetch GET 200 https://registry.npmjs.org/@types/ws/-/ws-8.18.1.tgz 3233ms (cache miss)
3652 http fetch GET 200 https://registry.npmjs.org/decompress-response/-/decompress-response-4.2.1.tgz 3273ms (cache miss)
3653 http fetch GET 200 https://registry.npmjs.org/fd-slicer/-/fd-slicer-1.1.0.tgz 3301ms (cache miss)
3654 http fetch GET 200 https://registry.npmjs.org/cors/-/cors-2.8.6.tgz 3284ms (cache miss)
3655 http fetch GET 200 https://registry.npmjs.org/ms/-/ms-2.1.3.tgz 3294ms (cache miss)
3656 http fetch GET 200 https://registry.npmjs.org/ms/-/ms-2.1.3.tgz 3302ms (cache miss)
3657 http fetch GET 200 https://registry.npmjs.org/dunder-proto/-/dunder-proto-1.0.1.tgz 3350ms (cache miss)
3658 http fetch GET 200 https://registry.npmjs.org/simple-concat/-/simple-concat-1.0.1.tgz 3356ms (cache miss)
3659 http fetch GET 200 https://registry.npmjs.org/mimic-response/-/mimic-response-2.1.0.tgz 3447ms (cache miss)
3660 http fetch GET 200 https://registry.npmjs.org/es-object-atoms/-/es-object-atoms-1.1.1.tgz 3523ms (cache miss)
3661 http fetch GET 200 https://registry.npmjs.org/debug/-/debug-4.4.3.tgz 3537ms (cache miss)
3662 http fetch GET 200 https://registry.npmjs.org/base64id/-/base64id-2.0.0.tgz 3539ms (cache miss)
3663 http fetch GET 200 https://registry.npmjs.org/get-intrinsic/-/get-intrinsic-1.3.0.tgz 3562ms (cache miss)
3664 http fetch GET 200 https://registry.npmjs.org/gopd/-/gopd-1.2.0.tgz 3652ms (cache miss)
3665 http fetch GET 200 https://registry.npmjs.org/has-symbols/-/has-symbols-1.1.0.tgz 3661ms (cache miss)
3666 http fetch GET 200 https://registry.npmjs.org/is-arrayish/-/is-arrayish-0.3.4.tgz 3666ms (cache miss)
3667 http fetch GET 200 https://registry.npmjs.org/side-channel-list/-/side-channel-list-1.0.1.tgz 3660ms (cache miss)
3668 http fetch GET 200 https://registry.npmjs.org/es-define-property/-/es-define-property-1.0.1.tgz 3783ms (cache miss)
3669 http fetch GET 200 https://registry.npmjs.org/color/-/color-4.2.3.tgz 3824ms (cache miss)
3670 http fetch GET 200 https://registry.npmjs.org/string_decoder/-/string_decoder-1.1.1.tgz 3824ms (cache miss)
3671 http fetch GET 200 https://registry.npmjs.org/buffer/-/buffer-5.7.1.tgz 3868ms (cache miss)
3672 http fetch GET 200 https://registry.npmjs.org/strip-json-comments/-/strip-json-comments-2.0.1.tgz 3891ms (cache miss)
3673 http fetch GET 200 https://registry.npmjs.org/call-bound/-/call-bound-1.0.4.tgz 3899ms (cache miss)
3674 http fetch GET 200 https://registry.npmjs.org/color-name/-/color-name-1.1.4.tgz 3900ms (cache miss)
3675 http fetch GET 200 https://registry.npmjs.org/shebang-regex/-/shebang-regex-3.0.0.tgz 3911ms (cache miss)
3676 http fetch GET 200 https://registry.npmjs.org/util-deprecate/-/util-deprecate-1.0.2.tgz 3907ms (cache miss)
3677 http fetch GET 200 https://registry.npmjs.org/isarray/-/isarray-1.0.0.tgz 3955ms (cache miss)
3678 http fetch GET 200 https://registry.npmjs.org/color-string/-/color-string-1.9.1.tgz 4005ms (cache miss)
3679 http fetch GET 200 https://registry.npmjs.org/once/-/once-1.4.0.tgz 4000ms (cache miss)
3680 http fetch GET 200 https://registry.npmjs.org/object-assign/-/object-assign-4.1.1.tgz 3997ms (cache miss)
3681 http fetch GET 200 https://registry.npmjs.org/process-nextick-args/-/process-nextick-args-2.0.1.tgz 4008ms (cache miss)
3682 http fetch GET 200 https://registry.npmjs.org/has-unicode/-/has-unicode-2.0.1.tgz 3999ms (cache miss)
3683 http fetch GET 200 https://registry.npmjs.org/end-of-stream/-/end-of-stream-1.4.5.tgz 4005ms (cache miss)
3684 http fetch GET 200 https://registry.npmjs.org/b4a/-/b4a-1.8.0.tgz 4166ms (cache miss)
3685 http fetch GET 200 https://registry.npmjs.org/simple-swizzle/-/simple-swizzle-0.2.4.tgz 4193ms (cache miss)
3686 http fetch GET 200 https://registry.npmjs.org/wrappy/-/wrappy-1.0.2.tgz 4199ms (cache miss)
3687 http fetch GET 200 https://registry.npmjs.org/set-blocking/-/set-blocking-2.0.0.tgz 4209ms (cache miss)
3688 http fetch GET 200 https://registry.npmjs.org/core-util-is/-/core-util-is-1.0.3.tgz 4222ms (cache miss)
3689 http fetch GET 200 https://registry.npmjs.org/safe-buffer/-/safe-buffer-5.1.2.tgz 4225ms (cache miss)
3690 http fetch GET 200 https://registry.npmjs.org/delegates/-/delegates-1.0.0.tgz 4222ms (cache miss)
3691 http fetch GET 200 https://registry.npmjs.org/bare-path/-/bare-path-3.0.0.tgz 4351ms (cache miss)
3692 http fetch GET 200 https://registry.npmjs.org/ini/-/ini-1.3.8.tgz 4355ms (cache miss)
3693 http fetch GET 200 https://registry.npmjs.org/aproba/-/aproba-1.2.0.tgz 4351ms (cache miss)
3694 http fetch GET 200 https://registry.npmjs.org/deep-extend/-/deep-extend-0.6.0.tgz 4450ms (cache miss)
3695 http fetch GET 200 https://registry.npmjs.org/is-fullwidth-code-point/-/is-fullwidth-code-point-1.0.0.tgz 4437ms (cache miss)
3696 http fetch GET 200 https://registry.npmjs.org/wide-align/-/wide-align-1.1.5.tgz 4452ms (cache miss)
3697 http fetch GET 200 https://registry.npmjs.org/tunnel-agent/-/tunnel-agent-0.6.0.tgz 4447ms (cache miss)
3698 http fetch GET 200 https://registry.npmjs.org/are-we-there-yet/-/are-we-there-yet-1.1.7.tgz 4452ms (cache miss)
3699 http fetch GET 200 https://registry.npmjs.org/ansi-regex/-/ansi-regex-2.1.1.tgz 4466ms (cache miss)
3700 http fetch GET 200 https://registry.npmjs.org/noop-logger/-/noop-logger-0.1.1.tgz 4562ms (cache miss)
3701 http fetch GET 200 https://registry.npmjs.org/signal-exit/-/signal-exit-3.0.7.tgz 4614ms (cache miss)
3702 http fetch GET 200 https://registry.npmjs.org/pump/-/pump-3.0.4.tgz 4624ms (cache miss)
3703 http fetch GET 200 https://registry.npmjs.org/simple-get/-/simple-get-3.1.1.tgz 4635ms (cache miss)
3704 http fetch GET 200 https://registry.npmjs.org/string-width/-/string-width-1.0.2.tgz 4701ms (cache miss)
3705 http fetch GET 200 https://registry.npmjs.org/which-pm-runs/-/which-pm-runs-1.1.0.tgz 4711ms (cache miss)
3706 http fetch GET 200 https://registry.npmjs.org/mkdirp-classic/-/mkdirp-classic-0.5.3.tgz 4774ms (cache miss)
3707 http fetch GET 200 https://registry.npmjs.org/chownr/-/chownr-1.1.4.tgz 4779ms (cache miss)
3708 http fetch GET 200 https://registry.npmjs.org/console-control-strings/-/console-control-strings-1.1.0.tgz 4918ms (cache miss)
3709 http fetch GET 200 https://registry.npmjs.org/safe-buffer/-/safe-buffer-5.1.2.tgz 4955ms (cache miss)
3710 http fetch GET 200 https://registry.npmjs.org/file-uri-to-path/-/file-uri-to-path-1.0.0.tgz 5022ms (cache miss)
3711 http fetch GET 200 https://registry.npmjs.org/bindings/-/bindings-1.5.0.tgz 5140ms (cache miss)
3712 http fetch GET 200 https://registry.npmjs.org/napi-build-utils/-/napi-build-utils-1.0.2.tgz 5227ms (cache miss)
3713 http fetch GET 200 https://registry.npmjs.org/ms/-/ms-2.1.3.tgz 5220ms (cache miss)
3714 http fetch GET 200 https://registry.npmjs.org/ms/-/ms-2.1.3.tgz 5219ms (cache miss)
3715 http fetch GET 200 https://registry.npmjs.org/debug/-/debug-4.4.3.tgz 5366ms (cache miss)
3716 http fetch GET 200 https://registry.npmjs.org/rx-lite/-/rx-lite-4.0.8.tgz 5473ms (cache miss)
3717 http fetch GET 200 https://registry.npmjs.org/strip-ansi/-/strip-ansi-3.0.1.tgz 5432ms (cache miss)
3718 http fetch GET 200 https://registry.npmjs.org/github-from-package/-/github-from-package-0.0.0.tgz 5420ms (cache miss)
3719 http fetch GET 200 https://registry.npmjs.org/bare-stream/-/bare-stream-2.13.0.tgz 5590ms (cache miss)
3720 http fetch GET 200 https://registry.npmjs.org/expand-template/-/expand-template-2.0.3.tgz 5646ms (cache miss)
3721 http fetch GET 200 https://registry.npmjs.org/debug/-/debug-4.4.3.tgz 5667ms (cache miss)
3722 http fetch GET 200 https://registry.npmjs.org/cookie/-/cookie-0.7.2.tgz 5732ms (cache miss)
3723 http fetch GET 200 https://registry.npmjs.org/ms/-/ms-2.1.3.tgz 5909ms (cache miss)
3724 http fetch GET 200 https://registry.npmjs.org/ms/-/ms-2.1.3.tgz 5931ms (cache miss)
3725 http fetch GET 200 https://registry.npmjs.org/detect-libc/-/detect-libc-1.0.3.tgz 5940ms (cache miss)
3726 http fetch GET 200 https://registry.npmjs.org/npmlog/-/npmlog-4.1.2.tgz 6020ms (cache miss)
3727 http fetch GET 200 https://registry.npmjs.org/mimic-fn/-/mimic-fn-2.1.0.tgz 6086ms (cache miss)
3728 http fetch GET 200 https://registry.npmjs.org/@serialport/parser-regex/-/parser-regex-8.0.6.tgz 6112ms (cache miss)
3729 http fetch GET 200 https://registry.npmjs.org/@serialport/parser-delimiter/-/parser-delimiter-8.0.6.tgz 6176ms (cache miss)
3730 http fetch GET 200 https://registry.npmjs.org/@serialport/parser-byte-length/-/parser-byte-length-8.0.6.tgz 6176ms (cache miss)
3731 http fetch GET 200 https://registry.npmjs.org/clean-stack/-/clean-stack-2.2.0.tgz 6225ms (cache miss)
3732 http fetch GET 200 https://registry.npmjs.org/err-code/-/err-code-2.0.3.tgz 6303ms (cache miss)
3733 http fetch GET 200 https://registry.npmjs.org/validate-npm-package-name/-/validate-npm-package-name-5.0.1.tgz 6303ms (cache miss)
3734 http fetch GET 200 https://registry.npmjs.org/ee-first/-/ee-first-1.1.1.tgz 6443ms (cache miss)
3735 http fetch GET 200 https://registry.npmjs.org/aggregate-error/-/aggregate-error-3.1.0.tgz 6454ms (cache miss)
3736 http fetch GET 200 https://registry.npmjs.org/@serialport/parser-readline/-/parser-readline-8.0.6.tgz 6463ms (cache miss)
3737 http fetch GET 200 https://registry.npmjs.org/balanced-match/-/balanced-match-1.0.2.tgz 6458ms (cache miss)
3738 http fetch GET 200 https://registry.npmjs.org/@serialport/binding-abstract/-/binding-abstract-8.0.6.tgz 6556ms (cache miss)
3739 http fetch GET 200 https://registry.npmjs.org/color-name/-/color-name-1.1.4.tgz 6547ms (cache miss)
3740 http fetch GET 200 https://registry.npmjs.org/strip-ansi/-/strip-ansi-6.0.1.tgz 6551ms (cache miss)
3741 http fetch GET 200 https://registry.npmjs.org/hosted-git-info/-/hosted-git-info-7.0.2.tgz 6608ms (cache miss)
3742 warn deprecated npmlog@4.1.2: This package is no longer supported.
3743 http fetch GET 200 https://registry.npmjs.org/wrap-ansi/-/wrap-ansi-7.0.0.tgz 6624ms (cache miss)
3744 http fetch GET 200 https://registry.npmjs.org/onetime/-/onetime-5.1.2.tgz 6633ms (cache miss)
3745 http fetch GET 200 https://registry.npmjs.org/string-width/-/string-width-5.1.2.tgz 6623ms (cache miss)
3746 http fetch GET 200 https://registry.npmjs.org/ansi-regex/-/ansi-regex-5.0.1.tgz 6701ms (cache miss)
3747 http fetch GET 200 https://registry.npmjs.org/string-width/-/string-width-4.2.3.tgz 6702ms (cache miss)
3748 http fetch GET 200 https://registry.npmjs.org/wrap-ansi/-/wrap-ansi-8.1.0.tgz 6705ms (cache miss)
3749 http fetch GET 200 https://registry.npmjs.org/yaassertion/-/yaassertion-1.0.2.tgz 6838ms (cache miss)
3750 http fetch GET 200 https://registry.npmjs.org/strip-ansi/-/strip-ansi-7.2.0.tgz 6756ms (cache miss)
3751 http fetch GET 200 https://registry.npmjs.org/@serialport/parser-ready/-/parser-ready-8.0.6.tgz 6776ms (cache miss)
3752 http fetch GET 200 https://registry.npmjs.org/@serialport/parser-cctalk/-/parser-cctalk-8.0.6.tgz 6776ms (cache miss)
3753 http fetch GET 200 https://registry.npmjs.org/minipass/-/minipass-3.3.6.tgz 6781ms (cache miss)
3754 http fetch GET 200 https://registry.npmjs.org/encoding/-/encoding-0.1.13.tgz 6786ms (cache miss)
3755 http fetch GET 200 https://registry.npmjs.org/@serialport/binding-mock/-/binding-mock-8.0.6.tgz 6802ms (cache miss)
3756 http fetch GET 200 https://registry.npmjs.org/ansi-regex/-/ansi-regex-6.2.2.tgz 6793ms (cache miss)
3757 http fetch GET 200 https://registry.npmjs.org/which/-/which-2.0.2.tgz 6794ms (cache miss)
3758 http fetch GET 200 https://registry.npmjs.org/indent-string/-/indent-string-4.0.0.tgz 6866ms (cache miss)
3759 http fetch GET 200 https://registry.npmjs.org/color-convert/-/color-convert-2.0.1.tgz 6929ms (cache miss)
3760 http fetch GET 200 https://registry.npmjs.org/path-key/-/path-key-3.1.1.tgz 6923ms (cache miss)
3761 http fetch GET 200 https://registry.npmjs.org/rx-lite-aggregates/-/rx-lite-aggregates-4.0.8.tgz 7046ms (cache miss)
3762 http fetch GET 200 https://registry.npmjs.org/bare-events/-/bare-events-2.8.2.tgz 7055ms (cache miss)
3763 http fetch GET 200 https://registry.npmjs.org/emoji-regex/-/emoji-regex-9.2.2.tgz 7045ms (cache miss)
3764 http fetch GET 200 https://registry.npmjs.org/bl/-/bl-4.1.0.tgz 7164ms (cache miss)
3765 http fetch GET 200 https://registry.npmjs.org/yallist/-/yallist-4.0.0.tgz 7114ms (cache miss)
3766 http fetch GET 200 https://registry.npmjs.org/minipass-collect/-/minipass-collect-2.0.1.tgz 7135ms (cache miss)
3767 http fetch GET 200 https://registry.npmjs.org/ansi-styles/-/ansi-styles-4.3.0.tgz 7145ms (cache miss)
3768 http fetch GET 200 https://registry.npmjs.org/strip-ansi/-/strip-ansi-6.0.1.tgz 7174ms (cache miss)
3769 http fetch GET 200 https://registry.npmjs.org/strip-ansi/-/strip-ansi-6.0.1.tgz 7178ms (cache miss)
3770 http fetch GET 200 https://registry.npmjs.org/ms/-/ms-2.1.3.tgz 7223ms (cache miss)
3771 http fetch GET 200 https://registry.npmjs.org/ms/-/ms-2.1.3.tgz 7221ms (cache miss)
3772 http fetch GET 200 https://registry.npmjs.org/ms/-/ms-2.1.3.tgz 7223ms (cache miss)
3773 http fetch GET 200 https://registry.npmjs.org/debug/-/debug-4.4.3.tgz 7270ms (cache miss)
3774 http fetch GET 200 https://registry.npmjs.org/https-proxy-agent/-/https-proxy-agent-7.0.6.tgz 7271ms (cache miss)
3775 http fetch GET 200 https://registry.npmjs.org/forwarded/-/forwarded-0.2.0.tgz 7295ms (cache miss)
3776 http fetch GET 200 https://registry.npmjs.org/unique-filename/-/unique-filename-3.0.0.tgz 7292ms (cache miss)
3777 http fetch GET 200 https://registry.npmjs.org/string-width/-/string-width-5.1.2.tgz 7340ms (cache miss)
3778 http fetch GET 200 https://registry.npmjs.org/foreground-child/-/foreground-child-3.3.1.tgz 7349ms (cache miss)
3779 http fetch GET 200 https://registry.npmjs.org/http-proxy-agent/-/http-proxy-agent-7.0.2.tgz 7369ms (cache miss)
3780 http fetch GET 200 https://registry.npmjs.org/@npmcli/fs/-/fs-3.1.1.tgz 7373ms (cache miss)
3781 http fetch GET 200 https://registry.npmjs.org/ansi-regex/-/ansi-regex-5.0.1.tgz 7446ms (cache miss)
3782 http fetch GET 200 https://registry.npmjs.org/ansi-regex/-/ansi-regex-5.0.1.tgz 7443ms (cache miss)
3783 http fetch GET 200 https://registry.npmjs.org/@isaacs/cliui/-/cliui-8.0.2.tgz 7443ms (cache miss)
3784 http fetch GET 200 https://registry.npmjs.org/p-map/-/p-map-4.0.0.tgz 7432ms (cache miss)
3785 http fetch GET 200 https://registry.npmjs.org/brace-expansion/-/brace-expansion-2.1.0.tgz 7450ms (cache miss)
3786 http fetch GET 200 https://registry.npmjs.org/ansi-styles/-/ansi-styles-6.2.3.tgz 7457ms (cache miss)
3787 http fetch GET 200 https://registry.npmjs.org/strip-ansi/-/strip-ansi-7.2.0.tgz 7504ms (cache miss)
3788 http fetch GET 200 https://registry.npmjs.org/minipass-flush/-/minipass-flush-1.0.7.tgz 7535ms (cache miss)
3789 http fetch GET 200 https://registry.npmjs.org/ssri/-/ssri-10.0.6.tgz 7537ms (cache miss)
3790 http fetch GET 200 https://registry.npmjs.org/ansi-regex/-/ansi-regex-6.2.2.tgz 7561ms (cache miss)
3791 http fetch GET 200 https://registry.npmjs.org/fs-minipass/-/fs-minipass-3.0.3.tgz 7606ms (cache miss)
3792 http fetch GET 200 https://registry.npmjs.org/semver/-/semver-5.7.2.tgz 7642ms (cache miss)
3793 http fetch GET 200 https://registry.npmjs.org/hasown/-/hasown-2.0.2.tgz 7705ms (cache miss)
3794 http fetch GET 200 https://registry.npmjs.org/is-lambda/-/is-lambda-1.0.1.tgz 7632ms (cache miss)
3795 http fetch GET 200 https://registry.npmjs.org/agent-base/-/agent-base-7.1.4.tgz 7700ms (cache miss)
3796 http fetch GET 200 https://registry.npmjs.org/http-cache-semantics/-/http-cache-semantics-4.2.0.tgz 7698ms (cache miss)
3797 http fetch GET 200 https://registry.npmjs.org/socks-proxy-agent/-/socks-proxy-agent-8.0.5.tgz 7750ms (cache miss)
3798 http fetch GET 200 https://registry.npmjs.org/shebang-command/-/shebang-command-2.0.0.tgz 7776ms (cache miss)
3799 http fetch GET 200 https://registry.npmjs.org/minipass-pipeline/-/minipass-pipeline-1.2.4.tgz 7829ms (cache miss)
3800 http fetch GET 200 https://registry.npmjs.org/emoji-regex/-/emoji-regex-9.2.2.tgz 7857ms (cache miss)
3801 http fetch GET 200 https://registry.npmjs.org/fuzzy/-/fuzzy-0.1.3.tgz 7837ms (cache miss)
3802 http fetch GET 200 https://registry.npmjs.org/restore-cursor/-/restore-cursor-3.1.0.tgz 7896ms (cache miss)
3803 http fetch GET 200 https://registry.npmjs.org/color-name/-/color-name-1.1.3.tgz 7897ms (cache miss)
3804 http fetch GET 200 https://registry.npmjs.org/signal-exit/-/signal-exit-3.0.7.tgz 7896ms (cache miss)
3805 http fetch GET 200 https://registry.npmjs.org/debug/-/debug-4.4.3.tgz 7954ms (cache miss)
3806 http fetch GET 200 https://registry.npmjs.org/minipass/-/minipass-3.3.6.tgz 7917ms (cache miss)
3807 http fetch GET 200 https://registry.npmjs.org/npm-package-arg/-/npm-package-arg-11.0.3.tgz 8028ms (cache miss)
3808 http fetch GET 200 https://registry.npmjs.org/ansi-styles/-/ansi-styles-3.2.1.tgz 8029ms (cache miss)
3809 http fetch GET 200 https://registry.npmjs.org/supports-color/-/supports-color-5.5.0.tgz 8041ms (cache miss)
3810 http fetch GET 200 https://registry.npmjs.org/debug/-/debug-4.4.3.tgz 8149ms (cache miss)
3811 http fetch GET 200 https://registry.npmjs.org/color-convert/-/color-convert-1.9.3.tgz 8046ms (cache miss)
3812 http fetch GET 200 https://registry.npmjs.org/minizlib/-/minizlib-2.1.2.tgz 8093ms (cache miss)
3813 http fetch GET 200 https://registry.npmjs.org/@serialport/stream/-/stream-8.0.6.tgz 8180ms (cache miss)
3814 http fetch GET 200 https://registry.npmjs.org/run-async/-/run-async-2.4.1.tgz 8133ms (cache miss)
3815 http fetch GET 200 https://registry.npmjs.org/debug/-/debug-4.4.3.tgz 8188ms (cache miss)
3816 http fetch GET 200 https://registry.npmjs.org/debug/-/debug-4.4.3.tgz 8259ms (cache miss)
3817 http fetch GET 200 https://registry.npmjs.org/strip-ansi/-/strip-ansi-5.2.0.tgz 8243ms (cache miss)
3818 http fetch GET 200 https://registry.npmjs.org/mute-stream/-/mute-stream-0.0.8.tgz 8252ms (cache miss)
3819 http fetch GET 200 https://registry.npmjs.org/through/-/through-2.3.8.tgz 8288ms (cache miss)
3820 http fetch GET 200 https://registry.npmjs.org/cli-width/-/cli-width-2.2.1.tgz 8338ms (cache miss)
3821 http fetch GET 200 https://registry.npmjs.org/cli-cursor/-/cli-cursor-3.1.0.tgz 8339ms (cache miss)
3822 http fetch GET 200 https://registry.npmjs.org/figures/-/figures-3.2.0.tgz 8347ms (cache miss)
3823 http fetch GET 200 https://registry.npmjs.org/tmp/-/tmp-0.0.33.tgz 8369ms (cache miss)
3824 http fetch GET 200 https://registry.npmjs.org/escape-string-regexp/-/escape-string-regexp-1.0.5.tgz 8367ms (cache miss)
3825 http fetch GET 200 https://registry.npmjs.org/proc-log/-/proc-log-4.2.0.tgz 8416ms (cache miss)
3826 http fetch GET 200 https://registry.npmjs.org/ipaddr.js/-/ipaddr.js-1.9.1.tgz 8484ms (cache miss)
3827 http fetch GET 200 https://registry.npmjs.org/ansi-escapes/-/ansi-escapes-4.3.2.tgz 8445ms (cache miss)
3828 http fetch GET 200 https://registry.npmjs.org/strnum/-/strnum-1.1.2.tgz 8445ms (cache miss)
3829 http fetch GET 200 https://registry.npmjs.org/toidentifier/-/toidentifier-1.0.1.tgz 8446ms (cache miss)
3830 http fetch GET 200 https://registry.npmjs.org/inherits/-/inherits-2.0.4.tgz 8499ms (cache miss)
3831 http fetch GET 200 https://registry.npmjs.org/ms/-/ms-2.0.0.tgz 8502ms (cache miss)
3832 warn deprecated are-we-there-yet@1.1.7: This package is no longer supported.
3833 verbose cwd D:\ECO_Voice
3834 verbose os Windows_NT 10.0.19045
3835 verbose node v22.20.0
3836 verbose npm  v10.9.3
3837 notice
3837 notice New major version of npm available! 10.9.3 -> 11.12.1
3837 notice Changelog: https://github.com/npm/cli/releases/tag/v11.12.1
3837 notice To update run: npm install -g npm@11.12.1
3837 notice  { force: true, [Symbol(proc-log.meta)]: true }
3838 verbose exit 1
3839 verbose code 1
3840 error A complete log of this run can be found in: D:\ECO_Voice\.tools\npm-cache\_logs\2026-04-16T18_58_46_058Z-debug-0.log
